scandatum;scanzeit;messpunkt;messpunktname;tour;dispogebiet;sendungen;colli;gewicht;ladezeit
2026-02-01;00:00;MP4a;Sonderausgang;2879128T;WAB NV - großer NV;2;3;242.0;
2026-02-01;00:00;MP4a;Sonderausgang;2880968T;WAB NV - großer NV;6;12;3976.0;
2026-02-01;00:00;MP5;SE Entladung FV;;;148;1160;149394.6;
2026-02-01;00:00;MP7;SA Verladung FV;2879054T;WAB NV - großer NV;1;49;8351.0;
2026-02-01;00:00;MP7;SA Verladung FV;2879128T;WAB NV - großer NV;1;1;25.0;
2026-02-01;00:00;MP7;SA Verladung FV;2880241T;WAB NV - großer NV;1;9;2373.0;
2026-02-02;00:00;MP2;Nat. Eingang;;;7;64;6413.8;
2026-02-02;00:00;MP2;Nat. Eingang;2878182T;WAB NV - Abholer;1;2;494.1;
2026-02-02;00:00;MP2;Nat. Eingang;2878602T;NV DS Transporte;2;201;12297.0;
2026-02-02;00:00;MP2;Nat. Eingang;2878603T;NV Fischer;6;10;834.0;
2026-02-02;00:00;MP2;Nat. Eingang;2878604T;NV Fischer;2;2;260.0;
2026-02-02;00:00;MP2;Nat. Eingang;2878605T;NV Fischer;7;42;5672.0;
2026-02-02;00:00;MP2;Nat. Eingang;2878606T;NV Fischer;10;15;1580.0;
2026-02-02;00:00;MP2;Nat. Eingang;2878607T;NV Fischer;5;10;1479.0;
2026-02-02;00:00;MP2;Nat. Eingang;2878608T;NV DS Transporte;18;435;6092.2;
2026-02-02;00:00;MP2;Nat. Eingang;2878611T;NV Strauss;4;4;616.0;
2026-02-02;00:00;MP2;Nat. Eingang;2878615T;NV Strauss;2;2;340.0;
2026-02-02;00:00;MP2;Nat. Eingang;2878619T;NV Strauss;8;11;1113.0;
2026-02-02;00:00;MP2;Nat. Eingang;2878620T;NV DS Transporte;1;9;1419.0;
2026-02-02;00:00;MP2;Nat. Eingang;2878621T;NV DS Transporte;4;4;1351.0;
2026-02-02;00:00;MP2;Nat. Eingang;2878623T;NV AS Transporte;9;30;2074.0;
2026-02-02;00:00;MP2;Nat. Eingang;2878649T;NV DS Transporte;5;25;3506.0;
2026-02-02;00:00;MP2;Nat. Eingang;2878650T;NV Strauss;2;2;111.0;
2026-02-02;00:00;MP2;Nat. Eingang;2878651T;NV Strauss;2;5;691.0;
2026-02-02;00:00;MP2;Nat. Eingang;2878652T;NV DS Transporte;1;1;35.0;
2026-02-02;00:00;MP2;Nat. Eingang;2878654T;NV DS Transporte;10;24;7149.3;
2026-02-02;00:00;MP2;Nat. Eingang;2878655T;NV DS Transporte;3;3;1335.0;
2026-02-02;00:00;MP2;Nat. Eingang;2878658T;NV DS Transporte;1;1;186.0;
2026-02-02;00:00;MP2;Nat. Eingang;2878659T;NV Ciortan;3;3;968.0;
2026-02-02;00:00;MP2;Nat. Eingang;2878662T;NV Ciortan;5;5;304.0;
2026-02-02;00:00;MP2;Nat. Eingang;2878663T;NV AS Transporte;1;4;220.0;
2026-02-02;00:00;MP2;Nat. Eingang;2878664T;NV AS Transporte;8;36;2459.0;
2026-02-02;00:00;MP2;Nat. Eingang;2878665T;NV AS Transporte;11;25;2423.6;
2026-02-02;00:00;MP2;Nat. Eingang;2878668T;NV DS Transporte;6;9;666.0;
2026-02-02;00:00;MP2;Nat. Eingang;2878670T;NV DS Transporte;3;12;1080.0;
2026-02-02;00:00;MP2;Nat. Eingang;2878673T;NV AS Transporte;2;2;250.0;
2026-02-02;00:00;MP2;Nat. Eingang;2878676T;NV AS Transporte;1;4;180.0;
2026-02-02;00:00;MP2;Nat. Eingang;2878678T;NV AS Transporte;2;2;190.0;
2026-02-02;00:00;MP2;Nat. Eingang;2878681T;NV Tiroch;11;13;1050.0;
2026-02-02;00:00;MP2;Nat. Eingang;2878682T;NV Tiroch;7;10;671.0;
2026-02-02;00:00;MP2;Nat. Eingang;2878683T;NV Tiroch;6;17;6009.0;
2026-02-02;00:00;MP2;Nat. Eingang;2878688T;NV Tiroch;7;13;2827.0;
2026-02-02;00:00;MP2;Nat. Eingang;2878689T;NV Tiroch;8;19;3300.0;
2026-02-02;00:00;MP2;Nat. Eingang;2878693T;NV AS Transporte;1;1;21.0;
2026-02-02;00:00;MP2;Nat. Eingang;2878694T;NV AS Transporte;4;7;1694.0;
2026-02-02;00:00;MP2;Nat. Eingang;2878711T;NV Alexandru;6;14;1183.0;
2026-02-02;00:00;MP2;Nat. Eingang;2878714T;NV Strauss;2;2;140.0;
2026-02-02;00:00;MP2;Nat. Eingang;2878723T;NV AS Transporte;5;37;15829.0;
2026-02-02;00:00;MP2;Nat. Eingang;2878724T;NV Bogos Transporte;4;39;1940.0;
2026-02-02;00:00;MP2;Nat. Eingang;2878726T;NV Bogos Transporte;4;7;2090.8;
2026-02-02;00:00;MP2;Nat. Eingang;2878728T;NV Bogos Transporte;6;14;1557.0;
2026-02-02;00:00;MP2;Nat. Eingang;2878730T;NV VP Logistik;4;4;311.0;
2026-02-02;00:00;MP2;Nat. Eingang;2878731T;NV VP Logistik;7;16;4827.0;
2026-02-02;00:00;MP2;Nat. Eingang;2878733T;NV VP Logistik;1;1;680.0;
2026-02-02;00:00;MP2;Nat. Eingang;2878737T;NV Tuncay;6;6;712.0;
2026-02-02;00:00;MP2;Nat. Eingang;2878738T;NV Tuncay;2;5;1800.0;
2026-02-02;00:00;MP2;Nat. Eingang;2878739T;NV Guth;7;7;981.0;
2026-02-02;00:00;MP2;Nat. Eingang;2878740T;NV Guth;4;4;804.0;
2026-02-02;00:00;MP2;Nat. Eingang;2878742T;NV VP Logistik;7;7;820.0;
2026-02-02;00:00;MP2;Nat. Eingang;2878744T;NV Silagi;2;2;372.0;
2026-02-02;00:00;MP2;Nat. Eingang;2878945T;Hofmanagement;3;6;1521.0;
2026-02-02;00:00;MP2;Nat. Eingang;2878979T;NV AS Transporte;6;51;13990.0;
2026-02-02;00:00;MP2;Nat. Eingang;2878981T;NV AS Transporte;10;29;8412.0;
2026-02-02;00:00;MP2;Nat. Eingang;2878983T;NV Ciortan;4;7;549.0;
2026-02-02;00:00;MP2;Nat. Eingang;2878985T;NV Ciortan;3;26;6661.0;
2026-02-02;00:00;MP2;Nat. Eingang;2878992T;WAB NV - Abholer;8;8;781.0;
2026-02-02;00:00;MP2;Nat. Eingang;2879002T;WAB NV - Abholer;22;244;8092.5;
2026-02-02;00:00;MP2;Nat. Eingang;2879024T;WAB NV - Abholer;9;9;1890.7;
2026-02-02;00:00;MP2;Nat. Eingang;2879034T;WAB NV - Abholer;16;47;23895.9;
2026-02-02;00:00;MP2;Nat. Eingang;2879046T;WAB NV - Abholer;27;36;14377.0;
2026-02-02;00:00;MP2;Nat. Eingang;2879056T;WAB NV - Abholer;31;31;7489.0;
2026-02-02;00:00;MP2;Nat. Eingang;2879060T;WAB NV - Abholer;7;29;2059.9;
2026-02-02;00:00;MP2;Nat. Eingang;2879066T;WAB NV - Abholer;32;78;2937.5;
2026-02-02;00:00;MP2;Nat. Eingang;2879076T;WAB NV - Abholer;16;16;2454.0;
2026-02-02;00:00;MP2;Nat. Eingang;2879082T;WAB NV - Abholer;10;103;10920.0;
2026-02-02;00:00;MP2;Nat. Eingang;2879090T;WAB NV - erweitert;3;3;310.8;
2026-02-02;00:00;MP2;Nat. Eingang;2879096T;WAB NV - Abholer;27;55;12125.0;
2026-02-02;00:00;MP2;Nat. Eingang;2879106T;WAB NV - erweitert;1;1;150.0;
2026-02-02;00:00;MP2;Nat. Eingang;2879110T;WAB NV - Abholer;18;24;3090.0;
2026-02-02;00:00;MP2;Nat. Eingang;2879120T;WAB NV - Abholer;19;51;18723.5;
2026-02-02;00:00;MP2;Nat. Eingang;2879130T;WAB NV - Abholer;14;77;4076.3;
2026-02-02;00:00;MP2;Nat. Eingang;2879140T;WAB NV - Abholer;12;24;16247.0;
2026-02-02;00:00;MP2;Nat. Eingang;2879150T;WAB NV - Abholer;11;28;14403.0;
2026-02-02;00:00;MP2;Nat. Eingang;2879166T;WAB NV - Abholer;3;341;68504.0;
2026-02-02;00:00;MP2;Nat. Eingang;2879170T;WAB NV - Abholer;21;43;10737.0;
2026-02-02;00:00;MP2;Nat. Eingang;2879210T;WAB NV - Abholer;14;58;18045.0;
2026-02-02;00:00;MP2;Nat. Eingang;2879236T;WAB NV - Abholer;4;21;11705.0;
2026-02-02;00:00;MP2;Nat. Eingang;2879250T;WAB NV - Abholer;4;25;12687.0;
2026-02-02;00:00;MP2;Nat. Eingang;2879270T;WAB NV - Abholer;33;66;10199.1;
2026-02-02;00:00;MP2;Nat. Eingang;2879276T;WAB NV - Abholer;7;62;18145.0;
2026-02-02;00:00;MP2;Nat. Eingang;2879280T;WAB NV - Abholer;18;221;20701.0;
2026-02-02;00:00;MP2;Nat. Eingang;2879284T;Sonderfahrten;1;1;95.0;
2026-02-02;00:00;MP2;Nat. Eingang;2879331T;NV Ciortan;4;12;158.0;
2026-02-02;00:00;MP2;Nat. Eingang;2879343T;NV Yeritsyan;2;2;94.0;
2026-02-02;00:00;MP2;Nat. Eingang;2879345T;NV Yeritsyan;2;18;612.0;
2026-02-02;00:00;MP2;Nat. Eingang;2879346T;NV Yeritsyan;6;54;2747.0;
2026-02-02;00:00;MP2;Nat. Eingang;2879363T;WAB NV - Abholer;24;27;6546.0;
2026-02-02;00:00;MP2;Nat. Eingang;2879365T;WAB NV - Abholer;19;77;7896.9;
2026-02-02;00:00;MP2;Nat. Eingang;2879372T;WAB NV - Abholer;25;150;33171.9;
2026-02-02;00:00;MP2;Nat. Eingang;2879376T;WAB NV - Abholer;23;86;14706.9;
2026-02-02;00:00;MP2;Nat. Eingang;2879390T;WAB NV - Abholer;45;45;6032.8;
2026-02-02;00:00;MP2;Nat. Eingang;2879392T;WAB NV - Abholer;23;39;15569.7;
2026-02-02;00:00;MP2;Nat. Eingang;2879397T;WAB NV - Abholer;43;46;6230.6;
2026-02-02;00:00;MP2;Nat. Eingang;2879416T;WAB NV - Abholer;21;124;10142.0;
2026-02-02;00:00;MP2;Nat. Eingang;2879426T;WAB NV - Abholer;8;190;27248.3;
2026-02-02;00:00;MP2;Nat. Eingang;2879428T;WAB NV - Abholer;14;121;12150.7;
2026-02-02;00:00;MP2;Nat. Eingang;2879430T;WAB NV - Abholer;15;15;750.9;
2026-02-02;00:00;MP2;Nat. Eingang;2879442T;WAB NV - Abholer;25;90;29536.0;
2026-02-02;00:00;MP2;Nat. Eingang;2879444T;WAB NV - Abholer;22;89;37320.8;
2026-02-02;00:00;MP2;Nat. Eingang;2879446T;WAB NV - Abholer;27;66;18727.7;
2026-02-02;00:00;MP2;Nat. Eingang;2879452T;WAB NV - Abholer;3;104;20000.0;
2026-02-02;00:00;MP2;Nat. Eingang;2879468T;WAB NV - Abholer;17;71;53021.0;
2026-02-02;00:00;MP2;Nat. Eingang;2879502T;NV AS Transporte;9;35;5736.0;
2026-02-02;00:00;MP2;Nat. Eingang;2879504T;NV Yeritsyan;3;3;957.0;
2026-02-02;00:00;MP2;Nat. Eingang;2879523T;NV Yeritsyan;2;19;780.0;
2026-02-02;00:00;MP2;Nat. Eingang;2879527T;NV LT Trans;2;10;1691.0;
2026-02-02;00:00;MP2;Nat. Eingang;2879528T;NV LT Trans;5;8;1600.0;
2026-02-02;00:00;MP2;Nat. Eingang;2879529T;NV LT Trans;4;15;1050.0;
2026-02-02;00:00;MP2;Nat. Eingang;2879531T;NV LT Trans;4;18;4959.6;
2026-02-02;00:00;MP2;Nat. Eingang;2879533T;NV LT Trans;4;85;6247.2;
2026-02-02;00:00;MP2;Nat. Eingang;2879535T;NV Silagi;1;1;70.0;
2026-02-02;00:00;MP2;Nat. Eingang;2879536T;NV Silagi;8;11;2215.0;
2026-02-02;00:00;MP2;Nat. Eingang;2879540T;Sonderfahrten;3;9;2825.0;
2026-02-02;00:00;MP2;Nat. Eingang;2879572T;WAB NV - Abholer;7;100;12902.0;
2026-02-02;00:00;MP2;Nat. Eingang;2879584T;WAB NV - Abholer;21;138;31451.0;
2026-02-02;00:00;MP2;Nat. Eingang;2879592T;NV Silagi;7;10;2370.0;
2026-02-02;00:00;MP2;Nat. Eingang;2879593T;NV Silagi;2;2;706.0;
2026-02-02;00:00;MP2;Nat. Eingang;2879939T;NV AS Transporte;1;1;385.0;
2026-02-02;00:00;MP2;Nat. Eingang;2880836T;NV VP Logistik;1;1;140.0;
2026-02-02;00:00;MP2;Nat. Eingang;2880838T;NV VP Logistik;2;2;235.0;
2026-02-02;00:00;MP2;Nat. Eingang;2880840T;NV Fischer;5;35;7092.0;
2026-02-02;00:00;MP2;Nat. Eingang;2880843T;NV DS Transporte;4;7;478.0;
2026-02-02;00:00;MP2;Nat. Eingang;2880845T;NV Tiroch;4;12;2730.0;
2026-02-02;00:00;MP2;Nat. Eingang;2880849T;NV Tiroch;4;4;615.0;
2026-02-02;00:00;MP2;Nat. Eingang;2880851T;NV AS Transporte;3;3;1575.0;
2026-02-02;00:00;MP2;Nat. Eingang;2880852T;NV DS Transporte;6;6;530.0;
2026-02-02;00:00;MP2;Nat. Eingang;2880858T;NV DS Transporte;9;36;8864.0;
2026-02-02;00:00;MP2;Nat. Eingang;2881895T;NV Yeritsyan;1;1;136.0;
2026-02-02;00:00;MP2;Nat. Eingang;2886000T;WAB NV - Abholer;1;1;29.4;
2026-02-02;00:00;MP4;Nat. Ausgang;;;22;39;4095.6;
2026-02-02;00:00;MP4;Nat. Ausgang;2873701T;Linien Süd;1;3;685.0;
2026-02-02;00:00;MP4;Nat. Ausgang;2875481T;Linien Mitte;1;12;425.4;
2026-02-02;00:00;MP4;Nat. Ausgang;2876314T;Linien Südwest;1;1;35.0;
2026-02-02;00:00;MP4;Nat. Ausgang;2876761T;Linien Ost;1;2;219.0;
2026-02-02;00:00;MP4;Nat. Ausgang;2876781T;Linien Süd;1;1;180.1;
2026-02-02;00:00;MP4;Nat. Ausgang;2877605T;Linien Süd;2;3;46.0;
2026-02-02;00:00;MP4;Nat. Ausgang;2877609T;Linien Süd;1;1;270.4;
2026-02-02;00:00;MP4;Nat. Ausgang;2877613T;Linien Südwest;1;1;2.0;
2026-02-02;00:00;MP4;Nat. Ausgang;2877675T;Fernverkehr AS;1;2;157.1;
2026-02-02;00:00;MP4;Nat. Ausgang;2878029T;Linien Ruhr;2;2;190.5;
2026-02-02;00:00;MP4;Nat. Ausgang;2878039T;Linien Ost;1;12;3408.0;
2026-02-02;00:00;MP4;Nat. Ausgang;2878089T;Linien International;1;5;722.7;
2026-02-02;00:00;MP4;Nat. Ausgang;2878220T;Linien Nord;1;2;108.0;
2026-02-02;00:00;MP4;Nat. Ausgang;2878291T;Linien Ruhr;1;2;693.8;
2026-02-02;00:00;MP4;Nat. Ausgang;2878846T;Linien International;14;20;5461.8;
2026-02-02;00:00;MP4;Nat. Ausgang;2878850T;Linien International;29;55;10803.3;
2026-02-02;00:00;MP4;Nat. Ausgang;2878852T;Linien International;13;55;8130.7;
2026-02-02;00:00;MP4;Nat. Ausgang;2878856T;Linien International;18;105;26092.1;
2026-02-02;00:00;MP4;Nat. Ausgang;2878858T;Linien Mitte;8;195;68570.7;
2026-02-02;00:00;MP4;Nat. Ausgang;2878860T;Linien Süd;14;435;8088.3;
2026-02-02;00:00;MP4;Nat. Ausgang;2878862T;Linien Süd;8;11;2075.8;
2026-02-02;00:00;MP4;Nat. Ausgang;2878864T;Linien Süd;50;81;21977.7;
2026-02-02;00:00;MP4;Nat. Ausgang;2878868T;Linien Süd;28;289;58516.8;
2026-02-02;00:00;MP4;Nat. Ausgang;2878872T;Linien Süd;28;146;24907.7;
2026-02-02;00:00;MP4;Nat. Ausgang;2878874T;Linien Süd;8;84;16495.0;
2026-02-02;00:00;MP4;Nat. Ausgang;2878876T;Linien Südwest;48;178;28211.9;
2026-02-02;00:00;MP4;Nat. Ausgang;2878931T;Fernverkehr AS;35;65;8050.0;
2026-02-02;00:00;MP4;Nat. Ausgang;2878935T;Fernverkehr AS;24;76;9171.2;
2026-02-02;00:00;MP4;Nat. Ausgang;2879285T;Linien Ruhr;33;83;17956.0;
2026-02-02;00:00;MP4;Nat. Ausgang;2879289T;Linien Ruhr;43;197;33629.4;
2026-02-02;00:00;MP4;Nat. Ausgang;2879293T;Linien Ruhr;42;105;13873.3;
2026-02-02;00:00;MP4;Nat. Ausgang;2879297T;Linien Mitte;44;189;22519.2;
2026-02-02;00:00;MP4;Nat. Ausgang;2879301T;Linien Mitte;27;126;13226.7;
2026-02-02;00:00;MP4;Nat. Ausgang;2879303T;Linien Ost;35;61;17559.7;
2026-02-02;00:00;MP4;Nat. Ausgang;2879307T;Linien Südwest;29;89;23537.2;
2026-02-02;00:00;MP4;Nat. Ausgang;2879311T;Linien Südwest;37;271;63159.0;
2026-02-02;00:00;MP4;Nat. Ausgang;2879315T;Linien Süd;61;89;18976.9;
2026-02-02;00:00;MP4;Nat. Ausgang;2879319T;Linien Süd;40;183;29319.5;
2026-02-02;00:00;MP4;Nat. Ausgang;2879323T;Linien Süd;31;72;12624.5;
2026-02-02;00:00;MP4;Nat. Ausgang;2879327T;Linien Ost;24;118;6531.9;
2026-02-02;00:00;MP4;Nat. Ausgang;2879333T;Linien Süd;27;56;15348.4;
2026-02-02;00:00;MP4;Nat. Ausgang;2879337T;Linien Mitte;21;85;16403.8;
2026-02-02;00:00;MP4;Nat. Ausgang;2879341T;Linien Mitte;12;56;10554.0;
2026-02-02;00:00;MP4;Nat. Ausgang;2879347T;Linien Süd;26;134;33364.8;
2026-02-02;00:00;MP4;Nat. Ausgang;2879349T;Linien Südwest;18;83;18799.8;
2026-02-02;00:00;MP4;Nat. Ausgang;2879353T;Linien International;14;126;15460.1;
2026-02-02;00:00;MP4;Nat. Ausgang;2879357T;Linien Ost;23;105;37651.9;
2026-02-02;00:00;MP4;Nat. Ausgang;2879474T;Linien International;40;71;16607.3;
2026-02-02;00:00;MP4;Nat. Ausgang;2879476T;Linien International;7;10;1585.1;
2026-02-02;00:00;MP4;Nat. Ausgang;2879480T;Linien International;2;20;4182.4;
2026-02-02;00:00;MP4;Nat. Ausgang;2879482T;Linien International;6;49;4237.0;
2026-02-02;00:00;MP4;Nat. Ausgang;2879484T;Linien Nord;33;75;13107.1;
2026-02-02;00:00;MP4;Nat. Ausgang;2879488T;Linien Nord;17;31;4240.8;
2026-02-02;00:00;MP4;Nat. Ausgang;2879490T;Linien Süd;29;72;14062.4;
2026-02-02;00:00;MP4;Nat. Ausgang;2879494T;Linien Süd;3;9;3040.0;
2026-02-02;00:00;MP4;Nat. Ausgang;2879496T;Linien Süd;31;73;35069.9;
2026-02-02;00:00;MP4;Nat. Ausgang;2879500T;Linien Süd;6;21;2430.0;
2026-02-02;00:00;MP4;Nat. Ausgang;2879507T;Linien Mitte;35;512;49693.7;
2026-02-02;00:00;MP4;Nat. Ausgang;2879553T;Linien Nord;19;60;42410.0;
2026-02-02;00:00;MP4;Nat. Ausgang;2879555T;Linien Ruhr;16;30;4117.5;
2026-02-02;00:00;MP4;Nat. Ausgang;2879557T;Linien Mitte;24;72;7274.6;
2026-02-02;00:00;MP4;Nat. Ausgang;2879561T;Linien Süd;16;75;14317.6;
2026-02-02;00:00;MP4;Nat. Ausgang;2879565T;Linien Süd;15;108;9233.7;
2026-02-02;00:00;MP4;Nat. Ausgang;2879569T;Linien Süd;5;68;2593.3;
2026-02-02;00:00;MP4;Nat. Ausgang;2880180T;Fernverkehr AS;7;26;10345.7;
2026-02-02;00:00;MP4;Nat. Ausgang;2880184T;Fernverkehr AS;9;29;2038.8;
2026-02-02;00:00;MP4;Nat. Ausgang;2880530T;Linien Ruhr;2;2;489.0;
2026-02-02;00:00;MP4;Nat. Ausgang;2880538T;Linien Mitte;6;28;5834.4;
2026-02-02;00:00;MP4;Nat. Ausgang;2880578T;Linien Mitte;11;31;2782.7;
2026-02-02;00:00;MP4;Nat. Ausgang;2880794T;Linien Nord;21;63;33270.2;
2026-02-02;00:00;MP4;Nat. Ausgang;2880952T;Linien Südwest;28;151;27059.4;
2026-02-02;00:00;MP4;Nat. Ausgang;2881106T;Linien International;1;1;19.0;
2026-02-02;00:00;MP4;Nat. Ausgang;2881889T;Linien Mitte;12;15;4409.0;
2026-02-02;00:00;MP4;Nat. Ausgang;2882236T;Linien International;15;42;7765.0;
2026-02-02;00:00;MP4;Nat. Ausgang;2883466T;WAB NV - großer NV;3;181;18959.0;
2026-02-02;00:00;MP4a;Sonderausgang;2872133T;NV DS Transporte;1;17;971.0;
2026-02-02;00:00;MP4a;Sonderausgang;2872673T;WAB NV - großer NV;1;1;75.0;
2026-02-02;00:00;MP4a;Sonderausgang;2873495T;NV AS Transporte;1;21;840.0;
2026-02-02;00:00;MP4a;Sonderausgang;2874358T;Sonderfahrten;1;4;1477.0;
2026-02-02;00:00;MP4a;Sonderausgang;2874367T;NV Silagi;1;1;58.0;
2026-02-02;00:00;MP4a;Sonderausgang;2874517T;NV Ciortan;1;16;2696.0;
2026-02-02;00:00;MP4a;Sonderausgang;2875749T;NV Tiroch;1;35;1610.0;
2026-02-02;00:00;MP4a;Sonderausgang;2875886T;NV Guth;1;2;800.0;
2026-02-02;00:00;MP4a;Sonderausgang;2876096T;NV Ciortan;1;2;205.0;
2026-02-02;00:00;MP4a;Sonderausgang;2876969T;NV Silagi;1;1;71.0;
2026-02-02;00:00;MP4a;Sonderausgang;2877153T;WAB NV - großer NV;1;1;183.0;
2026-02-02;00:00;MP4a;Sonderausgang;2877347T;NV DS Transporte;1;1;351.0;
2026-02-02;00:00;MP4a;Sonderausgang;2877366T;Fallback;3;7;50.0;
2026-02-02;00:00;MP4a;Sonderausgang;2877368T;Fallback;9;28;2489.0;
2026-02-02;00:00;MP4a;Sonderausgang;2877810T;WAB NV - großer NV;2;2;303.0;
2026-02-02;00:00;MP4a;Sonderausgang;2877816T;WAB NV - großer NV;1;1;238.0;
2026-02-02;00:00;MP4a;Sonderausgang;2878601T;NV DS Transporte;1;1;351.0;
2026-02-02;00:00;MP4a;Sonderausgang;2878603T;NV Fischer;1;1;13.0;
2026-02-02;00:00;MP4a;Sonderausgang;2878604T;NV Fischer;2;2;190.0;
2026-02-02;00:00;MP4a;Sonderausgang;2878605T;NV Fischer;2;5;1030.0;
2026-02-02;00:00;MP4a;Sonderausgang;2878607T;NV Fischer;3;6;2218.0;
2026-02-02;00:00;MP4a;Sonderausgang;2878618T;NV Strauss;1;1;275.0;
2026-02-02;00:00;MP4a;Sonderausgang;2878619T;NV Strauss;2;2;570.0;
2026-02-02;00:00;MP4a;Sonderausgang;2878622T;NV AS Transporte;1;1;237.0;
2026-02-02;00:00;MP4a;Sonderausgang;2878623T;NV AS Transporte;2;2;258.0;
2026-02-02;00:00;MP4a;Sonderausgang;2878629T;Fallback;2;2;570.0;
2026-02-02;00:00;MP4a;Sonderausgang;2878648T;NV DS Transporte;4;15;3701.2;
2026-02-02;00:00;MP4a;Sonderausgang;2878649T;NV DS Transporte;1;1;316.0;
2026-02-02;00:00;MP4a;Sonderausgang;2878655T;NV DS Transporte;1;1;110.0;
2026-02-02;00:00;MP4a;Sonderausgang;2878656T;NV DS Transporte;1;1;142.0;
2026-02-02;00:00;MP4a;Sonderausgang;2878659T;NV Ciortan;1;1;65.0;
2026-02-02;00:00;MP4a;Sonderausgang;2878662T;NV Ciortan;2;2;121.0;
2026-02-02;00:00;MP4a;Sonderausgang;2878663T;NV AS Transporte;3;11;932.0;
2026-02-02;00:00;MP4a;Sonderausgang;2878664T;NV AS Transporte;3;6;892.0;
2026-02-02;00:00;MP4a;Sonderausgang;2878665T;NV AS Transporte;2;2;570.0;
2026-02-02;00:00;MP4a;Sonderausgang;2878669T;NV DS Transporte;1;1;375.0;
2026-02-02;00:00;MP4a;Sonderausgang;2878673T;NV AS Transporte;1;484;9680.0;
2026-02-02;00:00;MP4a;Sonderausgang;2878674T;NV Ciortan;2;2;222.5;
2026-02-02;00:00;MP4a;Sonderausgang;2878676T;NV AS Transporte;1;4;644.0;
2026-02-02;00:00;MP4a;Sonderausgang;2878682T;NV Tiroch;1;1;450.0;
2026-02-02;00:00;MP4a;Sonderausgang;2878683T;NV Tiroch;4;28;909.0;
2026-02-02;00:00;MP4a;Sonderausgang;2878684T;NV Tiroch;3;3;440.0;
2026-02-02;00:00;MP4a;Sonderausgang;2878688T;NV Tiroch;18;29;670.0;
2026-02-02;00:00;MP4a;Sonderausgang;2878689T;NV Tiroch;1;16;2843.9;
2026-02-02;00:00;MP4a;Sonderausgang;2878693T;NV AS Transporte;1;1;11.0;
2026-02-02;00:00;MP4a;Sonderausgang;2878694T;NV AS Transporte;2;2;1015.0;
2026-02-02;00:00;MP4a;Sonderausgang;2878711T;NV Alexandru;2;2;357.0;
2026-02-02;00:00;MP4a;Sonderausgang;2878728T;NV Bogos Transporte;1;1;110.0;
2026-02-02;00:00;MP4a;Sonderausgang;2878730T;NV VP Logistik;3;3;855.0;
2026-02-02;00:00;MP4a;Sonderausgang;2878731T;NV VP Logistik;1;1;177.0;
2026-02-02;00:00;MP4a;Sonderausgang;2878733T;NV VP Logistik;1;1;498.0;
2026-02-02;00:00;MP4a;Sonderausgang;2878736T;NV Tuncay;1;9;1296.0;
2026-02-02;00:00;MP4a;Sonderausgang;2878737T;NV Tuncay;1;1;98.0;
2026-02-02;00:00;MP4a;Sonderausgang;2878738T;NV Tuncay;1;1;39.0;
2026-02-02;00:00;MP4a;Sonderausgang;2878739T;NV Guth;3;3;370.0;
2026-02-02;00:00;MP4a;Sonderausgang;2878741T;NV Guth;1;16;4104.2;
2026-02-02;00:00;MP4a;Sonderausgang;2878744T;NV Silagi;1;1;100.0;
2026-02-02;00:00;MP4a;Sonderausgang;2878981T;NV AS Transporte;1;1;46.1;
2026-02-02;00:00;MP4a;Sonderausgang;2878983T;NV Ciortan;2;17;2969.7;
2026-02-02;00:00;MP4a;Sonderausgang;2878985T;NV Ciortan;1;1;151.0;
2026-02-02;00:00;MP4a;Sonderausgang;2879044T;WAB NV - großer NV;1;1;94.1;
2026-02-02;00:00;MP4a;Sonderausgang;2879054T;WAB NV - großer NV;1;1;133.0;
2026-02-02;00:00;MP4a;Sonderausgang;2879064T;WAB NV - großer NV;8;8;1654.0;
2026-02-02;00:00;MP4a;Sonderausgang;2879094T;WAB NV - großer NV;3;62;19955.0;
2026-02-02;00:00;MP4a;Sonderausgang;2879128T;WAB NV - großer NV;3;7;617.0;
2026-02-02;00:00;MP4a;Sonderausgang;2879148T;WAB NV - großer NV;1;36;13470.0;
2026-02-02;00:00;MP4a;Sonderausgang;2879244T;WAB NV - großer NV;1;16;2705.9;
2026-02-02;00:00;MP4a;Sonderausgang;2879284T;Sonderfahrten;2;5;205.0;
2026-02-02;00:00;MP4a;Sonderausgang;2879343T;NV Yeritsyan;1;1;21.4;
2026-02-02;00:00;MP4a;Sonderausgang;2879396T;WAB NV - großer NV;5;23;5055.0;
2026-02-02;00:00;MP4a;Sonderausgang;2879523T;NV Yeritsyan;2;2;331.0;
2026-02-02;00:00;MP4a;Sonderausgang;2879525T;Sonderfahrten;1;1;94.0;
2026-02-02;00:00;MP4a;Sonderausgang;2879526T;Sonderfahrten;1;1;167.5;
2026-02-02;00:00;MP4a;Sonderausgang;2879531T;NV LT Trans;1;1;72.0;
2026-02-02;00:00;MP4a;Sonderausgang;2879535T;NV Silagi;3;3;838.0;
2026-02-02;00:00;MP4a;Sonderausgang;2879536T;NV Silagi;1;16;1128.0;
2026-02-02;00:00;MP4a;Sonderausgang;2879538T;Sonderfahrten;1;9;900.0;
2026-02-02;00:00;MP4a;Sonderausgang;2879540T;Sonderfahrten;9;67;2489.0;
2026-02-02;00:00;MP4a;Sonderausgang;2879593T;NV Silagi;3;3;828.0;
2026-02-02;00:00;MP4a;Sonderausgang;2879961T;Sonderfahrten;1;1;70.0;
2026-02-02;00:00;MP4a;Sonderausgang;2880315T;WAB NV - großer NV;1;1;125.0;
2026-02-02;00:00;MP4a;Sonderausgang;2880777T;NV Silagi;1;1;58.0;
2026-02-02;00:00;MP4a;Sonderausgang;2880836T;NV VP Logistik;2;2;788.0;
2026-02-02;00:00;MP4a;Sonderausgang;2880839T;NV VP Logistik;1;1;46.1;
2026-02-02;00:00;MP4a;Sonderausgang;2880842T;NV Ciortan;4;10;1146.0;
2026-02-02;00:00;MP4a;Sonderausgang;2880846T;NV Tiroch;1;1;100.0;
2026-02-02;00:00;MP4a;Sonderausgang;2880847T;NV Tiroch;1;1;480.0;
2026-02-02;00:00;MP4a;Sonderausgang;2880849T;NV Tiroch;1;1;120.0;
2026-02-02;00:00;MP4a;Sonderausgang;2880851T;NV AS Transporte;1;1;407.0;
2026-02-02;00:00;MP4a;Sonderausgang;2880880T;Direkt ab Gersthofen;2;468;178746.0;
2026-02-02;00:00;MP4a;Sonderausgang;2880886T;WAB NV - großer NV;2;2;473.0;
2026-02-02;00:00;MP4a;Sonderausgang;2880902T;WAB NV - großer NV;4;27;2319.5;
2026-02-02;00:00;MP4a;Sonderausgang;2880967T;Sonderfahrten;1;1;86.0;
2026-02-02;00:00;MP4a;Sonderausgang;2880968T;WAB NV - großer NV;10;51;11150.0;
2026-02-02;00:00;MP4a;Sonderausgang;2881068T;WAB NV - großer NV;1;1;22.0;
2026-02-02;00:00;MP4a;Sonderausgang;2881169T;NV Strauss;1;1;96.7;
2026-02-02;00:00;MP4a;Sonderausgang;2881186T;Fallback;1;1;143.0;
2026-02-02;00:00;MP5;SE Entladung FV;;;1698;11768;2006553.4;
2026-02-02;00:00;MP7;SA Verladung FV;;;1;6;532.0;
2026-02-02;00:00;MP7;SA Verladung FV;2874869T;NV AS Transporte;1;2;124.0;
2026-02-02;00:00;MP7;SA Verladung FV;2877874T;WAB NV - großer NV;1;10;3138.5;
2026-02-02;00:00;MP7;SA Verladung FV;2877990T;WAB NV - großer NV;1;12;6216.0;
2026-02-02;00:00;MP7;SA Verladung FV;2878328T;NV Ciortan;1;2;1960.0;
2026-02-02;00:00;MP7;SA Verladung FV;2878601T;NV DS Transporte;9;12;3086.0;
2026-02-02;00:00;MP7;SA Verladung FV;2878602T;NV DS Transporte;7;13;1319.0;
2026-02-02;00:00;MP7;SA Verladung FV;2878603T;NV Fischer;14;76;6803.0;
2026-02-02;00:00;MP7;SA Verladung FV;2878604T;NV Fischer;13;159;3633.0;
2026-02-02;00:00;MP7;SA Verladung FV;2878605T;NV Fischer;16;25;2602.5;
2026-02-02;00:00;MP7;SA Verladung FV;2878606T;NV Fischer;12;36;13214.1;
2026-02-02;00:00;MP7;SA Verladung FV;2878607T;NV Fischer;15;59;4408.0;
2026-02-02;00:00;MP7;SA Verladung FV;2878608T;NV DS Transporte;11;103;7838.0;
2026-02-02;00:00;MP7;SA Verladung FV;2878609T;NV DS Transporte;8;113;2912.2;
2026-02-02;00:00;MP7;SA Verladung FV;2878610T;NV Strauss;10;24;6432.5;
2026-02-02;00:00;MP7;SA Verladung FV;2878611T;NV Strauss;8;26;4846.0;
2026-02-02;00:00;MP7;SA Verladung FV;2878614T;NV Strauss;13;31;387.1;
2026-02-02;00:00;MP7;SA Verladung FV;2878615T;NV Strauss;6;10;548.0;
2026-02-02;00:00;MP7;SA Verladung FV;2878618T;NV Strauss;11;25;3758.0;
2026-02-02;00:00;MP7;SA Verladung FV;2878619T;NV Strauss;7;13;2013.0;
2026-02-02;00:00;MP7;SA Verladung FV;2878620T;NV DS Transporte;12;66;9704.9;
2026-02-02;00:00;MP7;SA Verladung FV;2878621T;NV DS Transporte;12;50;3923.0;
2026-02-02;00:00;MP7;SA Verladung FV;2878622T;NV AS Transporte;14;70;6066.0;
2026-02-02;00:00;MP7;SA Verladung FV;2878623T;NV AS Transporte;14;31;3008.0;
2026-02-02;00:00;MP7;SA Verladung FV;2878626T;NV Fischer;4;15;5521.0;
2026-02-02;00:00;MP7;SA Verladung FV;2878648T;NV DS Transporte;5;21;6763.0;
2026-02-02;00:00;MP7;SA Verladung FV;2878649T;NV DS Transporte;12;18;3827.3;
2026-02-02;00:00;MP7;SA Verladung FV;2878650T;NV Strauss;11;14;2591.6;
2026-02-02;00:00;MP7;SA Verladung FV;2878651T;NV Strauss;7;24;5462.0;
2026-02-02;00:00;MP7;SA Verladung FV;2878652T;NV DS Transporte;13;40;792.0;
2026-02-02;00:00;MP7;SA Verladung FV;2878653T;NV DS Transporte;10;85;12483.0;
2026-02-02;00:00;MP7;SA Verladung FV;2878654T;NV DS Transporte;8;37;5085.5;
2026-02-02;00:00;MP7;SA Verladung FV;2878655T;NV DS Transporte;8;26;3898.2;
2026-02-02;00:00;MP7;SA Verladung FV;2878656T;NV DS Transporte;10;60;11901.0;
2026-02-02;00:00;MP7;SA Verladung FV;2878658T;NV DS Transporte;11;19;833.0;
2026-02-02;00:00;MP7;SA Verladung FV;2878659T;NV Ciortan;15;48;5631.9;
2026-02-02;00:00;MP7;SA Verladung FV;2878662T;NV Ciortan;15;23;877.6;
2026-02-02;00:00;MP7;SA Verladung FV;2878663T;NV AS Transporte;12;149;4455.0;
2026-02-02;00:00;MP7;SA Verladung FV;2878664T;NV AS Transporte;12;24;5728.4;
2026-02-02;00:00;MP7;SA Verladung FV;2878665T;NV AS Transporte;14;31;10681.0;
2026-02-02;00:00;MP7;SA Verladung FV;2878668T;NV DS Transporte;10;78;10707.7;
2026-02-02;00:00;MP7;SA Verladung FV;2878669T;NV DS Transporte;5;14;3821.0;
2026-02-02;00:00;MP7;SA Verladung FV;2878670T;NV DS Transporte;10;11;813.0;
2026-02-02;00:00;MP7;SA Verladung FV;2878671T;NV AS Transporte;4;46;9535.0;
2026-02-02;00:00;MP7;SA Verladung FV;2878673T;NV AS Transporte;11;36;4651.2;
2026-02-02;00:00;MP7;SA Verladung FV;2878674T;NV Ciortan;30;133;16287.0;
2026-02-02;00:00;MP7;SA Verladung FV;2878676T;NV AS Transporte;9;21;7381.0;
2026-02-02;00:00;MP7;SA Verladung FV;2878678T;NV AS Transporte;15;76;8329.1;
2026-02-02;00:00;MP7;SA Verladung FV;2878682T;NV Tiroch;8;14;1858.0;
2026-02-02;00:00;MP7;SA Verladung FV;2878683T;NV Tiroch;10;16;1622.8;
2026-02-02;00:00;MP7;SA Verladung FV;2878684T;NV Tiroch;14;17;2094.6;
2026-02-02;00:00;MP7;SA Verladung FV;2878688T;NV Tiroch;4;4;623.0;
2026-02-02;00:00;MP7;SA Verladung FV;2878689T;NV Tiroch;3;42;10981.0;
2026-02-02;00:00;MP7;SA Verladung FV;2878690T;DM AS-Transport;12;33;11276.0;
2026-02-02;00:00;MP7;SA Verladung FV;2878691T;DM AS-Transport;11;49;11821.0;
2026-02-02;00:00;MP7;SA Verladung FV;2878692T;DM AS-Transport;10;31;7338.0;
2026-02-02;00:00;MP7;SA Verladung FV;2878693T;NV AS Transporte;6;12;1247.0;
2026-02-02;00:00;MP7;SA Verladung FV;2878694T;NV AS Transporte;12;33;5996.0;
2026-02-02;00:00;MP7;SA Verladung FV;2878698T;DM AS-Transport;11;35;8306.0;
2026-02-02;00:00;MP7;SA Verladung FV;2878701T;NV AS Transporte;1;1;51.0;
2026-02-02;00:00;MP7;SA Verladung FV;2878711T;NV Alexandru;9;17;3769.0;
2026-02-02;00:00;MP7;SA Verladung FV;2878713T;NV Strauss;9;26;3917.0;
2026-02-02;00:00;MP7;SA Verladung FV;2878714T;NV Strauss;8;29;6336.0;
2026-02-02;00:00;MP7;SA Verladung FV;2878716T;Sonderfahrten;6;77;860.0;
2026-02-02;00:00;MP7;SA Verladung FV;2878718T;DM AS-Transport;11;14;4649.0;
2026-02-02;00:00;MP7;SA Verladung FV;2878719T;DM AS-Transport;8;75;14672.0;
2026-02-02;00:00;MP7;SA Verladung FV;2878720T;DM AS-Transport;12;56;17462.0;
2026-02-02;00:00;MP7;SA Verladung FV;2878723T;NV AS Transporte;13;24;2481.5;
2026-02-02;00:00;MP7;SA Verladung FV;2878724T;NV Bogos Transporte;12;18;1801.2;
2026-02-02;00:00;MP7;SA Verladung FV;2878726T;NV Bogos Transporte;13;24;4542.7;
2026-02-02;00:00;MP7;SA Verladung FV;2878728T;NV Bogos Transporte;16;22;2552.0;
2026-02-02;00:00;MP7;SA Verladung FV;2878730T;NV VP Logistik;12;28;6436.0;
2026-02-02;00:00;MP7;SA Verladung FV;2878731T;NV VP Logistik;14;35;6222.0;
2026-02-02;00:00;MP7;SA Verladung FV;2878733T;NV VP Logistik;4;7;2535.0;
2026-02-02;00:00;MP7;SA Verladung FV;2878736T;NV Tuncay;4;47;6053.0;
2026-02-02;00:00;MP7;SA Verladung FV;2878737T;NV Tuncay;15;15;1794.0;
2026-02-02;00:00;MP7;SA Verladung FV;2878738T;NV Tuncay;10;59;5468.0;
2026-02-02;00:00;MP7;SA Verladung FV;2878739T;NV Guth;12;18;4088.0;
2026-02-02;00:00;MP7;SA Verladung FV;2878740T;NV Guth;10;21;9905.0;
2026-02-02;00:00;MP7;SA Verladung FV;2878741T;NV Guth;5;57;7491.0;
2026-02-02;00:00;MP7;SA Verladung FV;2878742T;NV VP Logistik;11;16;2815.0;
2026-02-02;00:00;MP7;SA Verladung FV;2878743T;Sonderfahrten;4;175;10892.0;
2026-02-02;00:00;MP7;SA Verladung FV;2878744T;NV Silagi;11;26;2033.5;
2026-02-02;00:00;MP7;SA Verladung FV;2878907T;DM AS-Transport;22;79;17264.0;
2026-02-02;00:00;MP7;SA Verladung FV;2878909T;DM AS-Transport;19;41;10265.0;
2026-02-02;00:00;MP7;SA Verladung FV;2878911T;DM AS-Transport;21;48;10837.0;
2026-02-02;00:00;MP7;SA Verladung FV;2878913T;DM AS-Transport;23;65;17539.0;
2026-02-02;00:00;MP7;SA Verladung FV;2878917T;DM AS-Transport;13;115;31803.0;
2026-02-02;00:00;MP7;SA Verladung FV;2878919T;DM AS-Transport;22;113;30588.0;
2026-02-02;00:00;MP7;SA Verladung FV;2878921T;DM AS-Transport;19;56;11682.0;
2026-02-02;00:00;MP7;SA Verladung FV;2878923T;DM AS-Transport;20;73;17804.0;
2026-02-02;00:00;MP7;SA Verladung FV;2878925T;DM AS-Transport;14;73;19877.0;
2026-02-02;00:00;MP7;SA Verladung FV;2878978T;WAB NV - großer NV;1;4;1288.0;
2026-02-02;00:00;MP7;SA Verladung FV;2878979T;NV AS Transporte;19;59;11315.0;
2026-02-02;00:00;MP7;SA Verladung FV;2878981T;NV AS Transporte;20;78;14111.2;
2026-02-02;00:00;MP7;SA Verladung FV;2878983T;NV Ciortan;17;70;20734.9;
2026-02-02;00:00;MP7;SA Verladung FV;2878985T;NV Ciortan;15;265;63697.1;
2026-02-02;00:00;MP7;SA Verladung FV;2878990T;WAB NV - großer NV;1;4;800.0;
2026-02-02;00:00;MP7;SA Verladung FV;2879022T;WAB NV - großer NV;4;55;19093.0;
2026-02-02;00:00;MP7;SA Verladung FV;2879032T;WAB NV - großer NV;4;94;17959.0;
2026-02-02;00:00;MP7;SA Verladung FV;2879044T;WAB NV - großer NV;20;194;24552.0;
2026-02-02;00:00;MP7;SA Verladung FV;2879054T;WAB NV - großer NV;3;6;1097.1;
2026-02-02;00:00;MP7;SA Verladung FV;2879064T;WAB NV - großer NV;7;43;27758.0;
2026-02-02;00:00;MP7;SA Verladung FV;2879074T;WAB NV - großer NV;18;73;15403.0;
2026-02-02;00:00;MP7;SA Verladung FV;2879080T;WAB NV - großer NV;4;85;23994.0;
2026-02-02;00:00;MP7;SA Verladung FV;2879094T;WAB NV - großer NV;3;126;23505.0;
2026-02-02;00:00;MP7;SA Verladung FV;2879108T;WAB NV - großer NV;10;149;55962.0;
2026-02-02;00:00;MP7;SA Verladung FV;2879118T;WAB NV - großer NV;5;106;40371.0;
2026-02-02;00:00;MP7;SA Verladung FV;2879128T;WAB NV - großer NV;2;25;9909.0;
2026-02-02;00:00;MP7;SA Verladung FV;2879138T;WAB NV - großer NV;9;177;83962.7;
2026-02-02;00:00;MP7;SA Verladung FV;2879148T;WAB NV - großer NV;6;478;50888.0;
2026-02-02;00:00;MP7;SA Verladung FV;2879160T;WAB NV - großer NV;17;223;39888.0;
2026-02-02;00:00;MP7;SA Verladung FV;2879178T;WAB NV - großer NV;4;43;6774.2;
2026-02-02;00:00;MP7;SA Verladung FV;2879180T;WAB NV - großer NV;1;400;65200.0;
2026-02-02;00:00;MP7;SA Verladung FV;2879194T;WAB NV - großer NV;8;144;60553.4;
2026-02-02;00:00;MP7;SA Verladung FV;2879218T;WAB NV - großer NV;5;19;7089.0;
2026-02-02;00:00;MP7;SA Verladung FV;2879234T;WAB NV - großer NV;7;51;9647.0;
2026-02-02;00:00;MP7;SA Verladung FV;2879244T;WAB NV - großer NV;4;43;19975.0;
2026-02-02;00:00;MP7;SA Verladung FV;2879264T;WAB NV - großer NV;9;232;70976.0;
2026-02-02;00:00;MP7;SA Verladung FV;2879274T;WAB NV - großer NV;10;45;8814.7;
2026-02-02;00:00;MP7;SA Verladung FV;2879284T;Sonderfahrten;8;14;893.0;
2026-02-02;00:00;MP7;SA Verladung FV;2879331T;NV Ciortan;17;20;3940.6;
2026-02-02;00:00;MP7;SA Verladung FV;2879343T;NV Yeritsyan;12;15;1472.0;
2026-02-02;00:00;MP7;SA Verladung FV;2879345T;NV Yeritsyan;14;18;1843.1;
2026-02-02;00:00;MP7;SA Verladung FV;2879346T;NV Yeritsyan;17;50;11399.0;
2026-02-02;00:00;MP7;SA Verladung FV;2879371T;WAB NV - großer NV;2;116;19172.0;
2026-02-02;00:00;MP7;SA Verladung FV;2879396T;WAB NV - großer NV;6;6;535.0;
2026-02-02;00:00;MP7;SA Verladung FV;2879439T;WAB NV - großer NV;1;16;1640.0;
2026-02-02;00:00;MP7;SA Verladung FV;2879465T;WAB NV - großer NV;9;1786;78770.5;
2026-02-02;00:00;MP7;SA Verladung FV;2879502T;NV AS Transporte;8;594;12818.0;
2026-02-02;00:00;MP7;SA Verladung FV;2879504T;NV Yeritsyan;14;18;2787.0;
2026-02-02;00:00;MP7;SA Verladung FV;2879505T;Sonderfahrten;6;6;801.0;
2026-02-02;00:00;MP7;SA Verladung FV;2879506T;NV VP Logistik;3;3;249.0;
2026-02-02;00:00;MP7;SA Verladung FV;2879523T;NV Yeritsyan;15;97;7087.8;
2026-02-02;00:00;MP7;SA Verladung FV;2879525T;Sonderfahrten;15;21;652.2;
2026-02-02;00:00;MP7;SA Verladung FV;2879526T;Sonderfahrten;9;333;11854.3;
2026-02-02;00:00;MP7;SA Verladung FV;2879527T;NV LT Trans;10;221;17084.3;
2026-02-02;00:00;MP7;SA Verladung FV;2879528T;NV LT Trans;2;2;682.0;
2026-02-02;00:00;MP7;SA Verladung FV;2879529T;NV LT Trans;9;27;4972.0;
2026-02-02;00:00;MP7;SA Verladung FV;2879531T;NV LT Trans;15;15;2520.0;
2026-02-02;00:00;MP7;SA Verladung FV;2879533T;NV LT Trans;14;32;4440.1;
2026-02-02;00:00;MP7;SA Verladung FV;2879535T;NV Silagi;12;65;16287.0;
2026-02-02;00:00;MP7;SA Verladung FV;2879536T;NV Silagi;18;51;2962.8;
2026-02-02;00:00;MP7;SA Verladung FV;2879540T;Sonderfahrten;6;30;2906.0;
2026-02-02;00:00;MP7;SA Verladung FV;2879552T;Sonderfahrten;4;58;15292.2;
2026-02-02;00:00;MP7;SA Verladung FV;2879582T;WAB NV - großer NV;6;60;5597.3;
2026-02-02;00:00;MP7;SA Verladung FV;2879592T;NV Silagi;10;43;9237.9;
2026-02-02;00:00;MP7;SA Verladung FV;2879593T;NV Silagi;14;41;2959.6;
2026-02-02;00:00;MP7;SA Verladung FV;2879868T;NV AS Transporte;5;11;2334.0;
2026-02-02;00:00;MP7;SA Verladung FV;2879900T;NV DS Transporte;1;1;499.0;
2026-02-02;00:00;MP7;SA Verladung FV;2879904T;NV Ciortan;1;2;338.0;
2026-02-02;00:00;MP7;SA Verladung FV;2879907T;NV Ciortan;2;2;144.0;
2026-02-02;00:00;MP7;SA Verladung FV;2879908T;NV AS Transporte;1;1;150.0;
2026-02-02;00:00;MP7;SA Verladung FV;2879909T;NV AS Transporte;3;3;334.0;
2026-02-02;00:00;MP7;SA Verladung FV;2879918T;NV AS Transporte;2;2;819.0;
2026-02-02;00:00;MP7;SA Verladung FV;2879946T;NV AS Transporte;3;6;904.0;
2026-02-02;00:00;MP7;SA Verladung FV;2879961T;Sonderfahrten;1;1;22.0;
2026-02-02;00:00;MP7;SA Verladung FV;2879968T;NV AS Transporte;1;1;167.0;
2026-02-02;00:00;MP7;SA Verladung FV;2879984T;NV Guth;1;16;1208.0;
2026-02-02;00:00;MP7;SA Verladung FV;2880220T;NV AS Transporte;1;1;25.0;
2026-02-02;00:00;MP7;SA Verladung FV;2880222T;NV AS Transporte;5;445;4115.0;
2026-02-02;00:00;MP7;SA Verladung FV;2880241T;WAB NV - großer NV;11;54;8992.0;
2026-02-02;00:00;MP7;SA Verladung FV;2880305T;WAB NV - großer NV;1;4;1148.0;
2026-02-02;00:00;MP7;SA Verladung FV;2880335T;WAB NV - großer NV;4;19;776.2;
2026-02-02;00:00;MP7;SA Verladung FV;2880389T;WAB NV - großer NV;1;1;111.0;
2026-02-02;00:00;MP7;SA Verladung FV;2880475T;WAB NV - großer NV;1;1;101.0;
2026-02-02;00:00;MP7;SA Verladung FV;2880776T;NV Silagi;1;1;170.0;
2026-02-02;00:00;MP7;SA Verladung FV;2880793T;Sonderfahrten;1;1;182.0;
2026-02-02;00:00;MP7;SA Verladung FV;2880834T;NV Silagi;1;1;516.0;
2026-02-02;00:00;MP7;SA Verladung FV;2880835T;Sonderfahrten;13;13;568.0;
2026-02-02;00:00;MP7;SA Verladung FV;2880836T;NV VP Logistik;12;12;2020.0;
2026-02-02;00:00;MP7;SA Verladung FV;2880837T;NV VP Logistik;7;7;700.0;
2026-02-02;00:00;MP7;SA Verladung FV;2880838T;NV VP Logistik;6;9;843.5;
2026-02-02;00:00;MP7;SA Verladung FV;2880839T;NV VP Logistik;4;5;770.0;
2026-02-02;00:00;MP7;SA Verladung FV;2880840T;NV Fischer;12;29;4191.4;
2026-02-02;00:00;MP7;SA Verladung FV;2880842T;NV Ciortan;13;175;7016.4;
2026-02-02;00:00;MP7;SA Verladung FV;2880843T;NV DS Transporte;11;12;659.8;
2026-02-02;00:00;MP7;SA Verladung FV;2880845T;NV Tiroch;12;39;7893.0;
2026-02-02;00:00;MP7;SA Verladung FV;2880846T;NV Tiroch;10;10;1700.5;
2026-02-02;00:00;MP7;SA Verladung FV;2880847T;NV Tiroch;4;7;1463.0;
2026-02-02;00:00;MP7;SA Verladung FV;2880849T;NV Tiroch;11;83;4502.0;
2026-02-02;00:00;MP7;SA Verladung FV;2880851T;NV AS Transporte;7;26;10877.0;
2026-02-02;00:00;MP7;SA Verladung FV;2880852T;NV DS Transporte;6;6;785.0;
2026-02-02;00:00;MP7;SA Verladung FV;2880858T;NV DS Transporte;11;19;4055.0;
2026-02-02;00:00;MP7;SA Verladung FV;2880886T;WAB NV - großer NV;15;78;33400.9;
2026-02-02;00:00;MP7;SA Verladung FV;2880893T;WAB NV - großer NV;11;73;58130.0;
2026-02-02;00:00;MP7;SA Verladung FV;2880902T;WAB NV - großer NV;9;42;21930.0;
2026-02-02;00:00;MP7;SA Verladung FV;2880916T;NV Tiroch;5;13;2572.0;
2026-02-02;00:00;MP7;SA Verladung FV;2880928T;WAB NV - großer NV;4;58;12736.0;
2026-02-02;00:00;MP7;SA Verladung FV;2880942T;WAB NV - großer NV;3;157;29022.0;
2026-02-02;00:00;MP7;SA Verladung FV;2880949T;Sonderfahrten;3;3;260.0;
2026-02-02;00:00;MP7;SA Verladung FV;2880967T;Sonderfahrten;3;3;350.0;
2026-02-02;00:00;MP7;SA Verladung FV;2880968T;WAB NV - großer NV;12;36;13839.0;
2026-02-02;00:00;MP7;SA Verladung FV;2881025T;Sonderfahrten;2;13;5070.0;
2026-02-02;00:00;MP7;SA Verladung FV;2881068T;WAB NV - großer NV;2;37;20568.0;
2026-02-02;00:00;MP7;SA Verladung FV;2881187T;Fallback;1;64;2384.0;
2026-02-02;00:00;MP7;SA Verladung FV;2881217T;NV Ciortan;1;1;77.2;
2026-02-02;00:00;MP7;SA Verladung FV;2881222T;NV AS Transporte;1;1;22.0;
2026-02-02;00:00;MP7;SA Verladung FV;2881274T;Sonderfahrten;2;2;37.0;
2026-02-02;00:00;MP7;SA Verladung FV;2881542T;WAB NV - großer NV;2;5;1240.0;
2026-02-02;00:00;MP7;SA Verladung FV;2881552T;WAB NV - großer NV;1;4;724.0;
2026-02-02;00:00;MP7;SA Verladung FV;2882054T;NV AS Transporte;1;1;400.0;
2026-02-02;00:00;MP7;SA Verladung FV;2882075T;NV Yeritsyan;1;1;169.0;
2026-02-02;00:00;MP7;SA Verladung FV;2882134T;WAB NV - großer NV;4;22;6909.0;
2026-02-02;00:00;MP7;SA Verladung FV;2882481T;NV Strauss;1;1;33.0;
2026-02-02;00:00;MP7;SA Verladung FV;2883548T;WAB NV - großer NV;4;666;111550.0;
2026-02-02;00:00;MP7;SA Verladung FV;2886354T;NV Tiroch;1;1;60.0;
2026-02-02;00:00;MP9a;Sonderscan;;;24;35;7591.9;
2026-02-02;00:00;MP9b;NV Eingang;;;489;1847;239181.9;
2026-02-03;00:00;MP2;Nat. Eingang;;;13;467;67126.1;
2026-02-03;00:00;MP2;Nat. Eingang;2879426T;WAB NV - Abholer;1;7;1449.8;
2026-02-03;00:00;MP2;Nat. Eingang;2879430T;WAB NV - Abholer;1;1;40.0;
2026-02-03;00:00;MP2;Nat. Eingang;2879525T;Sonderfahrten;1;1;72.0;
2026-02-03;00:00;MP2;Nat. Eingang;2879849T;NV Fischer;13;50;3733.0;
2026-02-03;00:00;MP2;Nat. Eingang;2879850T;NV Fischer;1;4;224.0;
2026-02-03;00:00;MP2;Nat. Eingang;2879851T;NV Fischer;2;74;12052.0;
2026-02-03;00:00;MP2;Nat. Eingang;2879852T;NV Fischer;5;15;2673.0;
2026-02-03;00:00;MP2;Nat. Eingang;2879853T;NV Fischer;8;24;4654.0;
2026-02-03;00:00;MP2;Nat. Eingang;2879854T;NV DS Transporte;14;56;3689.0;
2026-02-03;00:00;MP2;Nat. Eingang;2879855T;NV DS Transporte;5;5;461.0;
2026-02-03;00:00;MP2;Nat. Eingang;2879856T;NV Strauss;1;1;1350.0;
2026-02-03;00:00;MP2;Nat. Eingang;2879857T;NV Strauss;2;5;814.0;
2026-02-03;00:00;MP2;Nat. Eingang;2879860T;NV Strauss;2;2;91.0;
2026-02-03;00:00;MP2;Nat. Eingang;2879861T;NV Strauss;2;2;23.0;
2026-02-03;00:00;MP2;Nat. Eingang;2879866T;NV DS Transporte;2;2;75.0;
2026-02-03;00:00;MP2;Nat. Eingang;2879867T;NV DS Transporte;8;19;6057.0;
2026-02-03;00:00;MP2;Nat. Eingang;2879868T;NV AS Transporte;4;28;13360.0;
2026-02-03;00:00;MP2;Nat. Eingang;2879869T;NV AS Transporte;11;21;1822.0;
2026-02-03;00:00;MP2;Nat. Eingang;2879872T;NV Fischer;3;3;1592.0;
2026-02-03;00:00;MP2;Nat. Eingang;2879894T;NV DS Transporte;5;13;2939.0;
2026-02-03;00:00;MP2;Nat. Eingang;2879896T;NV Strauss;4;31;3706.0;
2026-02-03;00:00;MP2;Nat. Eingang;2879897T;NV DS Transporte;1;2;44.0;
2026-02-03;00:00;MP2;Nat. Eingang;2879899T;NV DS Transporte;10;13;2491.0;
2026-02-03;00:00;MP2;Nat. Eingang;2879900T;NV DS Transporte;3;5;310.0;
2026-02-03;00:00;MP2;Nat. Eingang;2879903T;NV DS Transporte;3;3;164.0;
2026-02-03;00:00;MP2;Nat. Eingang;2879904T;NV Ciortan;4;7;1866.0;
2026-02-03;00:00;MP2;Nat. Eingang;2879907T;NV Ciortan;3;18;1570.0;
2026-02-03;00:00;MP2;Nat. Eingang;2879909T;NV AS Transporte;4;35;10355.0;
2026-02-03;00:00;MP2;Nat. Eingang;2879910T;NV AS Transporte;3;41;3854.0;
2026-02-03;00:00;MP2;Nat. Eingang;2879913T;NV DS Transporte;7;10;2040.0;
2026-02-03;00:00;MP2;Nat. Eingang;2879914T;NV DS Transporte;11;89;15641.0;
2026-02-03;00:00;MP2;Nat. Eingang;2879915T;NV DS Transporte;2;10;206.0;
2026-02-03;00:00;MP2;Nat. Eingang;2879918T;NV AS Transporte;4;7;831.0;
2026-02-03;00:00;MP2;Nat. Eingang;2879919T;NV Ciortan;2;2;210.0;
2026-02-03;00:00;MP2;Nat. Eingang;2879921T;NV AS Transporte;6;83;7771.5;
2026-02-03;00:00;MP2;Nat. Eingang;2879923T;NV AS Transporte;1;1;250.0;
2026-02-03;00:00;MP2;Nat. Eingang;2879926T;NV Tiroch;5;5;420.0;
2026-02-03;00:00;MP2;Nat. Eingang;2879927T;NV Tiroch;2;2;50.0;
2026-02-03;00:00;MP2;Nat. Eingang;2879928T;NV Tiroch;4;4;1253.0;
2026-02-03;00:00;MP2;Nat. Eingang;2879929T;NV Tiroch;9;10;2038.0;
2026-02-03;00:00;MP2;Nat. Eingang;2879933T;NV Tiroch;9;12;3106.0;
2026-02-03;00:00;MP2;Nat. Eingang;2879934T;NV Tiroch;6;6;757.7;
2026-02-03;00:00;MP2;Nat. Eingang;2879939T;NV AS Transporte;6;6;897.0;
2026-02-03;00:00;MP2;Nat. Eingang;2879946T;NV AS Transporte;3;3;114.0;
2026-02-03;00:00;MP2;Nat. Eingang;2879956T;NV Alexandru;6;9;727.0;
2026-02-03;00:00;MP2;Nat. Eingang;2879959T;NV Strauss;1;1;443.0;
2026-02-03;00:00;MP2;Nat. Eingang;2879968T;NV AS Transporte;6;6;458.0;
2026-02-03;00:00;MP2;Nat. Eingang;2879969T;NV Bogos Transporte;7;10;2477.9;
2026-02-03;00:00;MP2;Nat. Eingang;2879971T;NV Bogos Transporte;8;33;6370.0;
2026-02-03;00:00;MP2;Nat. Eingang;2879973T;NV Bogos Transporte;4;4;965.0;
2026-02-03;00:00;MP2;Nat. Eingang;2879975T;NV VP Logistik;2;2;295.0;
2026-02-03;00:00;MP2;Nat. Eingang;2879976T;NV VP Logistik;6;42;7301.0;
2026-02-03;00:00;MP2;Nat. Eingang;2879978T;NV VP Logistik;4;7;2125.0;
2026-02-03;00:00;MP2;Nat. Eingang;2879981T;NV Tuncay;2;2;100.0;
2026-02-03;00:00;MP2;Nat. Eingang;2879982T;NV Tuncay;9;23;2274.0;
2026-02-03;00:00;MP2;Nat. Eingang;2879983T;NV Tuncay;2;11;430.0;
2026-02-03;00:00;MP2;Nat. Eingang;2879984T;NV Guth;5;5;1076.0;
2026-02-03;00:00;MP2;Nat. Eingang;2879985T;NV Guth;2;82;1521.0;
2026-02-03;00:00;MP2;Nat. Eingang;2879986T;NV Guth;2;2;76.0;
2026-02-03;00:00;MP2;Nat. Eingang;2879987T;NV VP Logistik;5;5;1700.0;
2026-02-03;00:00;MP2;Nat. Eingang;2880186T;Hofmanagement;17;265;64171.0;
2026-02-03;00:00;MP2;Nat. Eingang;2880220T;NV AS Transporte;3;3;780.0;
2026-02-03;00:00;MP2;Nat. Eingang;2880222T;NV AS Transporte;4;23;10110.0;
2026-02-03;00:00;MP2;Nat. Eingang;2880224T;NV Ciortan;6;41;6584.2;
2026-02-03;00:00;MP2;Nat. Eingang;2880226T;NV Ciortan;3;30;8026.0;
2026-02-03;00:00;MP2;Nat. Eingang;2880233T;WAB NV - Abholer;12;162;47784.0;
2026-02-03;00:00;MP2;Nat. Eingang;2880243T;WAB NV - Abholer;31;231;9845.8;
2026-02-03;00:00;MP2;Nat. Eingang;2880265T;WAB NV - Abholer;16;60;23062.0;
2026-02-03;00:00;MP2;Nat. Eingang;2880275T;WAB NV - Abholer;26;50;25848.4;
2026-02-03;00:00;MP2;Nat. Eingang;2880279T;WAB NV - Abholer;1;42;11370.0;
2026-02-03;00:00;MP2;Nat. Eingang;2880287T;WAB NV - Abholer;10;101;9444.3;
2026-02-03;00:00;MP2;Nat. Eingang;2880297T;WAB NV - Abholer;19;132;59584.0;
2026-02-03;00:00;MP2;Nat. Eingang;2880301T;WAB NV - Abholer;21;113;25408.0;
2026-02-03;00:00;MP2;Nat. Eingang;2880307T;WAB NV - Abholer;15;24;2705.4;
2026-02-03;00:00;MP2;Nat. Eingang;2880317T;WAB NV - Abholer;45;72;14021.7;
2026-02-03;00:00;MP2;Nat. Eingang;2880323T;WAB NV - Abholer;9;141;28187.6;
2026-02-03;00:00;MP2;Nat. Eingang;2880331T;WAB NV - erweitert;9;17;1287.0;
2026-02-03;00:00;MP2;Nat. Eingang;2880337T;WAB NV - Abholer;17;211;29354.0;
2026-02-03;00:00;MP2;Nat. Eingang;2880347T;WAB NV - erweitert;3;486;65164.7;
2026-02-03;00:00;MP2;Nat. Eingang;2880351T;WAB NV - Abholer;20;87;32688.0;
2026-02-03;00:00;MP2;Nat. Eingang;2880361T;WAB NV - Abholer;2;40;6464.0;
2026-02-03;00:00;MP2;Nat. Eingang;2880371T;WAB NV - Abholer;21;65;43767.0;
2026-02-03;00:00;MP2;Nat. Eingang;2880381T;WAB NV - Abholer;24;50;25777.0;
2026-02-03;00:00;MP2;Nat. Eingang;2880391T;WAB NV - Abholer;20;66;13287.0;
2026-02-03;00:00;MP2;Nat. Eingang;2880395T;WAB NV - Abholer;27;42;7136.7;
2026-02-03;00:00;MP2;Nat. Eingang;2880437T;WAB NV - Abholer;7;28;17545.0;
2026-02-03;00:00;MP2;Nat. Eingang;2880451T;WAB NV - Abholer;18;92;13747.0;
2026-02-03;00:00;MP2;Nat. Eingang;2880477T;WAB NV - Abholer;21;30;4231.0;
2026-02-03;00:00;MP2;Nat. Eingang;2880487T;WAB NV - Abholer;21;82;31082.0;
2026-02-03;00:00;MP2;Nat. Eingang;2880507T;WAB NV - Abholer;4;73;18248.0;
2026-02-03;00:00;MP2;Nat. Eingang;2880511T;WAB NV - Abholer;13;113;4456.2;
2026-02-03;00:00;MP2;Nat. Eingang;2880517T;WAB NV - Abholer;1;5;370.0;
2026-02-03;00:00;MP2;Nat. Eingang;2880521T;WAB NV - Abholer;29;54;25767.0;
2026-02-03;00:00;MP2;Nat. Eingang;2880572T;NV Ciortan;5;50;5297.0;
2026-02-03;00:00;MP2;Nat. Eingang;2880584T;NV Yeritsyan;2;10;425.0;
2026-02-03;00:00;MP2;Nat. Eingang;2880586T;NV Yeritsyan;1;1;60.0;
2026-02-03;00:00;MP2;Nat. Eingang;2880587T;NV Yeritsyan;4;10;2588.0;
2026-02-03;00:00;MP2;Nat. Eingang;2880604T;WAB NV - Abholer;11;61;9887.0;
2026-02-03;00:00;MP2;Nat. Eingang;2880613T;WAB NV - Abholer;29;44;4489.2;
2026-02-03;00:00;MP2;Nat. Eingang;2880617T;WAB NV - Abholer;22;57;6719.1;
2026-02-03;00:00;MP2;Nat. Eingang;2880631T;WAB NV - Abholer;37;37;6731.7;
2026-02-03;00:00;MP2;Nat. Eingang;2880633T;WAB NV - Abholer;8;54;11982.0;
2026-02-03;00:00;MP2;Nat. Eingang;2880638T;WAB NV - Abholer;18;45;15932.1;
2026-02-03;00:00;MP2;Nat. Eingang;2880657T;WAB NV - Abholer;22;257;26268.0;
2026-02-03;00:00;MP2;Nat. Eingang;2880667T;WAB NV - Abholer;12;40;4177.2;
2026-02-03;00:00;MP2;Nat. Eingang;2880669T;WAB NV - Abholer;12;112;26445.0;
2026-02-03;00:00;MP2;Nat. Eingang;2880683T;WAB NV - Abholer;44;160;54382.3;
2026-02-03;00:00;MP2;Nat. Eingang;2880685T;WAB NV - Abholer;47;121;38122.1;
2026-02-03;00:00;MP2;Nat. Eingang;2880687T;WAB NV - Abholer;31;31;3982.9;
2026-02-03;00:00;MP2;Nat. Eingang;2880693T;WAB NV - Abholer;18;81;7120.4;
2026-02-03;00:00;MP2;Nat. Eingang;2880695T;WAB NV - Abholer;8;42;18827.0;
2026-02-03;00:00;MP2;Nat. Eingang;2880697T;WAB NV - Abholer;33;36;4940.1;
2026-02-03;00:00;MP2;Nat. Eingang;2880709T;WAB NV - Abholer;15;18;10099.6;
2026-02-03;00:00;MP2;Nat. Eingang;2880743T;NV AS Transporte;9;9;1239.0;
2026-02-03;00:00;MP2;Nat. Eingang;2880745T;NV Yeritsyan;2;5;810.0;
2026-02-03;00:00;MP2;Nat. Eingang;2880764T;NV Yeritsyan;1;1;100.0;
2026-02-03;00:00;MP2;Nat. Eingang;2880769T;NV LT Trans;4;46;5936.0;
2026-02-03;00:00;MP2;Nat. Eingang;2880773T;NV LT Trans;9;17;1986.6;
2026-02-03;00:00;MP2;Nat. Eingang;2880774T;NV LT Trans;2;2;199.0;
2026-02-03;00:00;MP2;Nat. Eingang;2880775T;NV LT Trans;3;3;472.0;
2026-02-03;00:00;MP2;Nat. Eingang;2880776T;NV Silagi;6;9;1289.0;
2026-02-03;00:00;MP2;Nat. Eingang;2880777T;NV Silagi;2;2;140.0;
2026-02-03;00:00;MP2;Nat. Eingang;2880779T;Sonderfahrten;1;1;20.0;
2026-02-03;00:00;MP2;Nat. Eingang;2880793T;Sonderfahrten;2;10;6500.0;
2026-02-03;00:00;MP2;Nat. Eingang;2880813T;WAB NV - Abholer;17;61;6212.1;
2026-02-03;00:00;MP2;Nat. Eingang;2880815T;WAB NV - Abholer;13;54;5781.2;
2026-02-03;00:00;MP2;Nat. Eingang;2880825T;WAB NV - Abholer;1;64;4952.0;
2026-02-03;00:00;MP2;Nat. Eingang;2880829T;WAB NV - Abholer;23;298;109965.0;
2026-02-03;00:00;MP2;Nat. Eingang;2880833T;NV Silagi;5;68;13796.0;
2026-02-03;00:00;MP2;Nat. Eingang;2880924T;Charter;1;1;520.0;
2026-02-03;00:00;MP2;Nat. Eingang;2881222T;NV AS Transporte;1;2;18.0;
2026-02-03;00:00;MP2;Nat. Eingang;2881586T;WAB NV - Abholer;1;4;690.0;
2026-02-03;00:00;MP2;Nat. Eingang;2881788T;WAB NV - Abholer;3;3;588.0;
2026-02-03;00:00;MP2;Nat. Eingang;2881828T;WAB NV - Abholer;12;108;5860.0;
2026-02-03;00:00;MP2;Nat. Eingang;2881996T;WAB NV - Abholer;1;1;98.4;
2026-02-03;00:00;MP2;Nat. Eingang;2882147T;NV Ciortan;2;8;3800.0;
2026-02-03;00:00;MP2;Nat. Eingang;2882150T;NV AS Transporte;2;2;620.0;
2026-02-03;00:00;MP2;Nat. Eingang;2882152T;NV VP Logistik;5;8;1011.0;
2026-02-03;00:00;MP2;Nat. Eingang;2882153T;NV VP Logistik;1;1;40.0;
2026-02-03;00:00;MP2;Nat. Eingang;2882155T;NV VP Logistik;2;10;909.0;
2026-02-03;00:00;MP2;Nat. Eingang;2882160T;NV Tiroch;5;5;827.0;
2026-02-03;00:00;MP2;Nat. Eingang;2882163T;NV Tiroch;2;2;170.0;
2026-02-03;00:00;MP2;Nat. Eingang;2882164T;NV Tiroch;6;77;6605.0;
2026-02-03;00:00;MP2;Nat. Eingang;2882167T;NV Strauss;14;57;15389.0;
2026-02-03;00:00;MP2;Nat. Eingang;2882177T;Sonderfahrten;2;2;100.0;
2026-02-03;00:00;MP2;Nat. Eingang;2882411T;WAB NV - Abholer;20;73;3152.0;
2026-02-03;00:00;MP2;Nat. Eingang;2882444T;WAB NV - Abholer;8;34;4696.0;
2026-02-03;00:00;MP2;Nat. Eingang;2883423T;WAB NV - Abholer;1;1;53.0;
2026-02-03;00:00;MP2;Nat. Eingang;2883458T;Fallback;1;1;75.0;
2026-02-03;00:00;MP2;Nat. Eingang;2884768T;Fallback;1;45;1125.0;
2026-02-03;00:00;MP4;Nat. Ausgang;;;22;373;45403.4;
2026-02-03;00:00;MP4;Nat. Ausgang;2875697T;Linien Nord;1;2;339.0;
2026-02-03;00:00;MP4;Nat. Ausgang;2878055T;Linien Süd;1;1;1.0;
2026-02-03;00:00;MP4;Nat. Ausgang;2878390T;Linien International;1;3;490.0;
2026-02-03;00:00;MP4;Nat. Ausgang;2878446T;Linien International;1;24;4047.0;
2026-02-03;00:00;MP4;Nat. Ausgang;2878643T;Nachbordero;1;1;13.4;
2026-02-03;00:00;MP4;Nat. Ausgang;2879311T;Linien Südwest;1;2;657.0;
2026-02-03;00:00;MP4;Nat. Ausgang;2879323T;Linien Süd;1;6;916.0;
2026-02-03;00:00;MP4;Nat. Ausgang;2879337T;Linien Mitte;1;2;70.0;
2026-02-03;00:00;MP4;Nat. Ausgang;2879341T;Linien Mitte;1;4;500.0;
2026-02-03;00:00;MP4;Nat. Ausgang;2879347T;Linien Süd;1;1;137.0;
2026-02-03;00:00;MP4;Nat. Ausgang;2879490T;Linien Süd;1;6;946.0;
2026-02-03;00:00;MP4;Nat. Ausgang;2879553T;Linien Nord;16;22;3554.9;
2026-02-03;00:00;MP4;Nat. Ausgang;2879569T;Linien Süd;1;16;475.3;
2026-02-03;00:00;MP4;Nat. Ausgang;2880090T;Linien International;40;139;33853.0;
2026-02-03;00:00;MP4;Nat. Ausgang;2880092T;Linien International;15;122;8883.0;
2026-02-03;00:00;MP4;Nat. Ausgang;2880094T;Linien International;16;141;19374.7;
2026-02-03;00:00;MP4;Nat. Ausgang;2880098T;Linien International;19;95;25872.7;
2026-02-03;00:00;MP4;Nat. Ausgang;2880100T;Linien Mitte;3;305;78878.7;
2026-02-03;00:00;MP4;Nat. Ausgang;2880102T;Linien Süd;19;131;22437.8;
2026-02-03;00:00;MP4;Nat. Ausgang;2880104T;Linien Süd;6;46;4771.0;
2026-02-03;00:00;MP4;Nat. Ausgang;2880106T;Linien Süd;53;111;31620.4;
2026-02-03;00:00;MP4;Nat. Ausgang;2880110T;Linien Süd;31;89;14329.5;
2026-02-03;00:00;MP4;Nat. Ausgang;2880114T;Linien Süd;34;107;33391.4;
2026-02-03;00:00;MP4;Nat. Ausgang;2880118T;Linien Südwest;43;173;31653.4;
2026-02-03;00:00;MP4;Nat. Ausgang;2880180T;Fernverkehr AS;24;87;19421.3;
2026-02-03;00:00;MP4;Nat. Ausgang;2880184T;Fernverkehr AS;12;75;15115.4;
2026-02-03;00:00;MP4;Nat. Ausgang;2880526T;Linien Ruhr;24;66;12279.7;
2026-02-03;00:00;MP4;Nat. Ausgang;2880530T;Linien Ruhr;39;137;33997.6;
2026-02-03;00:00;MP4;Nat. Ausgang;2880534T;Linien Ruhr;45;184;41441.6;
2026-02-03;00:00;MP4;Nat. Ausgang;2880538T;Linien Mitte;40;102;15224.3;
2026-02-03;00:00;MP4;Nat. Ausgang;2880542T;Linien Mitte;29;142;26505.1;
2026-02-03;00:00;MP4;Nat. Ausgang;2880544T;Linien Ost;34;81;21027.2;
2026-02-03;00:00;MP4;Nat. Ausgang;2880548T;Linien Südwest;29;85;24938.8;
2026-02-03;00:00;MP4;Nat. Ausgang;2880552T;Linien Südwest;41;113;27929.9;
2026-02-03;00:00;MP4;Nat. Ausgang;2880556T;Linien Süd;49;79;14694.5;
2026-02-03;00:00;MP4;Nat. Ausgang;2880560T;Linien Süd;44;221;45083.1;
2026-02-03;00:00;MP4;Nat. Ausgang;2880564T;Linien Süd;33;68;14084.6;
2026-02-03;00:00;MP4;Nat. Ausgang;2880568T;Linien Ost;36;139;26071.4;
2026-02-03;00:00;MP4;Nat. Ausgang;2880574T;Linien Süd;20;34;8121.6;
2026-02-03;00:00;MP4;Nat. Ausgang;2880578T;Linien Mitte;17;74;7049.4;
2026-02-03;00:00;MP4;Nat. Ausgang;2880582T;Linien Mitte;33;232;32661.0;
2026-02-03;00:00;MP4;Nat. Ausgang;2880588T;Linien Süd;20;145;32474.5;
2026-02-03;00:00;MP4;Nat. Ausgang;2880590T;Linien Südwest;49;156;41215.4;
2026-02-03;00:00;MP4;Nat. Ausgang;2880594T;Linien International;26;47;19136.6;
2026-02-03;00:00;MP4;Nat. Ausgang;2880715T;Linien International;52;90;17064.0;
2026-02-03;00:00;MP4;Nat. Ausgang;2880717T;Linien International;7;7;745.2;
2026-02-03;00:00;MP4;Nat. Ausgang;2880721T;Linien International;1;1;100.0;
2026-02-03;00:00;MP4;Nat. Ausgang;2880723T;Linien International;11;35;8441.5;
2026-02-03;00:00;MP4;Nat. Ausgang;2880725T;Linien Nord;39;66;13530.7;
2026-02-03;00:00;MP4;Nat. Ausgang;2880729T;Linien Nord;11;32;5403.3;
2026-02-03;00:00;MP4;Nat. Ausgang;2880731T;Linien Süd;29;157;37669.8;
2026-02-03;00:00;MP4;Nat. Ausgang;2880735T;Linien Süd;3;3;356.5;
2026-02-03;00:00;MP4;Nat. Ausgang;2880737T;Linien Süd;25;37;7677.7;
2026-02-03;00:00;MP4;Nat. Ausgang;2880741T;Linien Süd;9;27;4106.8;
2026-02-03;00:00;MP4;Nat. Ausgang;2880748T;Linien Mitte;29;106;13594.7;
2026-02-03;00:00;MP4;Nat. Ausgang;2880798T;Linien Mitte;26;769;133034.3;
2026-02-03;00:00;MP4;Nat. Ausgang;2880802T;Linien Süd;22;76;11468.0;
2026-02-03;00:00;MP4;Nat. Ausgang;2880806T;Linien Süd;28;85;9490.7;
2026-02-03;00:00;MP4;Nat. Ausgang;2880810T;Linien Süd;6;9;1429.5;
2026-02-03;00:00;MP4;Nat. Ausgang;2881189T;Nachbordero;3;6;131.3;
2026-02-03;00:00;MP4;Nat. Ausgang;2881429T;Linien Südwest;17;63;17200.2;
2026-02-03;00:00;MP4;Nat. Ausgang;2881433T;Linien Südwest;1;49;10148.3;
2026-02-03;00:00;MP4;Nat. Ausgang;2881487T;Fernverkehr AS;17;29;8712.4;
2026-02-03;00:00;MP4;Nat. Ausgang;2881837T;Linien Ruhr;12;86;12997.1;
2026-02-03;00:00;MP4;Nat. Ausgang;2881841T;Linien Ruhr;7;7;1375.9;
2026-02-03;00:00;MP4;Nat. Ausgang;2881859T;Linien Südwest;6;6;2565.8;
2026-02-03;00:00;MP4;Nat. Ausgang;2881889T;Linien Mitte;13;99;8090.1;
2026-02-03;00:00;MP4;Nat. Ausgang;2881901T;Linien Südwest;10;10;1278.8;
2026-02-03;00:00;MP4;Nat. Ausgang;2882107T;Linien Ruhr;13;83;7475.1;
2026-02-03;00:00;MP4;Nat. Ausgang;2882317T;Linien Ost;27;51;13063.3;
2026-02-03;00:00;MP4;Nat. Ausgang;2882321T;Linien Ost;11;35;10488.2;
2026-02-03;00:00;MP4;Nat. Ausgang;2883187T;Linien Mitte;18;148;17640.3;
2026-02-03;00:00;MP4;Nat. Ausgang;2883334T;Linien Nord;2;8;1886.7;
2026-02-03;00:00;MP4;Nat. Ausgang;2883392T;Linien Nord;15;48;6592.1;
2026-02-03;00:00;MP4;Nat. Ausgang;2883396T;Linien Mitte;12;39;4520.3;
2026-02-03;00:00;MP4;Nat. Ausgang;2883466T;WAB NV - großer NV;7;13;3351.2;
2026-02-03;00:00;MP4;Nat. Ausgang;2883532T;Linien International;12;60;9643.7;
2026-02-03;00:00;MP4;Nat. Ausgang;2883604T;Linien International;14;128;45188.0;
2026-02-03;00:00;MP4a;Sonderausgang;2872152T;Fallback;1;1;40.0;
2026-02-03;00:00;MP4a;Sonderausgang;2873460T;Fallback;1;1;0.1;
2026-02-03;00:00;MP4a;Sonderausgang;2873571T;NV Guth;1;1;315.0;
2026-02-03;00:00;MP4a;Sonderausgang;2874367T;NV Silagi;1;1;58.0;
2026-02-03;00:00;MP4a;Sonderausgang;2874757T;NV Strauss;1;6;720.0;
2026-02-03;00:00;MP4a;Sonderausgang;2874802T;NV DS Transporte;1;4;680.0;
2026-02-03;00:00;MP4a;Sonderausgang;2875304T;WAB NV - großer NV;1;14;13960.0;
2026-02-03;00:00;MP4a;Sonderausgang;2875670T;Sonderfahrten;1;1;163.0;
2026-02-03;00:00;MP4a;Sonderausgang;2875679T;NV Silagi;1;1;41.0;
2026-02-03;00:00;MP4a;Sonderausgang;2876064T;Fallback;2;5;11.0;
2026-02-03;00:00;MP4a;Sonderausgang;2876086T;NV DS Transporte;1;1;302.0;
2026-02-03;00:00;MP4a;Sonderausgang;2876173T;NV Tuncay;2;10;1329.0;
2026-02-03;00:00;MP4a;Sonderausgang;2876423T;NV Ciortan;1;1;224.0;
2026-02-03;00:00;MP4a;Sonderausgang;2876777T;NV Yeritsyan;1;4;178.0;
2026-02-03;00:00;MP4a;Sonderausgang;2877153T;WAB NV - großer NV;1;1;183.0;
2026-02-03;00:00;MP4a;Sonderausgang;2877349T;NV Strauss;1;1;200.0;
2026-02-03;00:00;MP4a;Sonderausgang;2877366T;Fallback;1;1;0.1;
2026-02-03;00:00;MP4a;Sonderausgang;2877368T;Fallback;1;1;56.0;
2026-02-03;00:00;MP4a;Sonderausgang;2877721T;NV Ciortan;1;6;1112.0;
2026-02-03;00:00;MP4a;Sonderausgang;2877810T;WAB NV - großer NV;1;1;125.0;
2026-02-03;00:00;MP4a;Sonderausgang;2878258T;NV Yeritsyan;1;3;951.0;
2026-02-03;00:00;MP4a;Sonderausgang;2878272T;NV Silagi;1;5;255.0;
2026-02-03;00:00;MP4a;Sonderausgang;2878627T;Fallback;2;5;9.0;
2026-02-03;00:00;MP4a;Sonderausgang;2878674T;NV Ciortan;1;5;322.0;
2026-02-03;00:00;MP4a;Sonderausgang;2879074T;WAB NV - großer NV;1;36;17718.0;
2026-02-03;00:00;MP4a;Sonderausgang;2879345T;NV Yeritsyan;1;2;3.0;
2026-02-03;00:00;MP4a;Sonderausgang;2879851T;NV Fischer;1;1;150.0;
2026-02-03;00:00;MP4a;Sonderausgang;2879853T;NV Fischer;1;4;720.0;
2026-02-03;00:00;MP4a;Sonderausgang;2879855T;NV DS Transporte;1;1;100.0;
2026-02-03;00:00;MP4a;Sonderausgang;2879861T;NV Strauss;1;1;102.0;
2026-02-03;00:00;MP4a;Sonderausgang;2879868T;NV AS Transporte;2;2;910.0;
2026-02-03;00:00;MP4a;Sonderausgang;2879869T;NV AS Transporte;3;3;792.0;
2026-02-03;00:00;MP4a;Sonderausgang;2879872T;NV Fischer;1;1;196.0;
2026-02-03;00:00;MP4a;Sonderausgang;2879873T;Fallback;3;3;7.0;
2026-02-03;00:00;MP4a;Sonderausgang;2879875T;Fallback;2;10;347.0;
2026-02-03;00:00;MP4a;Sonderausgang;2879895T;NV Strauss;2;26;5020.0;
2026-02-03;00:00;MP4a;Sonderausgang;2879897T;NV DS Transporte;1;1;65.0;
2026-02-03;00:00;MP4a;Sonderausgang;2879898T;NV DS Transporte;2;5;1472.0;
2026-02-03;00:00;MP4a;Sonderausgang;2879901T;NV DS Transporte;1;1;366.0;
2026-02-03;00:00;MP4a;Sonderausgang;2879902T;NV Ciortan;2;2;203.0;
2026-02-03;00:00;MP4a;Sonderausgang;2879904T;NV Ciortan;2;5;522.0;
2026-02-03;00:00;MP4a;Sonderausgang;2879907T;NV Ciortan;1;1;73.1;
2026-02-03;00:00;MP4a;Sonderausgang;2879910T;NV AS Transporte;1;1;256.0;
2026-02-03;00:00;MP4a;Sonderausgang;2879913T;NV DS Transporte;1;1;205.0;
2026-02-03;00:00;MP4a;Sonderausgang;2879915T;NV DS Transporte;1;4;130.0;
2026-02-03;00:00;MP4a;Sonderausgang;2879918T;NV AS Transporte;1;1;167.5;
2026-02-03;00:00;MP4a;Sonderausgang;2879919T;NV Ciortan;1;1;245.0;
2026-02-03;00:00;MP4a;Sonderausgang;2879921T;NV AS Transporte;5;11;375.9;
2026-02-03;00:00;MP4a;Sonderausgang;2879927T;NV Tiroch;2;2;279.0;
2026-02-03;00:00;MP4a;Sonderausgang;2879928T;NV Tiroch;2;2;385.0;
2026-02-03;00:00;MP4a;Sonderausgang;2879929T;NV Tiroch;5;5;508.0;
2026-02-03;00:00;MP4a;Sonderausgang;2879933T;NV Tiroch;9;9;290.0;
2026-02-03;00:00;MP4a;Sonderausgang;2879934T;NV Tiroch;1;25;5915.0;
2026-02-03;00:00;MP4a;Sonderausgang;2879938T;NV AS Transporte;1;1;400.0;
2026-02-03;00:00;MP4a;Sonderausgang;2879939T;NV AS Transporte;1;1;300.0;
2026-02-03;00:00;MP4a;Sonderausgang;2879946T;NV AS Transporte;1;3;900.0;
2026-02-03;00:00;MP4a;Sonderausgang;2879956T;NV Alexandru;2;2;579.0;
2026-02-03;00:00;MP4a;Sonderausgang;2879958T;NV Strauss;2;2;350.0;
2026-02-03;00:00;MP4a;Sonderausgang;2879961T;Sonderfahrten;1;1;70.0;
2026-02-03;00:00;MP4a;Sonderausgang;2879969T;NV Bogos Transporte;4;4;693.0;
2026-02-03;00:00;MP4a;Sonderausgang;2879971T;NV Bogos Transporte;4;4;708.0;
2026-02-03;00:00;MP4a;Sonderausgang;2879973T;NV Bogos Transporte;3;3;591.0;
2026-02-03;00:00;MP4a;Sonderausgang;2879976T;NV VP Logistik;2;5;5206.0;
2026-02-03;00:00;MP4a;Sonderausgang;2879978T;NV VP Logistik;1;1;210.0;
2026-02-03;00:00;MP4a;Sonderausgang;2879981T;NV Tuncay;1;1;370.0;
2026-02-03;00:00;MP4a;Sonderausgang;2879983T;NV Tuncay;1;1;91.0;
2026-02-03;00:00;MP4a;Sonderausgang;2879984T;NV Guth;2;2;167.0;
2026-02-03;00:00;MP4a;Sonderausgang;2879986T;NV Guth;1;1;41.0;
2026-02-03;00:00;MP4a;Sonderausgang;2879987T;NV VP Logistik;2;2;307.0;
2026-02-03;00:00;MP4a;Sonderausgang;2880184T;Fernverkehr AS;1;675;168660.0;
2026-02-03;00:00;MP4a;Sonderausgang;2880220T;NV AS Transporte;2;17;2273.3;
2026-02-03;00:00;MP4a;Sonderausgang;2880222T;NV AS Transporte;1;1;160.0;
2026-02-03;00:00;MP4a;Sonderausgang;2880224T;NV Ciortan;1;1;144.0;
2026-02-03;00:00;MP4a;Sonderausgang;2880226T;NV Ciortan;5;28;3314.6;
2026-02-03;00:00;MP4a;Sonderausgang;2880231T;WAB NV - großer NV;1;64;10272.0;
2026-02-03;00:00;MP4a;Sonderausgang;2880263T;WAB NV - großer NV;2;26;10700.0;
2026-02-03;00:00;MP4a;Sonderausgang;2880285T;WAB NV - großer NV;1;1;77.0;
2026-02-03;00:00;MP4a;Sonderausgang;2880295T;WAB NV - großer NV;2;5;980.0;
2026-02-03;00:00;MP4a;Sonderausgang;2880315T;WAB NV - großer NV;3;3;291.5;
2026-02-03;00:00;MP4a;Sonderausgang;2880335T;WAB NV - großer NV;1;1;93.0;
2026-02-03;00:00;MP4a;Sonderausgang;2880369T;WAB NV - großer NV;2;18;2502.0;
2026-02-03;00:00;MP4a;Sonderausgang;2880379T;WAB NV - großer NV;1;1;88.0;
2026-02-03;00:00;MP4a;Sonderausgang;2880389T;WAB NV - großer NV;1;36;5460.0;
2026-02-03;00:00;MP4a;Sonderausgang;2880401T;WAB NV - großer NV;4;7;4908.2;
2026-02-03;00:00;MP4a;Sonderausgang;2880419T;WAB NV - großer NV;1;16;9392.0;
2026-02-03;00:00;MP4a;Sonderausgang;2880449T;WAB NV - großer NV;1;16;8272.0;
2026-02-03;00:00;MP4a;Sonderausgang;2880485T;WAB NV - großer NV;1;36;17718.0;
2026-02-03;00:00;MP4a;Sonderausgang;2880525T;Sonderfahrten;1;1;88.0;
2026-02-03;00:00;MP4a;Sonderausgang;2880586T;NV Yeritsyan;2;10;1038.0;
2026-02-03;00:00;MP4a;Sonderausgang;2880587T;NV Yeritsyan;1;1;50.0;
2026-02-03;00:00;MP4a;Sonderausgang;2880705T;WAB NV - großer NV;4;46;8209.0;
2026-02-03;00:00;MP4a;Sonderausgang;2880743T;NV AS Transporte;1;4;1080.0;
2026-02-03;00:00;MP4a;Sonderausgang;2880745T;NV Yeritsyan;2;2;332.0;
2026-02-03;00:00;MP4a;Sonderausgang;2880763T;NV Yeritsyan;3;8;1104.0;
2026-02-03;00:00;MP4a;Sonderausgang;2880766T;Sonderfahrten;1;1;55.0;
2026-02-03;00:00;MP4a;Sonderausgang;2880769T;NV LT Trans;1;1;145.0;
2026-02-03;00:00;MP4a;Sonderausgang;2880772T;NV LT Trans;1;1;75.0;
2026-02-03;00:00;MP4a;Sonderausgang;2880773T;NV LT Trans;1;1;10.0;
2026-02-03;00:00;MP4a;Sonderausgang;2880774T;NV LT Trans;1;1;60.0;
2026-02-03;00:00;MP4a;Sonderausgang;2880777T;NV Silagi;2;2;109.0;
2026-02-03;00:00;MP4a;Sonderausgang;2880793T;Sonderfahrten;1;16;8000.0;
2026-02-03;00:00;MP4a;Sonderausgang;2880834T;NV Silagi;1;1;200.0;
2026-02-03;00:00;MP4a;Sonderausgang;2881222T;NV AS Transporte;1;1;49.0;
2026-02-03;00:00;MP4a;Sonderausgang;2881584T;WAB NV - großer NV;1;1;146.2;
2026-02-03;00:00;MP4a;Sonderausgang;2881606T;WAB NV - großer NV;1;6;2565.0;
2026-02-03;00:00;MP4a;Sonderausgang;2882148T;WAB NV - großer NV;9;19;1863.0;
2026-02-03;00:00;MP4a;Sonderausgang;2882152T;NV VP Logistik;1;4;940.0;
2026-02-03;00:00;MP4a;Sonderausgang;2882155T;NV VP Logistik;3;3;325.0;
2026-02-03;00:00;MP4a;Sonderausgang;2882158T;NV DS Transporte;1;1;71.0;
2026-02-03;00:00;MP4a;Sonderausgang;2882160T;NV Tiroch;2;2;914.0;
2026-02-03;00:00;MP4a;Sonderausgang;2882161T;NV Tiroch;1;18;2160.0;
2026-02-03;00:00;MP4a;Sonderausgang;2882162T;NV Tiroch;8;19;350.0;
2026-02-03;00:00;MP4a;Sonderausgang;2882163T;NV Tiroch;4;4;1563.0;
2026-02-03;00:00;MP4a;Sonderausgang;2882177T;Sonderfahrten;1;1;200.0;
2026-02-03;00:00;MP4a;Sonderausgang;2882190T;WAB NV - großer NV;2;5;900.0;
2026-02-03;00:00;MP4a;Sonderausgang;2882226T;WAB NV - großer NV;1;16;3672.0;
2026-02-03;00:00;MP4a;Sonderausgang;2883598T;WAB NV - großer NV;1;1;452.0;
2026-02-03;00:00;MP4a;Sonderausgang;2883655T;WAB NV - großer NV;1;16;184.0;
2026-02-03;00:00;MP4a;Sonderausgang;2888444T;Sonderfahrten;1;1;29.2;
2026-02-03;00:00;MP5;SE Entladung FV;;;2060;13031;2401766.2;
2026-02-03;00:00;MP7;SA Verladung FV;;;2;4;155.0;
2026-02-03;00:00;MP7;SA Verladung FV;2877419T;NV Tiroch;1;2;440.0;
2026-02-03;00:00;MP7;SA Verladung FV;2879847T;NV DS Transporte;11;59;5064.7;
2026-02-03;00:00;MP7;SA Verladung FV;2879848T;NV DS Transporte;9;15;806.4;
2026-02-03;00:00;MP7;SA Verladung FV;2879849T;NV Fischer;13;41;3377.0;
2026-02-03;00:00;MP7;SA Verladung FV;2879850T;NV Fischer;12;29;3291.9;
2026-02-03;00:00;MP7;SA Verladung FV;2879851T;NV Fischer;16;30;3328.7;
2026-02-03;00:00;MP7;SA Verladung FV;2879852T;NV Fischer;12;42;14503.0;
2026-02-03;00:00;MP7;SA Verladung FV;2879853T;NV Fischer;16;25;3455.6;
2026-02-03;00:00;MP7;SA Verladung FV;2879854T;NV DS Transporte;12;20;3079.0;
2026-02-03;00:00;MP7;SA Verladung FV;2879855T;NV DS Transporte;5;5;525.0;
2026-02-03;00:00;MP7;SA Verladung FV;2879856T;NV Strauss;8;31;3439.8;
2026-02-03;00:00;MP7;SA Verladung FV;2879857T;NV Strauss;12;33;5357.0;
2026-02-03;00:00;MP7;SA Verladung FV;2879860T;NV Strauss;10;48;895.7;
2026-02-03;00:00;MP7;SA Verladung FV;2879861T;NV Strauss;5;5;418.0;
2026-02-03;00:00;MP7;SA Verladung FV;2879864T;NV Strauss;9;39;5644.0;
2026-02-03;00:00;MP7;SA Verladung FV;2879865T;NV Strauss;1;81;19521.0;
2026-02-03;00:00;MP7;SA Verladung FV;2879866T;NV DS Transporte;14;49;5640.0;
2026-02-03;00:00;MP7;SA Verladung FV;2879867T;NV DS Transporte;8;14;3830.0;
2026-02-03;00:00;MP7;SA Verladung FV;2879868T;NV AS Transporte;12;42;4375.1;
2026-02-03;00:00;MP7;SA Verladung FV;2879869T;NV AS Transporte;12;35;3126.0;
2026-02-03;00:00;MP7;SA Verladung FV;2879872T;NV Fischer;17;32;4680.6;
2026-02-03;00:00;MP7;SA Verladung FV;2879893T;NV DS Transporte;12;26;5230.0;
2026-02-03;00:00;MP7;SA Verladung FV;2879894T;NV DS Transporte;10;54;5790.0;
2026-02-03;00:00;MP7;SA Verladung FV;2879895T;NV Strauss;7;13;2818.0;
2026-02-03;00:00;MP7;SA Verladung FV;2879896T;NV Strauss;6;17;1069.0;
2026-02-03;00:00;MP7;SA Verladung FV;2879897T;NV DS Transporte;11;11;687.0;
2026-02-03;00:00;MP7;SA Verladung FV;2879898T;NV DS Transporte;6;30;13508.0;
2026-02-03;00:00;MP7;SA Verladung FV;2879899T;NV DS Transporte;8;43;4380.0;
2026-02-03;00:00;MP7;SA Verladung FV;2879900T;NV DS Transporte;12;18;3862.5;
2026-02-03;00:00;MP7;SA Verladung FV;2879901T;NV DS Transporte;13;19;4570.8;
2026-02-03;00:00;MP7;SA Verladung FV;2879902T;NV Ciortan;9;55;2469.3;
2026-02-03;00:00;MP7;SA Verladung FV;2879903T;NV DS Transporte;8;206;2953.6;
2026-02-03;00:00;MP7;SA Verladung FV;2879904T;NV Ciortan;18;21;3034.3;
2026-02-03;00:00;MP7;SA Verladung FV;2879907T;NV Ciortan;17;35;1460.0;
2026-02-03;00:00;MP7;SA Verladung FV;2879908T;NV AS Transporte;7;13;550.0;
2026-02-03;00:00;MP7;SA Verladung FV;2879909T;NV AS Transporte;19;30;4307.0;
2026-02-03;00:00;MP7;SA Verladung FV;2879910T;NV AS Transporte;13;31;4713.0;
2026-02-03;00:00;MP7;SA Verladung FV;2879913T;NV DS Transporte;7;30;3602.0;
2026-02-03;00:00;MP7;SA Verladung FV;2879914T;NV DS Transporte;8;29;6427.6;
2026-02-03;00:00;MP7;SA Verladung FV;2879915T;NV DS Transporte;8;11;1092.0;
2026-02-03;00:00;MP7;SA Verladung FV;2879918T;NV AS Transporte;17;109;7446.7;
2026-02-03;00:00;MP7;SA Verladung FV;2879919T;NV Ciortan;20;70;10581.4;
2026-02-03;00:00;MP7;SA Verladung FV;2879921T;NV AS Transporte;17;135;3634.0;
2026-02-03;00:00;MP7;SA Verladung FV;2879923T;NV AS Transporte;14;35;2449.0;
2026-02-03;00:00;MP7;SA Verladung FV;2879927T;NV Tiroch;12;92;10068.5;
2026-02-03;00:00;MP7;SA Verladung FV;2879928T;NV Tiroch;12;15;4382.0;
2026-02-03;00:00;MP7;SA Verladung FV;2879929T;NV Tiroch;7;73;5779.0;
2026-02-03;00:00;MP7;SA Verladung FV;2879933T;NV Tiroch;6;50;6431.0;
2026-02-03;00:00;MP7;SA Verladung FV;2879934T;NV Tiroch;3;206;18620.9;
2026-02-03;00:00;MP7;SA Verladung FV;2879935T;DM AS-Transport;13;33;8288.0;
2026-02-03;00:00;MP7;SA Verladung FV;2879936T;DM AS-Transport;11;11;2880.0;
2026-02-03;00:00;MP7;SA Verladung FV;2879937T;DM AS-Transport;10;30;7454.0;
2026-02-03;00:00;MP7;SA Verladung FV;2879938T;NV AS Transporte;1;1;125.0;
2026-02-03;00:00;MP7;SA Verladung FV;2879939T;NV AS Transporte;16;24;4301.9;
2026-02-03;00:00;MP7;SA Verladung FV;2879943T;DM AS-Transport;5;51;19809.0;
2026-02-03;00:00;MP7;SA Verladung FV;2879946T;NV AS Transporte;10;31;5309.0;
2026-02-03;00:00;MP7;SA Verladung FV;2879956T;NV Alexandru;13;25;2445.0;
2026-02-03;00:00;MP7;SA Verladung FV;2879958T;NV Strauss;7;40;4514.0;
2026-02-03;00:00;MP7;SA Verladung FV;2879959T;NV Strauss;7;10;2253.0;
2026-02-03;00:00;MP7;SA Verladung FV;2879961T;Sonderfahrten;8;16;516.5;
2026-02-03;00:00;MP7;SA Verladung FV;2879963T;DM AS-Transport;10;42;11972.0;
2026-02-03;00:00;MP7;SA Verladung FV;2879964T;DM AS-Transport;11;30;7211.0;
2026-02-03;00:00;MP7;SA Verladung FV;2879965T;DM AS-Transport;4;62;23266.0;
2026-02-03;00:00;MP7;SA Verladung FV;2879968T;NV AS Transporte;15;32;2976.0;
2026-02-03;00:00;MP7;SA Verladung FV;2879969T;NV Bogos Transporte;13;30;1693.0;
2026-02-03;00:00;MP7;SA Verladung FV;2879971T;NV Bogos Transporte;8;11;2043.8;
2026-02-03;00:00;MP7;SA Verladung FV;2879973T;NV Bogos Transporte;9;25;5008.0;
2026-02-03;00:00;MP7;SA Verladung FV;2879975T;NV VP Logistik;17;33;4176.0;
2026-02-03;00:00;MP7;SA Verladung FV;2879976T;NV VP Logistik;13;16;3162.0;
2026-02-03;00:00;MP7;SA Verladung FV;2879978T;NV VP Logistik;2;10;2370.0;
2026-02-03;00:00;MP7;SA Verladung FV;2879981T;NV Tuncay;10;10;1802.0;
2026-02-03;00:00;MP7;SA Verladung FV;2879982T;NV Tuncay;14;26;4648.0;
2026-02-03;00:00;MP7;SA Verladung FV;2879983T;NV Tuncay;14;46;4688.0;
2026-02-03;00:00;MP7;SA Verladung FV;2879984T;NV Guth;9;39;2707.0;
2026-02-03;00:00;MP7;SA Verladung FV;2879985T;NV Guth;9;44;2427.0;
2026-02-03;00:00;MP7;SA Verladung FV;2879986T;NV Guth;7;10;1698.0;
2026-02-03;00:00;MP7;SA Verladung FV;2879987T;NV VP Logistik;11;11;1884.0;
2026-02-03;00:00;MP7;SA Verladung FV;2879988T;Sonderfahrten;7;25;2444.0;
2026-02-03;00:00;MP7;SA Verladung FV;2879989T;NV Silagi;13;16;700.0;
2026-02-03;00:00;MP7;SA Verladung FV;2880148T;DM AS-Transport;27;74;18752.0;
2026-02-03;00:00;MP7;SA Verladung FV;2880150T;DM AS-Transport;11;73;22529.0;
2026-02-03;00:00;MP7;SA Verladung FV;2880152T;DM AS-Transport;21;100;26105.0;
2026-02-03;00:00;MP7;SA Verladung FV;2880154T;DM AS-Transport;13;353;118979.0;
2026-02-03;00:00;MP7;SA Verladung FV;2880156T;DM AS-Transport;24;87;22964.0;
2026-02-03;00:00;MP7;SA Verladung FV;2880158T;DM AS-Transport;11;40;9586.0;
2026-02-03;00:00;MP7;SA Verladung FV;2880160T;DM AS-Transport;27;56;14692.0;
2026-02-03;00:00;MP7;SA Verladung FV;2880162T;DM AS-Transport;13;114;36079.0;
2026-02-03;00:00;MP7;SA Verladung FV;2880164T;DM AS-Transport;21;113;33815.0;
2026-02-03;00:00;MP7;SA Verladung FV;2880166T;DM AS-Transport;23;87;22114.0;
2026-02-03;00:00;MP7;SA Verladung FV;2880168T;DM AS-Transport;25;100;30282.0;
2026-02-03;00:00;MP7;SA Verladung FV;2880170T;DM AS-Transport;8;148;29027.0;
2026-02-03;00:00;MP7;SA Verladung FV;2880219T;WAB NV - großer NV;3;9;4634.0;
2026-02-03;00:00;MP7;SA Verladung FV;2880220T;NV AS Transporte;19;275;7304.0;
2026-02-03;00:00;MP7;SA Verladung FV;2880222T;NV AS Transporte;24;496;14897.0;
2026-02-03;00:00;MP7;SA Verladung FV;2880224T;NV Ciortan;21;137;24104.0;
2026-02-03;00:00;MP7;SA Verladung FV;2880226T;NV Ciortan;17;37;11144.0;
2026-02-03;00:00;MP7;SA Verladung FV;2880231T;WAB NV - großer NV;2;80;37704.0;
2026-02-03;00:00;MP7;SA Verladung FV;2880263T;WAB NV - großer NV;3;33;2044.0;
2026-02-03;00:00;MP7;SA Verladung FV;2880273T;WAB NV - großer NV;2;90;23400.0;
2026-02-03;00:00;MP7;SA Verladung FV;2880285T;WAB NV - großer NV;3;66;8440.0;
2026-02-03;00:00;MP7;SA Verladung FV;2880295T;WAB NV - großer NV;3;29;8448.0;
2026-02-03;00:00;MP7;SA Verladung FV;2880305T;WAB NV - großer NV;12;55;32306.0;
2026-02-03;00:00;MP7;SA Verladung FV;2880315T;WAB NV - großer NV;19;255;25817.0;
2026-02-03;00:00;MP7;SA Verladung FV;2880321T;WAB NV - großer NV;11;280;116619.0;
2026-02-03;00:00;MP7;SA Verladung FV;2880335T;WAB NV - großer NV;12;105;25458.0;
2026-02-03;00:00;MP7;SA Verladung FV;2880349T;WAB NV - großer NV;17;110;27444.0;
2026-02-03;00:00;MP7;SA Verladung FV;2880359T;WAB NV - großer NV;3;21;5265.0;
2026-02-03;00:00;MP7;SA Verladung FV;2880369T;WAB NV - großer NV;4;94;21555.0;
2026-02-03;00:00;MP7;SA Verladung FV;2880379T;WAB NV - großer NV;12;202;32537.0;
2026-02-03;00:00;MP7;SA Verladung FV;2880389T;WAB NV - großer NV;20;51;8790.2;
2026-02-03;00:00;MP7;SA Verladung FV;2880401T;WAB NV - großer NV;12;53;7033.0;
2026-02-03;00:00;MP7;SA Verladung FV;2880419T;WAB NV - großer NV;5;77;25152.0;
2026-02-03;00:00;MP7;SA Verladung FV;2880449T;WAB NV - großer NV;12;56;25622.0;
2026-02-03;00:00;MP7;SA Verladung FV;2880459T;WAB NV - großer NV;3;26;15662.5;
2026-02-03;00:00;MP7;SA Verladung FV;2880475T;WAB NV - großer NV;16;42;15284.8;
2026-02-03;00:00;MP7;SA Verladung FV;2880485T;WAB NV - großer NV;20;156;21933.0;
2026-02-03;00:00;MP7;SA Verladung FV;2880505T;WAB NV - großer NV;3;21;15854.0;
2026-02-03;00:00;MP7;SA Verladung FV;2880515T;WAB NV - großer NV;4;12;8343.0;
2026-02-03;00:00;MP7;SA Verladung FV;2880525T;Sonderfahrten;3;11;1601.0;
2026-02-03;00:00;MP7;SA Verladung FV;2880572T;NV Ciortan;19;33;7183.6;
2026-02-03;00:00;MP7;SA Verladung FV;2880584T;NV Yeritsyan;17;20;3766.2;
2026-02-03;00:00;MP7;SA Verladung FV;2880586T;NV Yeritsyan;13;22;2825.5;
2026-02-03;00:00;MP7;SA Verladung FV;2880587T;NV Yeritsyan;15;36;4077.6;
2026-02-03;00:00;MP7;SA Verladung FV;2880612T;WAB NV - großer NV;3;41;13315.0;
2026-02-03;00:00;MP7;SA Verladung FV;2880637T;WAB NV - großer NV;6;36;8142.0;
2026-02-03;00:00;MP7;SA Verladung FV;2880705T;WAB NV - großer NV;12;18;4265.0;
2026-02-03;00:00;MP7;SA Verladung FV;2880706T;WAB NV - großer NV;10;40;18096.0;
2026-02-03;00:00;MP7;SA Verladung FV;2880743T;NV AS Transporte;15;35;10764.0;
2026-02-03;00:00;MP7;SA Verladung FV;2880745T;NV Yeritsyan;11;29;4157.4;
2026-02-03;00:00;MP7;SA Verladung FV;2880746T;Sonderfahrten;1;25;4775.0;
2026-02-03;00:00;MP7;SA Verladung FV;2880747T;NV VP Logistik;3;66;850.0;
2026-02-03;00:00;MP7;SA Verladung FV;2880763T;NV Yeritsyan;2;10;3375.1;
2026-02-03;00:00;MP7;SA Verladung FV;2880764T;NV Yeritsyan;14;69;12830.0;
2026-02-03;00:00;MP7;SA Verladung FV;2880766T;Sonderfahrten;15;21;688.6;
2026-02-03;00:00;MP7;SA Verladung FV;2880767T;Sonderfahrten;10;16;5300.0;
2026-02-03;00:00;MP7;SA Verladung FV;2880768T;NV LT Trans;6;9;3368.0;
2026-02-03;00:00;MP7;SA Verladung FV;2880769T;NV LT Trans;7;10;3602.0;
2026-02-03;00:00;MP7;SA Verladung FV;2880772T;NV LT Trans;11;26;6776.6;
2026-02-03;00:00;MP7;SA Verladung FV;2880773T;NV LT Trans;10;51;7048.0;
2026-02-03;00:00;MP7;SA Verladung FV;2880774T;NV LT Trans;11;14;4231.6;
2026-02-03;00:00;MP7;SA Verladung FV;2880775T;NV LT Trans;4;20;1882.0;
2026-02-03;00:00;MP7;SA Verladung FV;2880776T;NV Silagi;18;48;5026.0;
2026-02-03;00:00;MP7;SA Verladung FV;2880777T;NV Silagi;18;47;6321.0;
2026-02-03;00:00;MP7;SA Verladung FV;2880779T;Sonderfahrten;6;8;1616.0;
2026-02-03;00:00;MP7;SA Verladung FV;2880793T;Sonderfahrten;6;15;1555.0;
2026-02-03;00:00;MP7;SA Verladung FV;2880823T;WAB NV - großer NV;7;71;15516.4;
2026-02-03;00:00;MP7;SA Verladung FV;2880833T;NV Silagi;11;67;7217.9;
2026-02-03;00:00;MP7;SA Verladung FV;2880834T;NV Silagi;18;33;3309.4;
2026-02-03;00:00;MP7;SA Verladung FV;2881016T;DM AS-Transport;4;162;71909.0;
2026-02-03;00:00;MP7;SA Verladung FV;2881168T;NV Strauss;1;9;1980.0;
2026-02-03;00:00;MP7;SA Verladung FV;2881210T;NV DS Transporte;1;4;310.0;
2026-02-03;00:00;MP7;SA Verladung FV;2881220T;NV Ciortan;2;2;105.0;
2026-02-03;00:00;MP7;SA Verladung FV;2881221T;NV AS Transporte;1;4;436.0;
2026-02-03;00:00;MP7;SA Verladung FV;2881223T;NV AS Transporte;1;1;209.0;
2026-02-03;00:00;MP7;SA Verladung FV;2881234T;NV AS Transporte;1;1;46.0;
2026-02-03;00:00;MP7;SA Verladung FV;2881274T;Sonderfahrten;2;2;37.0;
2026-02-03;00:00;MP7;SA Verladung FV;2881291T;NV VP Logistik;1;1;129.0;
2026-02-03;00:00;MP7;SA Verladung FV;2881297T;NV Guth;1;1;75.0;
2026-02-03;00:00;MP7;SA Verladung FV;2881535T;NV Ciortan;1;1;710.0;
2026-02-03;00:00;MP7;SA Verladung FV;2881542T;WAB NV - großer NV;5;64;11197.0;
2026-02-03;00:00;MP7;SA Verladung FV;2881552T;WAB NV - großer NV;15;35;4864.0;
2026-02-03;00:00;MP7;SA Verladung FV;2881626T;WAB NV - großer NV;1;1;50.0;
2026-02-03;00:00;MP7;SA Verladung FV;2881632T;WAB NV - großer NV;3;209;40320.5;
2026-02-03;00:00;MP7;SA Verladung FV;2881883T;NV Ciortan;1;4;516.0;
2026-02-03;00:00;MP7;SA Verladung FV;2882054T;NV AS Transporte;1;1;400.0;
2026-02-03;00:00;MP7;SA Verladung FV;2882079T;NV LT Trans;1;1;72.0;
2026-02-03;00:00;MP7;SA Verladung FV;2882134T;WAB NV - großer NV;5;20;396.4;
2026-02-03;00:00;MP7;SA Verladung FV;2882145T;NV Silagi;2;2;422.0;
2026-02-03;00:00;MP7;SA Verladung FV;2882146T;NV AS Transporte;5;8;864.0;
2026-02-03;00:00;MP7;SA Verladung FV;2882147T;NV Ciortan;14;51;8355.0;
2026-02-03;00:00;MP7;SA Verladung FV;2882148T;WAB NV - großer NV;1;1;227.0;
2026-02-03;00:00;MP7;SA Verladung FV;2882150T;NV AS Transporte;7;10;1983.2;
2026-02-03;00:00;MP7;SA Verladung FV;2882152T;NV VP Logistik;7;21;7761.2;
2026-02-03;00:00;MP7;SA Verladung FV;2882153T;NV VP Logistik;3;3;104.0;
2026-02-03;00:00;MP7;SA Verladung FV;2882156T;NV VP Logistik;2;11;2859.0;
2026-02-03;00:00;MP7;SA Verladung FV;2882158T;NV DS Transporte;9;9;673.0;
2026-02-03;00:00;MP7;SA Verladung FV;2882160T;NV Tiroch;10;130;1926.0;
2026-02-03;00:00;MP7;SA Verladung FV;2882161T;NV Tiroch;8;14;2185.0;
2026-02-03;00:00;MP7;SA Verladung FV;2882162T;NV Tiroch;7;78;7070.0;
2026-02-03;00:00;MP7;SA Verladung FV;2882163T;NV Tiroch;4;19;2076.0;
2026-02-03;00:00;MP7;SA Verladung FV;2882164T;NV Tiroch;10;55;4197.0;
2026-02-03;00:00;MP7;SA Verladung FV;2882167T;NV Strauss;7;56;10848.0;
2026-02-03;00:00;MP7;SA Verladung FV;2882177T;Sonderfahrten;2;2;662.0;
2026-02-03;00:00;MP7;SA Verladung FV;2882184T;Sonderfahrten;2;29;8150.0;
2026-02-03;00:00;MP7;SA Verladung FV;2882190T;WAB NV - großer NV;5;55;22880.0;
2026-02-03;00:00;MP7;SA Verladung FV;2882226T;WAB NV - großer NV;7;168;47167.0;
2026-02-03;00:00;MP7;SA Verladung FV;2882229T;WAB NV - großer NV;10;34;4248.0;
2026-02-03;00:00;MP7;SA Verladung FV;2882340T;WAB NV - großer NV;1;64;28000.0;
2026-02-03;00:00;MP7;SA Verladung FV;2882849T;NV Ciortan;1;1;218.0;
2026-02-03;00:00;MP7;SA Verladung FV;2882862T;WAB NV - großer NV;1;1;164.0;
2026-02-03;00:00;MP7;SA Verladung FV;2882942T;WAB NV - großer NV;2;8;966.0;
2026-02-03;00:00;MP7;SA Verladung FV;2883044T;WAB NV - großer NV;1;8;1316.0;
2026-02-03;00:00;MP7;SA Verladung FV;2883447T;WAB NV - großer NV;2;2;162.0;
2026-02-03;00:00;MP7;SA Verladung FV;2883598T;WAB NV - großer NV;1;1;210.0;
2026-02-03;00:00;MP7;SA Verladung FV;2883655T;WAB NV - großer NV;1;1;129.0;
2026-02-03;00:00;MP7;SA Verladung FV;2883914T;NV Guth;1;3;301.0;
2026-02-03;00:00;MP7;SA Verladung FV;2884835T;WAB NV - großer NV;1;9;4929.0;
2026-02-03;00:00;MP7;SA Verladung FV;2884859T;WAB NV - großer NV;1;169;35256.0;
2026-02-03;00:00;MP7;SA Verladung FV;2886771T;WAB NV - großer NV;1;2;1024.0;
2026-02-03;00:00;MP7;SA Verladung FV;2891418T;Fallback;1;1;69.0;
2026-02-03;00:00;MP9a;Sonderscan;;;26;32;6450.1;
2026-02-03;00:00;MP9b;NV Eingang;;;488;2354;293559.3;
2026-02-04;00:00;MP2;Nat. Eingang;;;7;56;13709.8;
2026-02-04;00:00;MP2;Nat. Eingang;2876099T;NV Ciortan;1;2;196.0;
2026-02-04;00:00;MP2;Nat. Eingang;2880815T;WAB NV - Abholer;1;30;3824.0;
2026-02-04;00:00;MP2;Nat. Eingang;2881161T;NV Fischer;10;19;687.0;
2026-02-04;00:00;MP2;Nat. Eingang;2881163T;NV Fischer;6;69;7697.6;
2026-02-04;00:00;MP2;Nat. Eingang;2881164T;NV Fischer;2;37;5509.0;
2026-02-04;00:00;MP2;Nat. Eingang;2881165T;NV Fischer;8;14;3638.0;
2026-02-04;00:00;MP2;Nat. Eingang;2881166T;NV DS Transporte;9;35;3730.0;
2026-02-04;00:00;MP2;Nat. Eingang;2881168T;NV Strauss;2;8;1772.0;
2026-02-04;00:00;MP2;Nat. Eingang;2881169T;NV Strauss;1;1;88.0;
2026-02-04;00:00;MP2;Nat. Eingang;2881173T;NV Strauss;1;1;60.0;
2026-02-04;00:00;MP2;Nat. Eingang;2881176T;NV Strauss;1;1;700.0;
2026-02-04;00:00;MP2;Nat. Eingang;2881179T;NV DS Transporte;3;6;1167.0;
2026-02-04;00:00;MP2;Nat. Eingang;2881180T;NV AS Transporte;1;1;146.0;
2026-02-04;00:00;MP2;Nat. Eingang;2881181T;NV AS Transporte;5;64;16390.0;
2026-02-04;00:00;MP2;Nat. Eingang;2881207T;NV DS Transporte;4;33;14256.0;
2026-02-04;00:00;MP2;Nat. Eingang;2881208T;NV Strauss;6;9;1398.0;
2026-02-04;00:00;MP2;Nat. Eingang;2881209T;NV Strauss;6;24;3770.0;
2026-02-04;00:00;MP2;Nat. Eingang;2881212T;NV DS Transporte;10;19;3412.0;
2026-02-04;00:00;MP2;Nat. Eingang;2881214T;NV DS Transporte;1;81;18963.0;
2026-02-04;00:00;MP2;Nat. Eingang;2881216T;NV DS Transporte;1;1;150.0;
2026-02-04;00:00;MP2;Nat. Eingang;2881217T;NV Ciortan;6;14;3992.0;
2026-02-04;00:00;MP2;Nat. Eingang;2881220T;NV Ciortan;3;6;395.0;
2026-02-04;00:00;MP2;Nat. Eingang;2881222T;NV AS Transporte;18;150;4741.0;
2026-02-04;00:00;MP2;Nat. Eingang;2881223T;NV AS Transporte;4;7;1347.0;
2026-02-04;00:00;MP2;Nat. Eingang;2881226T;NV DS Transporte;4;39;8880.0;
2026-02-04;00:00;MP2;Nat. Eingang;2881227T;NV DS Transporte;6;182;43940.0;
2026-02-04;00:00;MP2;Nat. Eingang;2881228T;NV DS Transporte;1;1;66.0;
2026-02-04;00:00;MP2;Nat. Eingang;2881229T;NV AS Transporte;2;5;450.0;
2026-02-04;00:00;MP2;Nat. Eingang;2881231T;NV AS Transporte;1;1;16.0;
2026-02-04;00:00;MP2;Nat. Eingang;2881232T;NV Ciortan;3;6;2069.0;
2026-02-04;00:00;MP2;Nat. Eingang;2881234T;NV AS Transporte;4;7;1479.0;
2026-02-04;00:00;MP2;Nat. Eingang;2881236T;NV AS Transporte;1;1;50.0;
2026-02-04;00:00;MP2;Nat. Eingang;2881239T;NV Tiroch;10;10;930.0;
2026-02-04;00:00;MP2;Nat. Eingang;2881240T;NV Tiroch;2;5;1200.0;
2026-02-04;00:00;MP2;Nat. Eingang;2881241T;NV Tiroch;4;4;769.0;
2026-02-04;00:00;MP2;Nat. Eingang;2881242T;NV Tiroch;4;10;8270.0;
2026-02-04;00:00;MP2;Nat. Eingang;2881246T;NV Tiroch;10;10;1325.0;
2026-02-04;00:00;MP2;Nat. Eingang;2881247T;NV Tiroch;8;69;18282.0;
2026-02-04;00:00;MP2;Nat. Eingang;2881252T;NV AS Transporte;12;83;10420.8;
2026-02-04;00:00;MP2;Nat. Eingang;2881259T;NV AS Transporte;6;12;1474.5;
2026-02-04;00:00;MP2;Nat. Eingang;2881269T;NV Alexandru;7;10;858.0;
2026-02-04;00:00;MP2;Nat. Eingang;2881271T;NV Strauss;1;1;100.0;
2026-02-04;00:00;MP2;Nat. Eingang;2881272T;NV Strauss;1;1;45.0;
2026-02-04;00:00;MP2;Nat. Eingang;2881274T;Sonderfahrten;1;1;5.0;
2026-02-04;00:00;MP2;Nat. Eingang;2881281T;NV AS Transporte;6;6;972.0;
2026-02-04;00:00;MP2;Nat. Eingang;2881282T;NV Bogos Transporte;6;22;3776.1;
2026-02-04;00:00;MP2;Nat. Eingang;2881284T;NV Bogos Transporte;4;7;2158.6;
2026-02-04;00:00;MP2;Nat. Eingang;2881286T;NV Bogos Transporte;6;105;15755.0;
2026-02-04;00:00;MP2;Nat. Eingang;2881288T;NV VP Logistik;5;5;566.0;
2026-02-04;00:00;MP2;Nat. Eingang;2881289T;NV VP Logistik;3;11;3909.0;
2026-02-04;00:00;MP2;Nat. Eingang;2881291T;NV VP Logistik;5;67;1277.0;
2026-02-04;00:00;MP2;Nat. Eingang;2881294T;NV Tuncay;2;10;2098.0;
2026-02-04;00:00;MP2;Nat. Eingang;2881295T;NV Tuncay;6;9;5460.0;
2026-02-04;00:00;MP2;Nat. Eingang;2881296T;NV Tuncay;4;4;2165.0;
2026-02-04;00:00;MP2;Nat. Eingang;2881297T;NV Guth;9;9;649.0;
2026-02-04;00:00;MP2;Nat. Eingang;2881298T;NV Guth;1;1;250.0;
2026-02-04;00:00;MP2;Nat. Eingang;2881300T;NV VP Logistik;2;2;400.0;
2026-02-04;00:00;MP2;Nat. Eingang;2881302T;NV Silagi;2;2;192.0;
2026-02-04;00:00;MP2;Nat. Eingang;2881497T;Hofmanagement;15;51;14505.7;
2026-02-04;00:00;MP2;Nat. Eingang;2881531T;NV AS Transporte;2;2;307.0;
2026-02-04;00:00;MP2;Nat. Eingang;2881533T;NV AS Transporte;14;38;9722.0;
2026-02-04;00:00;MP2;Nat. Eingang;2881535T;NV Ciortan;5;13;1445.0;
2026-02-04;00:00;MP2;Nat. Eingang;2881537T;NV Ciortan;7;166;30963.0;
2026-02-04;00:00;MP2;Nat. Eingang;2881544T;WAB NV - Abholer;13;21;8772.0;
2026-02-04;00:00;MP2;Nat. Eingang;2881554T;WAB NV - Abholer;24;143;6470.2;
2026-02-04;00:00;MP2;Nat. Eingang;2881564T;WAB NV - erweitert;17;17;2263.8;
2026-02-04;00:00;MP2;Nat. Eingang;2881570T;WAB NV - Abholer;27;30;3070.0;
2026-02-04;00:00;MP2;Nat. Eingang;2881576T;WAB NV - Abholer;21;48;2203.5;
2026-02-04;00:00;MP2;Nat. Eingang;2881580T;WAB NV - Abholer;20;41;2546.6;
2026-02-04;00:00;MP2;Nat. Eingang;2881586T;WAB NV - Abholer;11;164;36404.0;
2026-02-04;00:00;MP2;Nat. Eingang;2881598T;WAB NV - Abholer;22;70;16386.0;
2026-02-04;00:00;MP2;Nat. Eingang;2881608T;WAB NV - Abholer;19;40;11795.0;
2026-02-04;00:00;MP2;Nat. Eingang;2881628T;WAB NV - Abholer;57;143;19427.4;
2026-02-04;00:00;MP2;Nat. Eingang;2881634T;WAB NV - Abholer;26;50;10315.0;
2026-02-04;00:00;MP2;Nat. Eingang;2881642T;WAB NV - erweitert;8;859;227026.0;
2026-02-04;00:00;MP2;Nat. Eingang;2881648T;WAB NV - Abholer;34;37;11635.0;
2026-02-04;00:00;MP2;Nat. Eingang;2881662T;WAB NV - Abholer;19;22;3647.0;
2026-02-04;00:00;MP2;Nat. Eingang;2881672T;WAB NV - Abholer;13;13;2139.0;
2026-02-04;00:00;MP2;Nat. Eingang;2881682T;WAB NV - Abholer;15;15;1635.4;
2026-02-04;00:00;MP2;Nat. Eingang;2881692T;WAB NV - Abholer;3;11;1700.0;
2026-02-04;00:00;MP2;Nat. Eingang;2881702T;WAB NV - Abholer;13;40;20423.5;
2026-02-04;00:00;MP2;Nat. Eingang;2881722T;WAB NV - Abholer;11;126;24755.0;
2026-02-04;00:00;MP2;Nat. Eingang;2881748T;WAB NV - Abholer;24;28;3713.8;
2026-02-04;00:00;MP2;Nat. Eingang;2881762T;WAB NV - Abholer;8;156;34135.0;
2026-02-04;00:00;MP2;Nat. Eingang;2881788T;WAB NV - Abholer;11;14;5686.0;
2026-02-04;00:00;MP2;Nat. Eingang;2881798T;WAB NV - Abholer;22;22;4938.0;
2026-02-04;00:00;MP2;Nat. Eingang;2881818T;WAB NV - Abholer;21;74;30421.5;
2026-02-04;00:00;MP2;Nat. Eingang;2881828T;WAB NV - Abholer;20;298;11730.3;
2026-02-04;00:00;MP2;Nat. Eingang;2881883T;NV Ciortan;3;3;414.4;
2026-02-04;00:00;MP2;Nat. Eingang;2881895T;NV Yeritsyan;2;5;652.0;
2026-02-04;00:00;MP2;Nat. Eingang;2881897T;NV Yeritsyan;3;6;1045.0;
2026-02-04;00:00;MP2;Nat. Eingang;2881898T;NV Yeritsyan;3;35;2822.0;
2026-02-04;00:00;MP2;Nat. Eingang;2881915T;WAB NV - Abholer;10;150;25040.0;
2026-02-04;00:00;MP2;Nat. Eingang;2881917T;WAB NV - Abholer;5;16;6924.8;
2026-02-04;00:00;MP2;Nat. Eingang;2881928T;WAB NV - Abholer;36;40;3003.9;
2026-02-04;00:00;MP2;Nat. Eingang;2881942T;WAB NV - Abholer;28;31;5231.4;
2026-02-04;00:00;MP2;Nat. Eingang;2881944T;WAB NV - Abholer;7;121;52728.0;
2026-02-04;00:00;MP2;Nat. Eingang;2881968T;WAB NV - Abholer;18;29;3447.0;
2026-02-04;00:00;MP2;Nat. Eingang;2881978T;WAB NV - Abholer;22;25;1706.5;
2026-02-04;00:00;MP2;Nat. Eingang;2881980T;WAB NV - Abholer;24;48;4600.5;
2026-02-04;00:00;MP2;Nat. Eingang;2881994T;WAB NV - Abholer;35;161;57040.2;
2026-02-04;00:00;MP2;Nat. Eingang;2881996T;WAB NV - Abholer;34;160;63641.2;
2026-02-04;00:00;MP2;Nat. Eingang;2881998T;WAB NV - Abholer;41;79;16021.2;
2026-02-04;00:00;MP2;Nat. Eingang;2882004T;WAB NV - Abholer;32;32;7272.0;
2026-02-04;00:00;MP2;Nat. Eingang;2882006T;WAB NV - Abholer;17;95;10960.2;
2026-02-04;00:00;MP2;Nat. Eingang;2882008T;WAB NV - Abholer;12;24;2869.5;
2026-02-04;00:00;MP2;Nat. Eingang;2882022T;WAB NV - Abholer;13;19;9040.0;
2026-02-04;00:00;MP2;Nat. Eingang;2882054T;NV AS Transporte;8;160;30383.8;
2026-02-04;00:00;MP2;Nat. Eingang;2882056T;NV Yeritsyan;2;2;250.0;
2026-02-04;00:00;MP2;Nat. Eingang;2882058T;NV VP Logistik;3;3;132.7;
2026-02-04;00:00;MP2;Nat. Eingang;2882075T;NV Yeritsyan;5;11;1623.0;
2026-02-04;00:00;MP2;Nat. Eingang;2882077T;Sonderfahrten;2;2;150.0;
2026-02-04;00:00;MP2;Nat. Eingang;2882079T;NV LT Trans;6;6;1043.0;
2026-02-04;00:00;MP2;Nat. Eingang;2882080T;NV LT Trans;2;2;177.0;
2026-02-04;00:00;MP2;Nat. Eingang;2882084T;NV LT Trans;4;4;255.0;
2026-02-04;00:00;MP2;Nat. Eingang;2882086T;NV LT Trans;3;27;5025.0;
2026-02-04;00:00;MP2;Nat. Eingang;2882087T;NV Silagi;1;4;2056.0;
2026-02-04;00:00;MP2;Nat. Eingang;2882088T;NV Silagi;6;6;495.0;
2026-02-04;00:00;MP2;Nat. Eingang;2882090T;Sonderfahrten;6;8;330.0;
2026-02-04;00:00;MP2;Nat. Eingang;2882124T;WAB NV - Abholer;18;99;13143.9;
2026-02-04;00:00;MP2;Nat. Eingang;2882144T;NV Silagi;3;27;3457.0;
2026-02-04;00:00;MP2;Nat. Eingang;2882145T;NV Silagi;2;2;321.0;
2026-02-04;00:00;MP2;Nat. Eingang;2882167T;NV Strauss;4;4;640.0;
2026-02-04;00:00;MP2;Nat. Eingang;2883433T;NV AS Transporte;2;2;264.0;
2026-02-04;00:00;MP2;Nat. Eingang;2883434T;NV Ciortan;3;18;3286.0;
2026-02-04;00:00;MP2;Nat. Eingang;2883435T;NV VP Logistik;3;3;802.0;
2026-02-04;00:00;MP2;Nat. Eingang;2883436T;NV VP Logistik;1;4;414.0;
2026-02-04;00:00;MP2;Nat. Eingang;2883439T;NV Fischer;2;2;380.0;
2026-02-04;00:00;MP2;Nat. Eingang;2883442T;NV DS Transporte;3;3;265.0;
2026-02-04;00:00;MP2;Nat. Eingang;2883444T;NV Tiroch;2;2;375.0;
2026-02-04;00:00;MP2;Nat. Eingang;2883445T;NV Tiroch;9;48;4454.0;
2026-02-04;00:00;MP2;Nat. Eingang;2883477T;NV Strauss;14;20;4730.0;
2026-02-04;00:00;MP2;Nat. Eingang;2883499T;NV DS Transporte;5;6;513.0;
2026-02-04;00:00;MP2;Nat. Eingang;2884680T;NV Silagi;1;1;143.0;
2026-02-04;00:00;MP2;Nat. Eingang;2887049T;WAB NV - Abholer;3;121;30350.0;
2026-02-04;00:00;MP2;Nat. Eingang;2896090T;Fallback;1;36;11214.0;
2026-02-04;00:00;MP4;Nat. Ausgang;;;22;52;10338.3;
2026-02-04;00:00;MP4;Nat. Ausgang;2875713T;Linien Süd;1;2;39.0;
2026-02-04;00:00;MP4;Nat. Ausgang;2877367T;Fallback;1;1;25.0;
2026-02-04;00:00;MP4;Nat. Ausgang;2877589T;Linien International;1;2;1010.0;
2026-02-04;00:00;MP4;Nat. Ausgang;2877609T;Linien Süd;1;6;2866.8;
2026-02-04;00:00;MP4;Nat. Ausgang;2877611T;Linien Süd;1;2;600.5;
2026-02-04;00:00;MP4;Nat. Ausgang;2879303T;Linien Ost;1;1;90.0;
2026-02-04;00:00;MP4;Nat. Ausgang;2879337T;Linien Mitte;1;4;1381.0;
2026-02-04;00:00;MP4;Nat. Ausgang;2879347T;Linien Süd;1;5;1000.0;
2026-02-04;00:00;MP4;Nat. Ausgang;2879874T;Fallback;1;4;780.0;
2026-02-04;00:00;MP4;Nat. Ausgang;2880098T;Linien International;1;2;815.0;
2026-02-04;00:00;MP4;Nat. Ausgang;2880106T;Linien Süd;1;4;816.0;
2026-02-04;00:00;MP4;Nat. Ausgang;2880118T;Linien Südwest;1;1;1.0;
2026-02-04;00:00;MP4;Nat. Ausgang;2880538T;Linien Mitte;1;5;302.5;
2026-02-04;00:00;MP4;Nat. Ausgang;2880578T;Linien Mitte;1;1;90.4;
2026-02-04;00:00;MP4;Nat. Ausgang;2880582T;Linien Mitte;1;2;395.0;
2026-02-04;00:00;MP4;Nat. Ausgang;2881403T;Linien International;40;58;15965.2;
2026-02-04;00:00;MP4;Nat. Ausgang;2881405T;Linien International;20;124;23341.9;
2026-02-04;00:00;MP4;Nat. Ausgang;2881409T;Linien International;22;171;22999.0;
2026-02-04;00:00;MP4;Nat. Ausgang;2881413T;Linien Süd;18;51;12326.0;
2026-02-04;00:00;MP4;Nat. Ausgang;2881415T;Linien Süd;6;12;2098.4;
2026-02-04;00:00;MP4;Nat. Ausgang;2881417T;Linien Süd;72;139;30145.6;
2026-02-04;00:00;MP4;Nat. Ausgang;2881421T;Linien Süd;22;57;6880.4;
2026-02-04;00:00;MP4;Nat. Ausgang;2881425T;Linien Süd;38;83;24470.4;
2026-02-04;00:00;MP4;Nat. Ausgang;2881427T;Linien Süd;8;138;28874.0;
2026-02-04;00:00;MP4;Nat. Ausgang;2881429T;Linien Südwest;18;50;6857.5;
2026-02-04;00:00;MP4;Nat. Ausgang;2881433T;Linien Südwest;26;121;18828.5;
2026-02-04;00:00;MP4;Nat. Ausgang;2881483T;Fernverkehr AS;22;119;11535.4;
2026-02-04;00:00;MP4;Nat. Ausgang;2881487T;Fernverkehr AS;23;32;9319.2;
2026-02-04;00:00;MP4;Nat. Ausgang;2881837T;Linien Ruhr;15;112;11297.3;
2026-02-04;00:00;MP4;Nat. Ausgang;2881841T;Linien Ruhr;34;107;18383.6;
2026-02-04;00:00;MP4;Nat. Ausgang;2881845T;Linien Ruhr;47;160;32533.8;
2026-02-04;00:00;MP4;Nat. Ausgang;2881849T;Linien Mitte;23;177;38734.0;
2026-02-04;00:00;MP4;Nat. Ausgang;2881855T;Linien Ost;34;98;24362.7;
2026-02-04;00:00;MP4;Nat. Ausgang;2881859T;Linien Südwest;23;44;9891.9;
2026-02-04;00:00;MP4;Nat. Ausgang;2881863T;Linien Südwest;24;111;29156.8;
2026-02-04;00:00;MP4;Nat. Ausgang;2881867T;Linien Süd;31;46;11437.6;
2026-02-04;00:00;MP4;Nat. Ausgang;2881871T;Linien Süd;29;70;10055.8;
2026-02-04;00:00;MP4;Nat. Ausgang;2881875T;Linien Süd;29;69;16667.4;
2026-02-04;00:00;MP4;Nat. Ausgang;2881879T;Linien Ost;42;138;22909.0;
2026-02-04;00:00;MP4;Nat. Ausgang;2881885T;Linien Süd;15;66;15514.7;
2026-02-04;00:00;MP4;Nat. Ausgang;2881889T;Linien Mitte;10;16;2900.3;
2026-02-04;00:00;MP4;Nat. Ausgang;2881893T;Linien Mitte;33;104;22333.2;
2026-02-04;00:00;MP4;Nat. Ausgang;2881899T;Linien Süd;23;339;81857.0;
2026-02-04;00:00;MP4;Nat. Ausgang;2881901T;Linien Südwest;27;119;22885.2;
2026-02-04;00:00;MP4;Nat. Ausgang;2881905T;Linien International;21;220;36694.5;
2026-02-04;00:00;MP4;Nat. Ausgang;2881909T;Linien Ost;26;384;62333.6;
2026-02-04;00:00;MP4;Nat. Ausgang;2882026T;Linien International;35;76;11591.2;
2026-02-04;00:00;MP4;Nat. Ausgang;2882028T;Linien International;16;54;14478.7;
2026-02-04;00:00;MP4;Nat. Ausgang;2882032T;Linien International;1;1;92.0;
2026-02-04;00:00;MP4;Nat. Ausgang;2882034T;Linien International;9;32;12352.8;
2026-02-04;00:00;MP4;Nat. Ausgang;2882042T;Linien Süd;23;50;10979.9;
2026-02-04;00:00;MP4;Nat. Ausgang;2882046T;Linien Süd;6;6;918.4;
2026-02-04;00:00;MP4;Nat. Ausgang;2882048T;Linien Süd;16;22;5350.7;
2026-02-04;00:00;MP4;Nat. Ausgang;2882052T;Linien Süd;5;47;9437.0;
2026-02-04;00:00;MP4;Nat. Ausgang;2882059T;Linien Mitte;21;59;12986.1;
2026-02-04;00:00;MP4;Nat. Ausgang;2882105T;Linien Nord;17;34;6952.2;
2026-02-04;00:00;MP4;Nat. Ausgang;2882107T;Linien Ruhr;19;109;29575.4;
2026-02-04;00:00;MP4;Nat. Ausgang;2882113T;Linien Süd;17;71;9746.5;
2026-02-04;00:00;MP4;Nat. Ausgang;2882117T;Linien Süd;22;91;20381.2;
2026-02-04;00:00;MP4;Nat. Ausgang;2882121T;Linien Süd;4;7;1704.0;
2026-02-04;00:00;MP4;Nat. Ausgang;2882805T;Fernverkehr AS;6;12;1602.2;
2026-02-04;00:00;MP4;Nat. Ausgang;2883135T;Linien Ruhr;21;59;5138.3;
2026-02-04;00:00;MP4;Nat. Ausgang;2883151T;Linien Mitte;5;8;934.7;
2026-02-04;00:00;MP4;Nat. Ausgang;2883324T;Linien International;1;1;621.0;
2026-02-04;00:00;MP4;Nat. Ausgang;2883326T;Linien International;3;3;414.2;
2026-02-04;00:00;MP4;Nat. Ausgang;2883334T;Linien Nord;22;46;4250.1;
2026-02-04;00:00;MP4;Nat. Ausgang;2883338T;Linien Nord;7;18;5383.4;
2026-02-04;00:00;MP4;Nat. Ausgang;2883357T;Linien Mitte;5;5;699.5;
2026-02-04;00:00;MP4;Nat. Ausgang;2883392T;Linien Nord;14;59;10957.5;
2026-02-04;00:00;MP4;Nat. Ausgang;2883396T;Linien Mitte;28;97;12938.8;
2026-02-04;00:00;MP4;Nat. Ausgang;2883466T;WAB NV - großer NV;4;4;185.2;
2026-02-04;00:00;MP4;Nat. Ausgang;2883532T;Linien International;16;38;10297.9;
2026-02-04;00:00;MP4;Nat. Ausgang;2883559T;Linien Südwest;14;23;3597.2;
2026-02-04;00:00;MP4;Nat. Ausgang;2883577T;Linien Südwest;23;46;18674.5;
2026-02-04;00:00;MP4;Nat. Ausgang;2883604T;Linien International;12;104;50747.0;
2026-02-04;00:00;MP4;Nat. Ausgang;2884105T;Fernverkehr AS;9;44;3550.7;
2026-02-04;00:00;MP4;Nat. Ausgang;2884495T;Linien Mitte;29;89;16228.9;
2026-02-04;00:00;MP4;Nat. Ausgang;2884840T;Linien Ost;10;98;11808.3;
2026-02-04;00:00;MP4;Nat. Ausgang;2884844T;Linien Ost;7;61;12018.4;
2026-02-04;00:00;MP4;Nat. Ausgang;2886109T;Linien Mitte;17;37;9299.8;
2026-02-04;00:00;MP4a;Sonderausgang;2872605T;WAB NV - großer NV;1;1;68.0;
2026-02-04;00:00;MP4a;Sonderausgang;2875736T;NV Ciortan;1;1;190.0;
2026-02-04;00:00;MP4a;Sonderausgang;2877038T;NV DS Transporte;1;1;76.0;
2026-02-04;00:00;MP4a;Sonderausgang;2879346T;NV Yeritsyan;1;5;1675.0;
2026-02-04;00:00;MP4a;Sonderausgang;2879873T;Fallback;1;1;1.0;
2026-02-04;00:00;MP4a;Sonderausgang;2880843T;NV DS Transporte;1;1;23.0;
2026-02-04;00:00;MP4a;Sonderausgang;2881160T;NV DS Transporte;1;1;114.0;
2026-02-04;00:00;MP4a;Sonderausgang;2881162T;NV Fischer;4;4;1143.0;
2026-02-04;00:00;MP4a;Sonderausgang;2881163T;NV Fischer;1;1;347.0;
2026-02-04;00:00;MP4a;Sonderausgang;2881164T;NV Fischer;1;1;250.0;
2026-02-04;00:00;MP4a;Sonderausgang;2881169T;NV Strauss;3;6;1133.7;
2026-02-04;00:00;MP4a;Sonderausgang;2881176T;NV Strauss;1;1;135.0;
2026-02-04;00:00;MP4a;Sonderausgang;2881178T;NV DS Transporte;2;13;3454.0;
2026-02-04;00:00;MP4a;Sonderausgang;2881185T;Fallback;1;1;1.0;
2026-02-04;00:00;MP4a;Sonderausgang;2881206T;NV DS Transporte;1;1;150.0;
2026-02-04;00:00;MP4a;Sonderausgang;2881210T;NV DS Transporte;1;16;104.0;
2026-02-04;00:00;MP4a;Sonderausgang;2881213T;NV DS Transporte;2;5;1340.0;
2026-02-04;00:00;MP4a;Sonderausgang;2881221T;NV AS Transporte;1;2;240.0;
2026-02-04;00:00;MP4a;Sonderausgang;2881222T;NV AS Transporte;3;11;1768.2;
2026-02-04;00:00;MP4a;Sonderausgang;2881231T;NV AS Transporte;1;1;162.0;
2026-02-04;00:00;MP4a;Sonderausgang;2881234T;NV AS Transporte;1;4;106.0;
2026-02-04;00:00;MP4a;Sonderausgang;2881240T;NV Tiroch;2;2;665.0;
2026-02-04;00:00;MP4a;Sonderausgang;2881242T;NV Tiroch;7;7;1758.0;
2026-02-04;00:00;MP4a;Sonderausgang;2881246T;NV Tiroch;11;14;350.0;
2026-02-04;00:00;MP4a;Sonderausgang;2881251T;NV AS Transporte;1;1;206.0;
2026-02-04;00:00;MP4a;Sonderausgang;2881252T;NV AS Transporte;1;1;495.0;
2026-02-04;00:00;MP4a;Sonderausgang;2881269T;NV Alexandru;1;1;45.0;
2026-02-04;00:00;MP4a;Sonderausgang;2881271T;NV Strauss;1;1;345.0;
2026-02-04;00:00;MP4a;Sonderausgang;2881281T;NV AS Transporte;1;1;555.0;
2026-02-04;00:00;MP4a;Sonderausgang;2881284T;NV Bogos Transporte;1;1;265.0;
2026-02-04;00:00;MP4a;Sonderausgang;2881286T;NV Bogos Transporte;2;2;138.0;
2026-02-04;00:00;MP4a;Sonderausgang;2881288T;NV VP Logistik;4;7;1741.0;
2026-02-04;00:00;MP4a;Sonderausgang;2881289T;NV VP Logistik;3;3;379.0;
2026-02-04;00:00;MP4a;Sonderausgang;2881291T;NV VP Logistik;2;2;677.0;
2026-02-04;00:00;MP4a;Sonderausgang;2881296T;NV Tuncay;1;1;15.0;
2026-02-04;00:00;MP4a;Sonderausgang;2881300T;NV VP Logistik;3;3;275.0;
2026-02-04;00:00;MP4a;Sonderausgang;2881302T;NV Silagi;1;1;125.0;
2026-02-04;00:00;MP4a;Sonderausgang;2881531T;NV AS Transporte;1;9;9000.0;
2026-02-04;00:00;MP4a;Sonderausgang;2881533T;NV AS Transporte;1;4;690.0;
2026-02-04;00:00;MP4a;Sonderausgang;2881535T;NV Ciortan;1;1;150.0;
2026-02-04;00:00;MP4a;Sonderausgang;2881537T;NV Ciortan;2;26;2704.9;
2026-02-04;00:00;MP4a;Sonderausgang;2881574T;WAB NV - großer NV;1;1;642.2;
2026-02-04;00:00;MP4a;Sonderausgang;2881584T;WAB NV - großer NV;2;37;14450.2;
2026-02-04;00:00;MP4a;Sonderausgang;2881606T;WAB NV - großer NV;4;201;44900.0;
2026-02-04;00:00;MP4a;Sonderausgang;2881626T;WAB NV - großer NV;1;9;780.5;
2026-02-04;00:00;MP4a;Sonderausgang;2881680T;WAB NV - großer NV;2;17;5688.0;
2026-02-04;00:00;MP4a;Sonderausgang;2881700T;WAB NV - großer NV;1;16;12000.0;
2026-02-04;00:00;MP4a;Sonderausgang;2881710T;WAB NV - großer NV;2;50;8834.1;
2026-02-04;00:00;MP4a;Sonderausgang;2881730T;WAB NV - großer NV;1;8;8000.0;
2026-02-04;00:00;MP4a;Sonderausgang;2881786T;WAB NV - großer NV;1;121;24200.0;
2026-02-04;00:00;MP4a;Sonderausgang;2881816T;WAB NV - großer NV;3;30;4643.0;
2026-02-04;00:00;MP4a;Sonderausgang;2881897T;NV Yeritsyan;1;1;137.0;
2026-02-04;00:00;MP4a;Sonderausgang;2881898T;NV Yeritsyan;3;6;1396.0;
2026-02-04;00:00;MP4a;Sonderausgang;2881923T;WAB NV - großer NV;1;16;2592.0;
2026-02-04;00:00;MP4a;Sonderausgang;2882017T;WAB NV - großer NV;2;17;13130.0;
2026-02-04;00:00;MP4a;Sonderausgang;2882057T;Sonderfahrten;2;2;236.2;
2026-02-04;00:00;MP4a;Sonderausgang;2882075T;NV Yeritsyan;2;6;1964.0;
2026-02-04;00:00;MP4a;Sonderausgang;2882080T;NV LT Trans;1;1;129.0;
2026-02-04;00:00;MP4a;Sonderausgang;2882083T;NV LT Trans;1;1;384.0;
2026-02-04;00:00;MP4a;Sonderausgang;2882085T;NV LT Trans;1;1;72.0;
2026-02-04;00:00;MP4a;Sonderausgang;2882086T;NV LT Trans;1;16;176.0;
2026-02-04;00:00;MP4a;Sonderausgang;2882087T;NV Silagi;5;5;791.0;
2026-02-04;00:00;MP4a;Sonderausgang;2882088T;NV Silagi;1;1;60.0;
2026-02-04;00:00;MP4a;Sonderausgang;2882090T;Sonderfahrten;1;1;570.0;
2026-02-04;00:00;MP4a;Sonderausgang;2882092T;Sonderfahrten;1;1;201.0;
2026-02-04;00:00;MP4a;Sonderausgang;2882144T;NV Silagi;2;3;974.0;
2026-02-04;00:00;MP4a;Sonderausgang;2882145T;NV Silagi;1;4;510.0;
2026-02-04;00:00;MP4a;Sonderausgang;2882148T;WAB NV - großer NV;1;1;36.0;
2026-02-04;00:00;MP4a;Sonderausgang;2882150T;NV AS Transporte;1;1;123.0;
2026-02-04;00:00;MP4a;Sonderausgang;2882190T;WAB NV - großer NV;1;4;1092.0;
2026-02-04;00:00;MP4a;Sonderausgang;2882926T;WAB NV - großer NV;1;16;1600.0;
2026-02-04;00:00;MP4a;Sonderausgang;2882942T;WAB NV - großer NV;1;256;99328.0;
2026-02-04;00:00;MP4a;Sonderausgang;2883421T;WAB NV - großer NV;1;4;444.8;
2026-02-04;00:00;MP4a;Sonderausgang;2883433T;NV AS Transporte;1;1;3.0;
2026-02-04;00:00;MP4a;Sonderausgang;2883434T;NV Ciortan;2;2;268.0;
2026-02-04;00:00;MP4a;Sonderausgang;2883436T;NV VP Logistik;1;1;131.0;
2026-02-04;00:00;MP4a;Sonderausgang;2883437T;NV VP Logistik;4;4;395.0;
2026-02-04;00:00;MP4a;Sonderausgang;2883438T;NV VP Logistik;2;5;1059.0;
2026-02-04;00:00;MP4a;Sonderausgang;2883439T;NV Fischer;1;1;48.0;
2026-02-04;00:00;MP4a;Sonderausgang;2883442T;NV DS Transporte;3;3;139.0;
2026-02-04;00:00;MP4a;Sonderausgang;2883443T;NV Tiroch;2;2;1040.0;
2026-02-04;00:00;MP4a;Sonderausgang;2883444T;NV Tiroch;1;1;400.0;
2026-02-04;00:00;MP4a;Sonderausgang;2883446T;NV Tiroch;5;5;464.0;
2026-02-04;00:00;MP4a;Sonderausgang;2883477T;NV Strauss;3;38;4661.0;
2026-02-04;00:00;MP4a;Sonderausgang;2883478T;WAB NV - großer NV;12;12;1451.5;
2026-02-04;00:00;MP4a;Sonderausgang;2883515T;WAB NV - großer NV;3;183;25347.5;
2026-02-04;00:00;MP4a;Sonderausgang;2883550T;WAB NV - großer NV;5;25;5390.8;
2026-02-04;00:00;MP4a;Sonderausgang;2883559T;Linien Südwest;1;576;228936.0;
2026-02-04;00:00;MP4a;Sonderausgang;2883598T;WAB NV - großer NV;12;73;16176.0;
2026-02-04;00:00;MP4a;Sonderausgang;2883634T;WAB NV - großer NV;4;147;19592.0;
2026-02-04;00:00;MP4a;Sonderausgang;2883636T;Sonderfahrten;4;4;834.0;
2026-02-04;00:00;MP4a;Sonderausgang;2883655T;WAB NV - großer NV;3;30;2398.0;
2026-02-04;00:00;MP4a;Sonderausgang;2883686T;WAB NV - großer NV;1;1;35.0;
2026-02-04;00:00;MP4a;Sonderausgang;2888444T;Sonderfahrten;1;1;29.2;
2026-02-04;00:00;MP5;SE Entladung FV;;;1901;11375;2127110.5;
2026-02-04;00:00;MP7;SA Verladung FV;2878605T;NV Fischer;1;2;80.0;
2026-02-04;00:00;MP7;SA Verladung FV;2878981T;NV AS Transporte;1;3;1541.0;
2026-02-04;00:00;MP7;SA Verladung FV;2881159T;NV DS Transporte;11;22;7649.0;
2026-02-04;00:00;MP7;SA Verladung FV;2881160T;NV DS Transporte;8;29;1228.7;
2026-02-04;00:00;MP7;SA Verladung FV;2881161T;NV Fischer;16;34;5900.2;
2026-02-04;00:00;MP7;SA Verladung FV;2881162T;NV Fischer;7;31;2123.1;
2026-02-04;00:00;MP7;SA Verladung FV;2881163T;NV Fischer;15;57;3386.0;
2026-02-04;00:00;MP7;SA Verladung FV;2881164T;NV Fischer;7;24;7093.0;
2026-02-04;00:00;MP7;SA Verladung FV;2881165T;NV Fischer;14;31;4029.3;
2026-02-04;00:00;MP7;SA Verladung FV;2881166T;NV DS Transporte;9;57;7214.0;
2026-02-04;00:00;MP7;SA Verladung FV;2881167T;NV DS Transporte;1;49;2907.7;
2026-02-04;00:00;MP7;SA Verladung FV;2881168T;NV Strauss;9;44;6162.0;
2026-02-04;00:00;MP7;SA Verladung FV;2881169T;NV Strauss;7;10;1448.0;
2026-02-04;00:00;MP7;SA Verladung FV;2881172T;NV Strauss;13;25;707.9;
2026-02-04;00:00;MP7;SA Verladung FV;2881173T;NV Strauss;8;8;451.0;
2026-02-04;00:00;MP7;SA Verladung FV;2881176T;NV Strauss;8;20;3562.8;
2026-02-04;00:00;MP7;SA Verladung FV;2881178T;NV DS Transporte;10;42;3001.0;
2026-02-04;00:00;MP7;SA Verladung FV;2881179T;NV DS Transporte;10;77;12015.0;
2026-02-04;00:00;MP7;SA Verladung FV;2881180T;NV AS Transporte;12;46;10159.9;
2026-02-04;00:00;MP7;SA Verladung FV;2881181T;NV AS Transporte;15;44;9954.0;
2026-02-04;00:00;MP7;SA Verladung FV;2881184T;NV Fischer;7;30;12693.0;
2026-02-04;00:00;MP7;SA Verladung FV;2881206T;NV DS Transporte;10;31;9307.0;
2026-02-04;00:00;MP7;SA Verladung FV;2881207T;NV DS Transporte;9;44;6417.0;
2026-02-04;00:00;MP7;SA Verladung FV;2881208T;NV Strauss;9;36;8469.2;
2026-02-04;00:00;MP7;SA Verladung FV;2881209T;NV Strauss;8;46;8327.0;
2026-02-04;00:00;MP7;SA Verladung FV;2881210T;NV DS Transporte;8;49;1135.5;
2026-02-04;00:00;MP7;SA Verladung FV;2881211T;NV DS Transporte;10;27;10476.3;
2026-02-04;00:00;MP7;SA Verladung FV;2881212T;NV DS Transporte;8;37;5921.0;
2026-02-04;00:00;MP7;SA Verladung FV;2881213T;NV DS Transporte;8;14;1205.0;
2026-02-04;00:00;MP7;SA Verladung FV;2881214T;NV DS Transporte;9;48;6771.0;
2026-02-04;00:00;MP7;SA Verladung FV;2881216T;NV DS Transporte;10;21;652.0;
2026-02-04;00:00;MP7;SA Verladung FV;2881217T;NV Ciortan;11;15;2860.9;
2026-02-04;00:00;MP7;SA Verladung FV;2881220T;NV Ciortan;16;22;822.5;
2026-02-04;00:00;MP7;SA Verladung FV;2881221T;NV AS Transporte;12;33;3971.0;
2026-02-04;00:00;MP7;SA Verladung FV;2881222T;NV AS Transporte;10;29;3539.0;
2026-02-04;00:00;MP7;SA Verladung FV;2881223T;NV AS Transporte;12;75;5857.0;
2026-02-04;00:00;MP7;SA Verladung FV;2881226T;NV DS Transporte;8;62;8845.0;
2026-02-04;00:00;MP7;SA Verladung FV;2881227T;NV DS Transporte;6;60;10626.2;
2026-02-04;00:00;MP7;SA Verladung FV;2881228T;NV DS Transporte;11;14;660.0;
2026-02-04;00:00;MP7;SA Verladung FV;2881229T;NV AS Transporte;14;114;18669.5;
2026-02-04;00:00;MP7;SA Verladung FV;2881231T;NV AS Transporte;13;76;8481.5;
2026-02-04;00:00;MP7;SA Verladung FV;2881232T;NV Ciortan;17;519;8705.0;
2026-02-04;00:00;MP7;SA Verladung FV;2881234T;NV AS Transporte;10;418;6057.0;
2026-02-04;00:00;MP7;SA Verladung FV;2881236T;NV AS Transporte;14;14;1256.1;
2026-02-04;00:00;MP7;SA Verladung FV;2881240T;NV Tiroch;14;32;1515.4;
2026-02-04;00:00;MP7;SA Verladung FV;2881241T;NV Tiroch;10;30;6837.0;
2026-02-04;00:00;MP7;SA Verladung FV;2881242T;NV Tiroch;6;9;837.0;
2026-02-04;00:00;MP7;SA Verladung FV;2881246T;NV Tiroch;3;1620;30284.0;
2026-02-04;00:00;MP7;SA Verladung FV;2881247T;NV Tiroch;13;34;6146.4;
2026-02-04;00:00;MP7;SA Verladung FV;2881248T;DM AS-Transport;14;26;8909.0;
2026-02-04;00:00;MP7;SA Verladung FV;2881249T;DM AS-Transport;10;37;12575.0;
2026-02-04;00:00;MP7;SA Verladung FV;2881250T;DM AS-Transport;10;31;10493.0;
2026-02-04;00:00;MP7;SA Verladung FV;2881252T;NV AS Transporte;13;19;1552.0;
2026-02-04;00:00;MP7;SA Verladung FV;2881256T;DM AS-Transport;6;63;26492.0;
2026-02-04;00:00;MP7;SA Verladung FV;2881257T;DM AS-Transport;6;12;3361.0;
2026-02-04;00:00;MP7;SA Verladung FV;2881259T;NV AS Transporte;13;34;10385.8;
2026-02-04;00:00;MP7;SA Verladung FV;2881269T;NV Alexandru;13;19;3285.0;
2026-02-04;00:00;MP7;SA Verladung FV;2881271T;NV Strauss;9;12;2344.0;
2026-02-04;00:00;MP7;SA Verladung FV;2881272T;NV Strauss;8;8;1386.0;
2026-02-04;00:00;MP7;SA Verladung FV;2881274T;Sonderfahrten;9;17;329.0;
2026-02-04;00:00;MP7;SA Verladung FV;2881281T;NV AS Transporte;10;16;4493.0;
2026-02-04;00:00;MP7;SA Verladung FV;2881282T;NV Bogos Transporte;13;31;3301.0;
2026-02-04;00:00;MP7;SA Verladung FV;2881284T;NV Bogos Transporte;16;25;3577.0;
2026-02-04;00:00;MP7;SA Verladung FV;2881286T;NV Bogos Transporte;8;26;3825.0;
2026-02-04;00:00;MP7;SA Verladung FV;2881288T;NV VP Logistik;14;25;5795.0;
2026-02-04;00:00;MP7;SA Verladung FV;2881289T;NV VP Logistik;10;40;2226.0;
2026-02-04;00:00;MP7;SA Verladung FV;2881291T;NV VP Logistik;5;35;1482.0;
2026-02-04;00:00;MP7;SA Verladung FV;2881294T;NV Tuncay;10;13;1939.0;
2026-02-04;00:00;MP7;SA Verladung FV;2881295T;NV Tuncay;11;11;2599.0;
2026-02-04;00:00;MP7;SA Verladung FV;2881296T;NV Tuncay;7;28;8705.0;
2026-02-04;00:00;MP7;SA Verladung FV;2881297T;NV Guth;8;17;2543.0;
2026-02-04;00:00;MP7;SA Verladung FV;2881298T;NV Guth;10;27;3061.0;
2026-02-04;00:00;MP7;SA Verladung FV;2881299T;NV Guth;11;50;9109.0;
2026-02-04;00:00;MP7;SA Verladung FV;2881300T;NV VP Logistik;8;35;8979.0;
2026-02-04;00:00;MP7;SA Verladung FV;2881301T;Sonderfahrten;4;87;8271.0;
2026-02-04;00:00;MP7;SA Verladung FV;2881302T;NV Silagi;14;17;1123.0;
2026-02-04;00:00;MP7;SA Verladung FV;2881459T;DM AS-Transport;17;99;33664.0;
2026-02-04;00:00;MP7;SA Verladung FV;2881461T;DM AS-Transport;12;73;22914.0;
2026-02-04;00:00;MP7;SA Verladung FV;2881463T;DM AS-Transport;23;62;21404.0;
2026-02-04;00:00;MP7;SA Verladung FV;2881465T;DM AS-Transport;12;48;17780.0;
2026-02-04;00:00;MP7;SA Verladung FV;2881471T;DM AS-Transport;21;68;22761.0;
2026-02-04;00:00;MP7;SA Verladung FV;2881473T;DM AS-Transport;12;48;15649.0;
2026-02-04;00:00;MP7;SA Verladung FV;2881475T;DM AS-Transport;17;87;30553.0;
2026-02-04;00:00;MP7;SA Verladung FV;2881477T;DM AS-Transport;16;43;15179.0;
2026-02-04;00:00;MP7;SA Verladung FV;2881531T;NV AS Transporte;14;33;8243.4;
2026-02-04;00:00;MP7;SA Verladung FV;2881533T;NV AS Transporte;16;84;17815.0;
2026-02-04;00:00;MP7;SA Verladung FV;2881535T;NV Ciortan;25;139;18581.2;
2026-02-04;00:00;MP7;SA Verladung FV;2881537T;NV Ciortan;13;71;12628.8;
2026-02-04;00:00;MP7;SA Verladung FV;2881574T;WAB NV - großer NV;11;51;11969.0;
2026-02-04;00:00;MP7;SA Verladung FV;2881584T;WAB NV - großer NV;11;55;23474.0;
2026-02-04;00:00;MP7;SA Verladung FV;2881596T;WAB NV - großer NV;7;257;79957.0;
2026-02-04;00:00;MP7;SA Verladung FV;2881606T;WAB NV - großer NV;5;5;1024.0;
2026-02-04;00:00;MP7;SA Verladung FV;2881626T;WAB NV - großer NV;13;507;94520.4;
2026-02-04;00:00;MP7;SA Verladung FV;2881632T;WAB NV - großer NV;3;48;15665.2;
2026-02-04;00:00;MP7;SA Verladung FV;2881660T;WAB NV - großer NV;15;57;25609.0;
2026-02-04;00:00;MP7;SA Verladung FV;2881670T;WAB NV - großer NV;10;123;17179.0;
2026-02-04;00:00;MP7;SA Verladung FV;2881680T;WAB NV - großer NV;3;27;8382.0;
2026-02-04;00:00;MP7;SA Verladung FV;2881690T;WAB NV - großer NV;10;190;45919.4;
2026-02-04;00:00;MP7;SA Verladung FV;2881700T;WAB NV - großer NV;10;56;24048.0;
2026-02-04;00:00;MP7;SA Verladung FV;2881710T;WAB NV - großer NV;9;64;4844.0;
2026-02-04;00:00;MP7;SA Verladung FV;2881712T;WAB NV - großer NV;8;454;10751.0;
2026-02-04;00:00;MP7;SA Verladung FV;2881730T;WAB NV - großer NV;9;104;35799.0;
2026-02-04;00:00;MP7;SA Verladung FV;2881746T;WAB NV - großer NV;7;76;34581.0;
2026-02-04;00:00;MP7;SA Verladung FV;2881770T;WAB NV - großer NV;5;20;4158.7;
2026-02-04;00:00;MP7;SA Verladung FV;2881786T;WAB NV - großer NV;2;5;2542.0;
2026-02-04;00:00;MP7;SA Verladung FV;2881796T;WAB NV - großer NV;6;45;33961.0;
2026-02-04;00:00;MP7;SA Verladung FV;2881826T;WAB NV - großer NV;3;68;30022.0;
2026-02-04;00:00;MP7;SA Verladung FV;2881836T;Sonderfahrten;3;14;1605.0;
2026-02-04;00:00;MP7;SA Verladung FV;2881883T;NV Ciortan;13;37;4665.0;
2026-02-04;00:00;MP7;SA Verladung FV;2881895T;NV Yeritsyan;15;50;6791.6;
2026-02-04;00:00;MP7;SA Verladung FV;2881897T;NV Yeritsyan;10;19;5791.5;
2026-02-04;00:00;MP7;SA Verladung FV;2881898T;NV Yeritsyan;10;104;3184.2;
2026-02-04;00:00;MP7;SA Verladung FV;2881923T;WAB NV - großer NV;4;15;4059.0;
2026-02-04;00:00;MP7;SA Verladung FV;2882017T;WAB NV - großer NV;6;70;26281.0;
2026-02-04;00:00;MP7;SA Verladung FV;2882054T;NV AS Transporte;14;37;9165.0;
2026-02-04;00:00;MP7;SA Verladung FV;2882056T;NV Yeritsyan;14;17;1763.2;
2026-02-04;00:00;MP7;SA Verladung FV;2882057T;Sonderfahrten;5;5;870.8;
2026-02-04;00:00;MP7;SA Verladung FV;2882058T;NV VP Logistik;6;6;773.0;
2026-02-04;00:00;MP7;SA Verladung FV;2882074T;NV Yeritsyan;5;5;1133.0;
2026-02-04;00:00;MP7;SA Verladung FV;2882075T;NV Yeritsyan;11;71;13727.4;
2026-02-04;00:00;MP7;SA Verladung FV;2882077T;Sonderfahrten;8;8;473.0;
2026-02-04;00:00;MP7;SA Verladung FV;2882078T;Sonderfahrten;2;82;5030.0;
2026-02-04;00:00;MP7;SA Verladung FV;2882079T;NV LT Trans;6;6;617.0;
2026-02-04;00:00;MP7;SA Verladung FV;2882080T;NV LT Trans;8;19;7634.6;
2026-02-04;00:00;MP7;SA Verladung FV;2882083T;NV LT Trans;6;17;3019.3;
2026-02-04;00:00;MP7;SA Verladung FV;2882084T;NV LT Trans;10;30;8197.0;
2026-02-04;00:00;MP7;SA Verladung FV;2882085T;NV LT Trans;3;6;650.0;
2026-02-04;00:00;MP7;SA Verladung FV;2882086T;NV LT Trans;13;34;9942.6;
2026-02-04;00:00;MP7;SA Verladung FV;2882087T;NV Silagi;11;43;9612.0;
2026-02-04;00:00;MP7;SA Verladung FV;2882088T;NV Silagi;14;68;12453.0;
2026-02-04;00:00;MP7;SA Verladung FV;2882090T;Sonderfahrten;6;6;289.0;
2026-02-04;00:00;MP7;SA Verladung FV;2882092T;Sonderfahrten;5;45;4310.0;
2026-02-04;00:00;MP7;SA Verladung FV;2882134T;WAB NV - großer NV;10;13;323.7;
2026-02-04;00:00;MP7;SA Verladung FV;2882144T;NV Silagi;10;25;9538.0;
2026-02-04;00:00;MP7;SA Verladung FV;2882145T;NV Silagi;12;15;1575.0;
2026-02-04;00:00;MP7;SA Verladung FV;2882265T;DM AS-Transport;6;21;9543.0;
2026-02-04;00:00;MP7;SA Verladung FV;2882480T;NV Strauss;1;1;350.0;
2026-02-04;00:00;MP7;SA Verladung FV;2882489T;NV AS Transporte;1;1;550.0;
2026-02-04;00:00;MP7;SA Verladung FV;2882526T;NV Ciortan;2;2;121.0;
2026-02-04;00:00;MP7;SA Verladung FV;2882538T;NV AS Transporte;2;2;163.0;
2026-02-04;00:00;MP7;SA Verladung FV;2882590T;NV AS Transporte;1;1;120.0;
2026-02-04;00:00;MP7;SA Verladung FV;2882596T;NV VP Logistik;1;1;80.0;
2026-02-04;00:00;MP7;SA Verladung FV;2882844T;WAB NV - großer NV;1;1;292.0;
2026-02-04;00:00;MP7;SA Verladung FV;2882849T;NV Ciortan;1;1;218.0;
2026-02-04;00:00;MP7;SA Verladung FV;2882862T;WAB NV - großer NV;12;35;6493.0;
2026-02-04;00:00;MP7;SA Verladung FV;2882874T;WAB NV - großer NV;1;1;90.0;
2026-02-04;00:00;MP7;SA Verladung FV;2882926T;WAB NV - großer NV;5;68;11408.1;
2026-02-04;00:00;MP7;SA Verladung FV;2882942T;WAB NV - großer NV;2;61;12492.0;
2026-02-04;00:00;MP7;SA Verladung FV;2882956T;WAB NV - großer NV;1;675;121292.1;
2026-02-04;00:00;MP7;SA Verladung FV;2883000T;WAB NV - großer NV;2;25;16886.0;
2026-02-04;00:00;MP7;SA Verladung FV;2883044T;WAB NV - großer NV;6;20;4606.0;
2026-02-04;00:00;MP7;SA Verladung FV;2883181T;NV Ciortan;1;2;160.0;
2026-02-04;00:00;MP7;SA Verladung FV;2883193T;NV Yeritsyan;1;1;289.0;
2026-02-04;00:00;MP7;SA Verladung FV;2883246T;WAB NV - großer NV;1;2;344.0;
2026-02-04;00:00;MP7;SA Verladung FV;2883421T;WAB NV - großer NV;8;18;1751.7;
2026-02-04;00:00;MP7;SA Verladung FV;2883432T;NV Silagi;1;4;496.0;
2026-02-04;00:00;MP7;SA Verladung FV;2883433T;NV AS Transporte;4;4;608.5;
2026-02-04;00:00;MP7;SA Verladung FV;2883434T;NV Ciortan;10;42;4505.0;
2026-02-04;00:00;MP7;SA Verladung FV;2883435T;NV VP Logistik;11;19;1457.0;
2026-02-04;00:00;MP7;SA Verladung FV;2883436T;NV VP Logistik;1;1;105.0;
2026-02-04;00:00;MP7;SA Verladung FV;2883437T;NV VP Logistik;1;1;145.0;
2026-02-04;00:00;MP7;SA Verladung FV;2883438T;NV VP Logistik;1;1;55.0;
2026-02-04;00:00;MP7;SA Verladung FV;2883439T;NV Fischer;12;18;5789.0;
2026-02-04;00:00;MP7;SA Verladung FV;2883442T;NV DS Transporte;7;10;529.0;
2026-02-04;00:00;MP7;SA Verladung FV;2883443T;NV Tiroch;7;15;2380.2;
2026-02-04;00:00;MP7;SA Verladung FV;2883444T;NV Tiroch;11;35;11289.6;
2026-02-04;00:00;MP7;SA Verladung FV;2883445T;NV Tiroch;10;29;5998.0;
2026-02-04;00:00;MP7;SA Verladung FV;2883446T;NV Tiroch;5;24;8669.0;
2026-02-04;00:00;MP7;SA Verladung FV;2883477T;NV Strauss;3;21;6360.0;
2026-02-04;00:00;MP7;SA Verladung FV;2883478T;WAB NV - großer NV;11;37;8668.0;
2026-02-04;00:00;MP7;SA Verladung FV;2883483T;Direkt ab Gersthofen;1;1;32.0;
2026-02-04;00:00;MP7;SA Verladung FV;2883499T;NV DS Transporte;7;10;720.0;
2026-02-04;00:00;MP7;SA Verladung FV;2883506T;WAB NV - großer NV;4;171;50637.6;
2026-02-04;00:00;MP7;SA Verladung FV;2883511T;Direkt ab Gersthofen;1;144;34512.0;
2026-02-04;00:00;MP7;SA Verladung FV;2883515T;WAB NV - großer NV;4;25;4119.0;
2026-02-04;00:00;MP7;SA Verladung FV;2883550T;WAB NV - großer NV;8;58;29957.0;
2026-02-04;00:00;MP7;SA Verladung FV;2883598T;WAB NV - großer NV;11;105;21510.0;
2026-02-04;00:00;MP7;SA Verladung FV;2883622T;Sonderfahrten;1;4;912.0;
2026-02-04;00:00;MP7;SA Verladung FV;2883636T;Sonderfahrten;1;1;180.0;
2026-02-04;00:00;MP7;SA Verladung FV;2883655T;WAB NV - großer NV;1;1;53.0;
2026-02-04;00:00;MP7;SA Verladung FV;2883686T;WAB NV - großer NV;1;36;4314.0;
2026-02-04;00:00;MP7;SA Verladung FV;2883833T;NV Ciortan;1;1;22.0;
2026-02-04;00:00;MP7;SA Verladung FV;2883857T;NV Tiroch;1;1;188.0;
2026-02-04;00:00;MP7;SA Verladung FV;2884392T;WAB NV - großer NV;1;169;36270.0;
2026-02-04;00:00;MP7;SA Verladung FV;2885443T;WAB NV - großer NV;1;25;2150.0;
2026-02-04;00:00;MP7;SA Verladung FV;2886028T;NV Tiroch;1;1;106.0;
2026-02-04;00:00;MP7;SA Verladung FV;2886771T;WAB NV - großer NV;1;2;1024.0;
2026-02-04;00:00;MP7;SA Verladung FV;2891061T;NV Silagi;1;1;780.0;
2026-02-04;00:00;MP9a;Sonderscan;;;49;225;35341.8;
2026-02-04;00:00;MP9b;NV Eingang;;;529;2101;283723.0;
2026-02-05;00:00;MP2;Nat. Eingang;;;6;101;24665.1;
2026-02-05;00:00;MP2;Nat. Eingang;2878945T;Hofmanagement;1;1;271.0;
2026-02-05;00:00;MP2;Nat. Eingang;2880960T;Charter;1;64;11120.0;
2026-02-05;00:00;MP2;Nat. Eingang;2881576T;WAB NV - Abholer;1;1;43.3;
2026-02-05;00:00;MP2;Nat. Eingang;2881762T;WAB NV - Abholer;1;72;14400.0;
2026-02-05;00:00;MP2;Nat. Eingang;2882084T;NV LT Trans;1;1;65.0;
2026-02-05;00:00;MP2;Nat. Eingang;2882469T;NV DS Transporte;2;101;6090.0;
2026-02-05;00:00;MP2;Nat. Eingang;2882470T;NV Fischer;10;58;3960.0;
2026-02-05;00:00;MP2;Nat. Eingang;2882472T;NV Fischer;5;71;10455.0;
2026-02-05;00:00;MP2;Nat. Eingang;2882473T;NV Fischer;4;7;549.0;
2026-02-05;00:00;MP2;Nat. Eingang;2882474T;NV Fischer;5;17;2594.0;
2026-02-05;00:00;MP2;Nat. Eingang;2882475T;NV DS Transporte;6;59;17280.0;
2026-02-05;00:00;MP2;Nat. Eingang;2882476T;NV DS Transporte;3;6;577.0;
2026-02-05;00:00;MP2;Nat. Eingang;2882477T;NV Strauss;1;16;1600.0;
2026-02-05;00:00;MP2;Nat. Eingang;2882478T;NV Strauss;3;18;1610.0;
2026-02-05;00:00;MP2;Nat. Eingang;2882479T;NV Strauss;1;1;23.0;
2026-02-05;00:00;MP2;Nat. Eingang;2882480T;NV Strauss;3;11;4160.0;
2026-02-05;00:00;MP2;Nat. Eingang;2882481T;NV Strauss;1;1;70.0;
2026-02-05;00:00;MP2;Nat. Eingang;2882485T;NV Strauss;1;4;40.0;
2026-02-05;00:00;MP2;Nat. Eingang;2882486T;NV Strauss;13;13;2039.0;
2026-02-05;00:00;MP2;Nat. Eingang;2882488T;NV DS Transporte;4;17;2687.0;
2026-02-05;00:00;MP2;Nat. Eingang;2882490T;NV AS Transporte;12;109;2227.0;
2026-02-05;00:00;MP2;Nat. Eingang;2882493T;NV Fischer;2;5;2240.0;
2026-02-05;00:00;MP2;Nat. Eingang;2882516T;NV DS Transporte;4;45;7506.0;
2026-02-05;00:00;MP2;Nat. Eingang;2882517T;NV Strauss;2;2;244.0;
2026-02-05;00:00;MP2;Nat. Eingang;2882518T;NV Strauss;5;19;2253.0;
2026-02-05;00:00;MP2;Nat. Eingang;2882519T;NV DS Transporte;1;1;110.0;
2026-02-05;00:00;MP2;Nat. Eingang;2882520T;NV DS Transporte;1;1;67.0;
2026-02-05;00:00;MP2;Nat. Eingang;2882521T;NV DS Transporte;7;10;3242.0;
2026-02-05;00:00;MP2;Nat. Eingang;2882522T;NV DS Transporte;6;10;1861.0;
2026-02-05;00:00;MP2;Nat. Eingang;2882523T;NV DS Transporte;1;1;61.5;
2026-02-05;00:00;MP2;Nat. Eingang;2882525T;NV DS Transporte;1;2;258.0;
2026-02-05;00:00;MP2;Nat. Eingang;2882526T;NV Ciortan;6;25;3373.0;
2026-02-05;00:00;MP2;Nat. Eingang;2882529T;NV Ciortan;3;3;229.0;
2026-02-05;00:00;MP2;Nat. Eingang;2882530T;NV AS Transporte;1;1;200.0;
2026-02-05;00:00;MP2;Nat. Eingang;2882531T;NV AS Transporte;5;15;5007.0;
2026-02-05;00:00;MP2;Nat. Eingang;2882532T;NV AS Transporte;1;36;558.0;
2026-02-05;00:00;MP2;Nat. Eingang;2882535T;NV DS Transporte;8;34;5127.0;
2026-02-05;00:00;MP2;Nat. Eingang;2882536T;NV DS Transporte;4;39;5301.0;
2026-02-05;00:00;MP2;Nat. Eingang;2882537T;NV DS Transporte;6;6;450.2;
2026-02-05;00:00;MP2;Nat. Eingang;2882538T;NV AS Transporte;1;1;800.0;
2026-02-05;00:00;MP2;Nat. Eingang;2882540T;NV AS Transporte;5;20;4529.0;
2026-02-05;00:00;MP2;Nat. Eingang;2882541T;NV Ciortan;2;5;482.0;
2026-02-05;00:00;MP2;Nat. Eingang;2882545T;NV AS Transporte;2;2;150.0;
2026-02-05;00:00;MP2;Nat. Eingang;2882548T;NV Tiroch;2;10;372.0;
2026-02-05;00:00;MP2;Nat. Eingang;2882549T;NV Tiroch;2;17;2649.0;
2026-02-05;00:00;MP2;Nat. Eingang;2882550T;NV Tiroch;8;29;3043.0;
2026-02-05;00:00;MP2;Nat. Eingang;2882551T;NV Tiroch;7;13;8056.0;
2026-02-05;00:00;MP2;Nat. Eingang;2882555T;NV Tiroch;9;9;840.0;
2026-02-05;00:00;MP2;Nat. Eingang;2882556T;NV Tiroch;3;6;864.0;
2026-02-05;00:00;MP2;Nat. Eingang;2882561T;NV AS Transporte;6;11;1508.0;
2026-02-05;00:00;MP2;Nat. Eingang;2882568T;NV AS Transporte;9;34;4923.0;
2026-02-05;00:00;MP2;Nat. Eingang;2882578T;NV Alexandru;7;10;2646.0;
2026-02-05;00:00;MP2;Nat. Eingang;2882581T;NV Strauss;2;2;592.0;
2026-02-05;00:00;MP2;Nat. Eingang;2882590T;NV AS Transporte;1;1;107.0;
2026-02-05;00:00;MP2;Nat. Eingang;2882591T;NV Bogos Transporte;3;3;364.0;
2026-02-05;00:00;MP2;Nat. Eingang;2882593T;NV Bogos Transporte;3;26;2026.0;
2026-02-05;00:00;MP2;Nat. Eingang;2882595T;NV Bogos Transporte;6;14;2130.9;
2026-02-05;00:00;MP2;Nat. Eingang;2882596T;NV VP Logistik;4;7;944.0;
2026-02-05;00:00;MP2;Nat. Eingang;2882597T;NV VP Logistik;5;16;2919.0;
2026-02-05;00:00;MP2;Nat. Eingang;2882598T;NV VP Logistik;1;1;1040.0;
2026-02-05;00:00;MP2;Nat. Eingang;2882600T;NV VP Logistik;2;13;701.0;
2026-02-05;00:00;MP2;Nat. Eingang;2882603T;NV Tuncay;1;1;200.0;
2026-02-05;00:00;MP2;Nat. Eingang;2882604T;NV Tuncay;6;38;2229.0;
2026-02-05;00:00;MP2;Nat. Eingang;2882605T;NV Guth;8;11;924.0;
2026-02-05;00:00;MP2;Nat. Eingang;2882606T;NV Guth;2;5;1102.0;
2026-02-05;00:00;MP2;Nat. Eingang;2882608T;NV VP Logistik;4;26;8200.0;
2026-02-05;00:00;MP2;Nat. Eingang;2882811T;Hofmanagement;9;40;5114.8;
2026-02-05;00:00;MP2;Nat. Eingang;2882845T;NV AS Transporte;7;40;6620.0;
2026-02-05;00:00;MP2;Nat. Eingang;2882847T;NV AS Transporte;11;43;12778.0;
2026-02-05;00:00;MP2;Nat. Eingang;2882849T;NV Ciortan;4;160;22514.0;
2026-02-05;00:00;MP2;Nat. Eingang;2882851T;NV Ciortan;9;28;5775.0;
2026-02-05;00:00;MP2;Nat. Eingang;2882858T;WAB NV - Abholer;17;112;23901.3;
2026-02-05;00:00;MP2;Nat. Eingang;2882864T;WAB NV - Abholer;28;142;11227.7;
2026-02-05;00:00;MP2;Nat. Eingang;2882876T;WAB NV - Abholer;29;108;30063.0;
2026-02-05;00:00;MP2;Nat. Eingang;2882886T;WAB NV - Abholer;6;328;43457.0;
2026-02-05;00:00;MP2;Nat. Eingang;2882890T;WAB NV - Abholer;11;105;10725.4;
2026-02-05;00:00;MP2;Nat. Eingang;2882896T;WAB NV - Abholer;7;37;6730.0;
2026-02-05;00:00;MP2;Nat. Eingang;2882912T;WAB NV - Abholer;35;35;8416.0;
2026-02-05;00:00;MP2;Nat. Eingang;2882918T;WAB NV - Abholer;34;37;10991.0;
2026-02-05;00:00;MP2;Nat. Eingang;2882938T;WAB NV - Abholer;38;49;12131.5;
2026-02-05;00:00;MP2;Nat. Eingang;2882944T;WAB NV - Abholer;3;108;21600.0;
2026-02-05;00:00;MP2;Nat. Eingang;2882952T;WAB NV - erweitert;3;7;3032.3;
2026-02-05;00:00;MP2;Nat. Eingang;2882958T;WAB NV - Abholer;10;36;6177.0;
2026-02-05;00:00;MP2;Nat. Eingang;2882968T;WAB NV - erweitert;1;4;600.0;
2026-02-05;00:00;MP2;Nat. Eingang;2882972T;WAB NV - Abholer;8;8;1069.0;
2026-02-05;00:00;MP2;Nat. Eingang;2882982T;WAB NV - Abholer;17;20;2012.1;
2026-02-05;00:00;MP2;Nat. Eingang;2882992T;WAB NV - Abholer;18;44;8690.0;
2026-02-05;00:00;MP2;Nat. Eingang;2882996T;WAB NV - Abholer;1;7;3125.0;
2026-02-05;00:00;MP2;Nat. Eingang;2883002T;WAB NV - Abholer;9;44;18883.0;
2026-02-05;00:00;MP2;Nat. Eingang;2883012T;WAB NV - Abholer;15;21;4987.7;
2026-02-05;00:00;MP2;Nat. Eingang;2883024T;WAB NV - Abholer;12;12;1196.0;
2026-02-05;00:00;MP2;Nat. Eingang;2883032T;WAB NV - Abholer;21;24;3146.8;
2026-02-05;00:00;MP2;Nat. Eingang;2883046T;WAB NV - Abholer;14;186;27113.0;
2026-02-05;00:00;MP2;Nat. Eingang;2883060T;WAB NV - Abholer;4;10;1715.0;
2026-02-05;00:00;MP2;Nat. Eingang;2883086T;WAB NV - Abholer;18;18;3465.7;
2026-02-05;00:00;MP2;Nat. Eingang;2883096T;WAB NV - Abholer;18;35;10984.0;
2026-02-05;00:00;MP2;Nat. Eingang;2883116T;WAB NV - Abholer;32;484;25429.0;
2026-02-05;00:00;MP2;Nat. Eingang;2883126T;WAB NV - Abholer;16;131;64515.0;
2026-02-05;00:00;MP2;Nat. Eingang;2883181T;NV Ciortan;3;3;232.0;
2026-02-05;00:00;MP2;Nat. Eingang;2883193T;NV Yeritsyan;5;8;1711.0;
2026-02-05;00:00;MP2;Nat. Eingang;2883196T;NV Yeritsyan;8;27;2230.0;
2026-02-05;00:00;MP2;Nat. Eingang;2883213T;WAB NV - Abholer;15;109;11888.2;
2026-02-05;00:00;MP2;Nat. Eingang;2883222T;WAB NV - Abholer;43;46;2416.3;
2026-02-05;00:00;MP2;Nat. Eingang;2883226T;WAB NV - Abholer;28;43;4528.4;
2026-02-05;00:00;MP2;Nat. Eingang;2883240T;WAB NV - Abholer;22;87;11432.6;
2026-02-05;00:00;MP2;Nat. Eingang;2883242T;WAB NV - Abholer;36;37;7564.3;
2026-02-05;00:00;MP2;Nat. Eingang;2883247T;WAB NV - Abholer;32;32;8454.0;
2026-02-05;00:00;MP2;Nat. Eingang;2883266T;WAB NV - Abholer;17;43;5088.0;
2026-02-05;00:00;MP2;Nat. Eingang;2883292T;WAB NV - Abholer;38;176;51696.8;
2026-02-05;00:00;MP2;Nat. Eingang;2883294T;WAB NV - Abholer;44;158;44160.2;
2026-02-05;00:00;MP2;Nat. Eingang;2883296T;WAB NV - Abholer;32;70;22718.9;
2026-02-05;00:00;MP2;Nat. Eingang;2883302T;WAB NV - Abholer;5;20;10515.8;
2026-02-05;00:00;MP2;Nat. Eingang;2883318T;WAB NV - Abholer;13;37;22739.0;
2026-02-05;00:00;MP2;Nat. Eingang;2883352T;NV AS Transporte;2;2;279.0;
2026-02-05;00:00;MP2;Nat. Eingang;2883354T;NV Yeritsyan;7;7;732.0;
2026-02-05;00:00;MP2;Nat. Eingang;2883361T;NV Yeritsyan;2;13;2270.0;
2026-02-05;00:00;MP2;Nat. Eingang;2883362T;NV Yeritsyan;3;11;4143.0;
2026-02-05;00:00;MP2;Nat. Eingang;2883364T;Sonderfahrten;1;1;31.0;
2026-02-05;00:00;MP2;Nat. Eingang;2883367T;NV LT Trans;4;12;6050.0;
2026-02-05;00:00;MP2;Nat. Eingang;2883371T;NV LT Trans;2;11;552.0;
2026-02-05;00:00;MP2;Nat. Eingang;2883373T;NV LT Trans;2;5;1890.0;
2026-02-05;00:00;MP2;Nat. Eingang;2883374T;NV Silagi;3;14;3938.2;
2026-02-05;00:00;MP2;Nat. Eingang;2883375T;NV Silagi;2;3;320.0;
2026-02-05;00:00;MP2;Nat. Eingang;2883377T;Sonderfahrten;1;1;40.0;
2026-02-05;00:00;MP2;Nat. Eingang;2883411T;WAB NV - Abholer;12;24;2455.3;
2026-02-05;00:00;MP2;Nat. Eingang;2883423T;WAB NV - Abholer;7;24;5017.4;
2026-02-05;00:00;MP2;Nat. Eingang;2883427T;WAB NV - Abholer;21;21;1450.0;
2026-02-05;00:00;MP2;Nat. Eingang;2883431T;NV Silagi;7;25;8193.0;
2026-02-05;00:00;MP2;Nat. Eingang;2883432T;NV Silagi;3;6;699.0;
2026-02-05;00:00;MP2;Nat. Eingang;2883695T;NV Tuncay;1;1;54.0;
2026-02-05;00:00;MP2;Nat. Eingang;2884680T;NV Silagi;1;1;143.0;
2026-02-05;00:00;MP2;Nat. Eingang;2884733T;NV Silagi;1;1;90.0;
2026-02-05;00:00;MP2;Nat. Eingang;2884736T;NV AS Transporte;1;1;43.0;
2026-02-05;00:00;MP2;Nat. Eingang;2884741T;NV Ciortan;2;6;1568.0;
2026-02-05;00:00;MP2;Nat. Eingang;2884743T;NV VP Logistik;1;1;71.0;
2026-02-05;00:00;MP2;Nat. Eingang;2884744T;NV VP Logistik;1;1;421.0;
2026-02-05;00:00;MP2;Nat. Eingang;2884745T;NV Fischer;6;17;5635.0;
2026-02-05;00:00;MP2;Nat. Eingang;2884747T;NV Yeritsyan;3;11;4600.0;
2026-02-05;00:00;MP2;Nat. Eingang;2884748T;NV VP Logistik;1;4;370.0;
2026-02-05;00:00;MP2;Nat. Eingang;2884750T;NV DS Transporte;6;9;1109.0;
2026-02-05;00:00;MP2;Nat. Eingang;2884754T;NV Tiroch;12;56;5657.1;
2026-02-05;00:00;MP2;Nat. Eingang;2884755T;NV Tiroch;2;10;7420.0;
2026-02-05;00:00;MP2;Nat. Eingang;2885388T;Hofmanagement;1;81;7083.0;
2026-02-05;00:00;MP4;Nat. Ausgang;;;21;122;25173.9;
2026-02-05;00:00;MP4;Nat. Ausgang;2872886T;Linien Mitte;1;1;55.0;
2026-02-05;00:00;MP4;Nat. Ausgang;2878446T;Linien International;1;8;1349.0;
2026-02-05;00:00;MP4;Nat. Ausgang;2878856T;Linien International;1;2;376.0;
2026-02-05;00:00;MP4;Nat. Ausgang;2880106T;Linien Süd;1;2;1400.0;
2026-02-05;00:00;MP4;Nat. Ausgang;2880552T;Linien Südwest;1;3;109.0;
2026-02-05;00:00;MP4;Nat. Ausgang;2880578T;Linien Mitte;1;2;294.0;
2026-02-05;00:00;MP4;Nat. Ausgang;2881849T;Linien Mitte;2;149;30090.0;
2026-02-05;00:00;MP4;Nat. Ausgang;2882105T;Linien Nord;10;16;2505.4;
2026-02-05;00:00;MP4;Nat. Ausgang;2882393T;Linien International;6;36;3731.3;
2026-02-05;00:00;MP4;Nat. Ausgang;2882712T;Linien International;7;7;543.0;
2026-02-05;00:00;MP4;Nat. Ausgang;2882714T;Linien International;21;48;11196.3;
2026-02-05;00:00;MP4;Nat. Ausgang;2882716T;Linien International;23;236;57224.0;
2026-02-05;00:00;MP4;Nat. Ausgang;2882718T;Linien International;20;62;12507.0;
2026-02-05;00:00;MP4;Nat. Ausgang;2882722T;Linien International;20;77;26118.0;
2026-02-05;00:00;MP4;Nat. Ausgang;2882724T;Linien Mitte;4;359;90727.0;
2026-02-05;00:00;MP4;Nat. Ausgang;2882726T;Linien Süd;19;832;9808.6;
2026-02-05;00:00;MP4;Nat. Ausgang;2882728T;Linien Süd;2;2;1159.0;
2026-02-05;00:00;MP4;Nat. Ausgang;2882730T;Linien Süd;32;59;17434.2;
2026-02-05;00:00;MP4;Nat. Ausgang;2882734T;Linien Süd;22;102;15519.7;
2026-02-05;00:00;MP4;Nat. Ausgang;2882738T;Linien Süd;28;107;25228.0;
2026-02-05;00:00;MP4;Nat. Ausgang;2882740T;Linien Süd;5;5;1057.0;
2026-02-05;00:00;MP4;Nat. Ausgang;2882742T;Linien Südwest;41;134;29367.6;
2026-02-05;00:00;MP4;Nat. Ausgang;2882746T;Linien Ruhr;25;71;13850.8;
2026-02-05;00:00;MP4;Nat. Ausgang;2882805T;Fernverkehr AS;12;31;7223.6;
2026-02-05;00:00;MP4;Nat. Ausgang;2882809T;Fernverkehr AS;18;92;8328.7;
2026-02-05;00:00;MP4;Nat. Ausgang;2883135T;Linien Ruhr;17;95;9562.6;
2026-02-05;00:00;MP4;Nat. Ausgang;2883139T;Linien Ruhr;35;85;11904.3;
2026-02-05;00:00;MP4;Nat. Ausgang;2883143T;Linien Ruhr;28;87;13719.1;
2026-02-05;00:00;MP4;Nat. Ausgang;2883147T;Linien Mitte;29;165;31710.0;
2026-02-05;00:00;MP4;Nat. Ausgang;2883151T;Linien Mitte;27;206;30741.2;
2026-02-05;00:00;MP4;Nat. Ausgang;2883153T;Linien Ost;28;124;31247.4;
2026-02-05;00:00;MP4;Nat. Ausgang;2883157T;Linien Südwest;26;53;10600.6;
2026-02-05;00:00;MP4;Nat. Ausgang;2883161T;Linien Südwest;36;116;24982.2;
2026-02-05;00:00;MP4;Nat. Ausgang;2883165T;Linien Süd;53;132;21677.8;
2026-02-05;00:00;MP4;Nat. Ausgang;2883169T;Linien Süd;59;128;20146.6;
2026-02-05;00:00;MP4;Nat. Ausgang;2883173T;Linien Süd;40;85;16034.9;
2026-02-05;00:00;MP4;Nat. Ausgang;2883177T;Linien Ost;24;111;16747.4;
2026-02-05;00:00;MP4;Nat. Ausgang;2883183T;Linien Süd;16;107;12426.4;
2026-02-05;00:00;MP4;Nat. Ausgang;2883187T;Linien Mitte;15;19;4350.8;
2026-02-05;00:00;MP4;Nat. Ausgang;2883191T;Linien Mitte;28;113;13389.5;
2026-02-05;00:00;MP4;Nat. Ausgang;2883197T;Linien Süd;20;121;26406.1;
2026-02-05;00:00;MP4;Nat. Ausgang;2883199T;Linien Südwest;45;110;20879.1;
2026-02-05;00:00;MP4;Nat. Ausgang;2883203T;Linien International;12;69;7669.6;
2026-02-05;00:00;MP4;Nat. Ausgang;2883324T;Linien International;32;110;22636.9;
2026-02-05;00:00;MP4;Nat. Ausgang;2883326T;Linien International;15;41;9427.5;
2026-02-05;00:00;MP4;Nat. Ausgang;2883330T;Linien International;4;166;18527.7;
2026-02-05;00:00;MP4;Nat. Ausgang;2883332T;Linien International;3;3;916.3;
2026-02-05;00:00;MP4;Nat. Ausgang;2883334T;Linien Nord;4;10;3745.0;
2026-02-05;00:00;MP4;Nat. Ausgang;2883338T;Linien Nord;4;7;175.7;
2026-02-05;00:00;MP4;Nat. Ausgang;2883340T;Linien Süd;21;43;14360.6;
2026-02-05;00:00;MP4;Nat. Ausgang;2883344T;Linien Süd;13;48;10313.6;
2026-02-05;00:00;MP4;Nat. Ausgang;2883346T;Linien Süd;15;47;7707.4;
2026-02-05;00:00;MP4;Nat. Ausgang;2883350T;Linien Süd;10;57;17943.1;
2026-02-05;00:00;MP4;Nat. Ausgang;2883357T;Linien Mitte;38;188;58357.2;
2026-02-05;00:00;MP4;Nat. Ausgang;2883394T;Linien Ruhr;20;93;18537.0;
2026-02-05;00:00;MP4;Nat. Ausgang;2883396T;Linien Mitte;4;12;1759.0;
2026-02-05;00:00;MP4;Nat. Ausgang;2883400T;Linien Süd;12;66;9856.3;
2026-02-05;00:00;MP4;Nat. Ausgang;2883404T;Linien Süd;26;90;11869.7;
2026-02-05;00:00;MP4;Nat. Ausgang;2883408T;Linien Süd;9;31;2248.0;
2026-02-05;00:00;MP4;Nat. Ausgang;2884105T;Fernverkehr AS;18;83;16988.9;
2026-02-05;00:00;MP4;Nat. Ausgang;2884443T;Linien Ruhr;7;14;1831.3;
2026-02-05;00:00;MP4;Nat. Ausgang;2884495T;Linien Mitte;3;6;4431.0;
2026-02-05;00:00;MP4;Nat. Ausgang;2884506T;Linien Südwest;7;10;1370.9;
2026-02-05;00:00;MP4;Nat. Ausgang;2884641T;Linien Nord;23;60;20252.5;
2026-02-05;00:00;MP4;Nat. Ausgang;2884645T;Linien Nord;2;10;952.4;
2026-02-05;00:00;MP4;Nat. Ausgang;2884696T;Linien Nord;12;58;37020.7;
2026-02-05;00:00;MP4;Nat. Ausgang;2884700T;Linien Mitte;34;104;25296.8;
2026-02-05;00:00;MP4;Nat. Ausgang;2884837T;Linien International;3;249;41043.0;
2026-02-05;00:00;MP4;Nat. Ausgang;2884840T;Linien Ost;18;88;19612.5;
2026-02-05;00:00;MP4;Nat. Ausgang;2885768T;Linien Mitte;5;29;7080.9;
2026-02-05;00:00;MP4;Nat. Ausgang;2886035T;WAB NV - großer NV;4;4;275.0;
2026-02-05;00:00;MP4;Nat. Ausgang;2886057T;Linien International;12;29;4177.6;
2026-02-05;00:00;MP4;Nat. Ausgang;2886109T;Linien Mitte;21;46;8602.4;
2026-02-05;00:00;MP4;Nat. Ausgang;2886134T;Linien International;8;61;6194.6;
2026-02-05;00:00;MP4a;Sonderausgang;2872579T;WAB NV - großer NV;1;2;276.0;
2026-02-05;00:00;MP4a;Sonderausgang;2873125T;NV Silagi;1;4;100.0;
2026-02-05;00:00;MP4a;Sonderausgang;2873127T;Sonderfahrten;1;1;37.0;
2026-02-05;00:00;MP4a;Sonderausgang;2873495T;NV AS Transporte;1;21;840.0;
2026-02-05;00:00;MP4a;Sonderausgang;2874886T;NV Guth;1;2;552.0;
2026-02-05;00:00;MP4a;Sonderausgang;2875736T;NV Ciortan;1;1;145.0;
2026-02-05;00:00;MP4a;Sonderausgang;2876765T;NV Ciortan;1;576;8880.0;
2026-02-05;00:00;MP4a;Sonderausgang;2877346T;NV Fischer;1;1;84.0;
2026-02-05;00:00;MP4a;Sonderausgang;2877466T;NV Bogos Transporte;1;1;120.0;
2026-02-05;00:00;MP4a;Sonderausgang;2878615T;NV Strauss;1;2;45.0;
2026-02-05;00:00;MP4a;Sonderausgang;2878629T;Fallback;1;1;115.0;
2026-02-05;00:00;MP4a;Sonderausgang;2878663T;NV AS Transporte;1;9;360.0;
2026-02-05;00:00;MP4a;Sonderausgang;2878673T;NV AS Transporte;1;2;10.0;
2026-02-05;00:00;MP4a;Sonderausgang;2878713T;NV Strauss;1;4;740.0;
2026-02-05;00:00;MP4a;Sonderausgang;2878738T;NV Tuncay;1;1;150.0;
2026-02-05;00:00;MP4a;Sonderausgang;2879867T;NV DS Transporte;1;1;190.0;
2026-02-05;00:00;MP4a;Sonderausgang;2879875T;Fallback;1;3;109.0;
2026-02-05;00:00;MP4a;Sonderausgang;2880842T;NV Ciortan;1;3;890.0;
2026-02-05;00:00;MP4a;Sonderausgang;2880911T;Direkt ab Gersthofen;4;180;96345.0;
2026-02-05;00:00;MP4a;Sonderausgang;2880921T;Direkt ab Gersthofen;6;76;12457.0;
2026-02-05;00:00;MP4a;Sonderausgang;2880949T;Sonderfahrten;1;1;65.0;
2026-02-05;00:00;MP4a;Sonderausgang;2880978T;Direkt ab Gersthofen;1;196;72198.0;
2026-02-05;00:00;MP4a;Sonderausgang;2881068T;WAB NV - großer NV;1;1;168.0;
2026-02-05;00:00;MP4a;Sonderausgang;2881220T;NV Ciortan;1;1;79.0;
2026-02-05;00:00;MP4a;Sonderausgang;2882054T;NV AS Transporte;1;1;400.0;
2026-02-05;00:00;MP4a;Sonderausgang;2882472T;NV Fischer;2;2;190.0;
2026-02-05;00:00;MP4a;Sonderausgang;2882473T;NV Fischer;1;1;510.0;
2026-02-05;00:00;MP4a;Sonderausgang;2882474T;NV Fischer;1;1;84.0;
2026-02-05;00:00;MP4a;Sonderausgang;2882477T;NV Strauss;6;12;1139.7;
2026-02-05;00:00;MP4a;Sonderausgang;2882481T;NV Strauss;1;1;1.0;
2026-02-05;00:00;MP4a;Sonderausgang;2882485T;NV Strauss;1;1;124.0;
2026-02-05;00:00;MP4a;Sonderausgang;2882487T;NV DS Transporte;1;1;53.0;
2026-02-05;00:00;MP4a;Sonderausgang;2882488T;NV DS Transporte;1;1;190.0;
2026-02-05;00:00;MP4a;Sonderausgang;2882490T;NV AS Transporte;9;18;3279.0;
2026-02-05;00:00;MP4a;Sonderausgang;2882493T;NV Fischer;1;1;65.0;
2026-02-05;00:00;MP4a;Sonderausgang;2882494T;Fallback;1;1;1.0;
2026-02-05;00:00;MP4a;Sonderausgang;2882515T;NV DS Transporte;2;2;441.0;
2026-02-05;00:00;MP4a;Sonderausgang;2882517T;NV Strauss;1;1;95.0;
2026-02-05;00:00;MP4a;Sonderausgang;2882519T;NV DS Transporte;1;1;26.0;
2026-02-05;00:00;MP4a;Sonderausgang;2882520T;NV DS Transporte;1;1;188.0;
2026-02-05;00:00;MP4a;Sonderausgang;2882521T;NV DS Transporte;1;1;400.0;
2026-02-05;00:00;MP4a;Sonderausgang;2882522T;NV DS Transporte;2;2;293.0;
2026-02-05;00:00;MP4a;Sonderausgang;2882525T;NV DS Transporte;1;1;144.0;
2026-02-05;00:00;MP4a;Sonderausgang;2882526T;NV Ciortan;4;7;594.0;
2026-02-05;00:00;MP4a;Sonderausgang;2882529T;NV Ciortan;4;4;194.0;
2026-02-05;00:00;MP4a;Sonderausgang;2882530T;NV AS Transporte;1;9;360.0;
2026-02-05;00:00;MP4a;Sonderausgang;2882531T;NV AS Transporte;4;7;858.0;
2026-02-05;00:00;MP4a;Sonderausgang;2882538T;NV AS Transporte;2;2;394.3;
2026-02-05;00:00;MP4a;Sonderausgang;2882540T;NV AS Transporte;2;2;502.0;
2026-02-05;00:00;MP4a;Sonderausgang;2882541T;NV Ciortan;2;2;196.9;
2026-02-05;00:00;MP4a;Sonderausgang;2882543T;NV AS Transporte;2;2;154.0;
2026-02-05;00:00;MP4a;Sonderausgang;2882545T;NV AS Transporte;1;1;192.0;
2026-02-05;00:00;MP4a;Sonderausgang;2882549T;NV Tiroch;5;5;893.0;
2026-02-05;00:00;MP4a;Sonderausgang;2882550T;NV Tiroch;4;4;418.0;
2026-02-05;00:00;MP4a;Sonderausgang;2882551T;NV Tiroch;4;4;688.0;
2026-02-05;00:00;MP4a;Sonderausgang;2882555T;NV Tiroch;24;47;1040.0;
2026-02-05;00:00;MP4a;Sonderausgang;2882556T;NV Tiroch;5;5;1388.0;
2026-02-05;00:00;MP4a;Sonderausgang;2882560T;NV AS Transporte;1;1;258.0;
2026-02-05;00:00;MP4a;Sonderausgang;2882561T;NV AS Transporte;1;1;480.0;
2026-02-05;00:00;MP4a;Sonderausgang;2882578T;NV Alexandru;2;2;433.0;
2026-02-05;00:00;MP4a;Sonderausgang;2882580T;NV Strauss;2;5;974.0;
2026-02-05;00:00;MP4a;Sonderausgang;2882581T;NV Strauss;2;8;960.0;
2026-02-05;00:00;MP4a;Sonderausgang;2882591T;NV Bogos Transporte;6;6;1335.0;
2026-02-05;00:00;MP4a;Sonderausgang;2882595T;NV Bogos Transporte;1;1;79.0;
2026-02-05;00:00;MP4a;Sonderausgang;2882597T;NV VP Logistik;1;9;1350.0;
2026-02-05;00:00;MP4a;Sonderausgang;2882598T;NV VP Logistik;2;13;3213.0;
2026-02-05;00:00;MP4a;Sonderausgang;2882603T;NV Tuncay;2;2;338.0;
2026-02-05;00:00;MP4a;Sonderausgang;2882610T;NV Silagi;2;2;172.0;
2026-02-05;00:00;MP4a;Sonderausgang;2882805T;Fernverkehr AS;1;56;25000.0;
2026-02-05;00:00;MP4a;Sonderausgang;2882844T;WAB NV - großer NV;1;1;400.0;
2026-02-05;00:00;MP4a;Sonderausgang;2882845T;NV AS Transporte;1;1;33.0;
2026-02-05;00:00;MP4a;Sonderausgang;2882856T;WAB NV - großer NV;1;4;2480.0;
2026-02-05;00:00;MP4a;Sonderausgang;2882894T;WAB NV - großer NV;1;1;146.5;
2026-02-05;00:00;MP4a;Sonderausgang;2882916T;WAB NV - großer NV;1;1;100.0;
2026-02-05;00:00;MP4a;Sonderausgang;2882926T;WAB NV - großer NV;1;9;5025.0;
2026-02-05;00:00;MP4a;Sonderausgang;2882970T;WAB NV - großer NV;2;10;4306.0;
2026-02-05;00:00;MP4a;Sonderausgang;2882980T;WAB NV - großer NV;2;5;201.0;
2026-02-05;00:00;MP4a;Sonderausgang;2882990T;WAB NV - großer NV;4;6;314.0;
2026-02-05;00:00;MP4a;Sonderausgang;2883000T;WAB NV - großer NV;2;8;4460.0;
2026-02-05;00:00;MP4a;Sonderausgang;2883010T;WAB NV - großer NV;2;37;7447.0;
2026-02-05;00:00;MP4a;Sonderausgang;2883040T;WAB NV - großer NV;10;10;942.0;
2026-02-05;00:00;MP4a;Sonderausgang;2883084T;WAB NV - großer NV;1;9;1200.0;
2026-02-05;00:00;MP4a;Sonderausgang;2883134T;Sonderfahrten;1;1;5.0;
2026-02-05;00:00;MP4a;Sonderausgang;2883181T;NV Ciortan;4;579;9306.6;
2026-02-05;00:00;MP4a;Sonderausgang;2883193T;NV Yeritsyan;1;1;420.0;
2026-02-05;00:00;MP4a;Sonderausgang;2883196T;NV Yeritsyan;2;2;105.0;
2026-02-05;00:00;MP4a;Sonderausgang;2883221T;WAB NV - großer NV;1;4;4122.0;
2026-02-05;00:00;MP4a;Sonderausgang;2883246T;WAB NV - großer NV;4;4;639.0;
2026-02-05;00:00;MP4a;Sonderausgang;2883352T;NV AS Transporte;1;4;320.0;
2026-02-05;00:00;MP4a;Sonderausgang;2883361T;NV Yeritsyan;1;1;89.0;
2026-02-05;00:00;MP4a;Sonderausgang;2883362T;NV Yeritsyan;2;3;1084.0;
2026-02-05;00:00;MP4a;Sonderausgang;2883364T;Sonderfahrten;1;1;71.0;
2026-02-05;00:00;MP4a;Sonderausgang;2883366T;NV LT Trans;2;5;1325.0;
2026-02-05;00:00;MP4a;Sonderausgang;2883370T;NV LT Trans;2;2;772.0;
2026-02-05;00:00;MP4a;Sonderausgang;2883371T;NV LT Trans;1;1;756.0;
2026-02-05;00:00;MP4a;Sonderausgang;2883372T;NV LT Trans;1;4;752.0;
2026-02-05;00:00;MP4a;Sonderausgang;2883375T;NV Silagi;1;4;100.0;
2026-02-05;00:00;MP4a;Sonderausgang;2883391T;Sonderfahrten;5;5;1803.0;
2026-02-05;00:00;MP4a;Sonderausgang;2883421T;WAB NV - großer NV;1;1;224.0;
2026-02-05;00:00;MP4a;Sonderausgang;2883432T;NV Silagi;1;1;103.0;
2026-02-05;00:00;MP4a;Sonderausgang;2883798T;NV AS Transporte;1;1;495.0;
2026-02-05;00:00;MP4a;Sonderausgang;2883904T;NV VP Logistik;1;1;167.0;
2026-02-05;00:00;MP4a;Sonderausgang;2884736T;NV AS Transporte;3;3;599.0;
2026-02-05;00:00;MP4a;Sonderausgang;2884739T;WAB NV - großer NV;1;1;10.0;
2026-02-05;00:00;MP4a;Sonderausgang;2884741T;NV Ciortan;2;5;1210.0;
2026-02-05;00:00;MP4a;Sonderausgang;2884751T;NV Tiroch;3;23;6282.0;
2026-02-05;00:00;MP4a;Sonderausgang;2884753T;NV Tiroch;6;6;1040.0;
2026-02-05;00:00;MP4a;Sonderausgang;2884832T;Direkt ab Gersthofen;3;83;7518.0;
2026-02-05;00:00;MP4a;Sonderausgang;2884835T;WAB NV - großer NV;1;4;428.0;
2026-02-05;00:00;MP4a;Sonderausgang;2884857T;WAB NV - großer NV;2;85;19307.0;
2026-02-05;00:00;MP4a;Sonderausgang;2884859T;WAB NV - großer NV;9;51;10791.0;
2026-02-05;00:00;MP4a;Sonderausgang;2884939T;NV VP Logistik;1;4;1280.0;
2026-02-05;00:00;MP4a;Sonderausgang;2884941T;NV AS Transporte;1;1;470.0;
2026-02-05;00:00;MP4a;Sonderausgang;2886186T;WAB NV - großer NV;2;2;228.0;
2026-02-05;00:00;MP4a;Sonderausgang;2888444T;Sonderfahrten;1;1;29.2;
2026-02-05;00:00;MP5;SE Entladung FV;;;2264;14439;2493665.6;
2026-02-05;00:00;MP7;SA Verladung FV;;;1;49;3227.0;
2026-02-05;00:00;MP7;SA Verladung FV;2881231T;NV AS Transporte;1;2;1010.0;
2026-02-05;00:00;MP7;SA Verladung FV;2882468T;NV DS Transporte;13;28;3044.8;
2026-02-05;00:00;MP7;SA Verladung FV;2882469T;NV DS Transporte;9;13;1261.0;
2026-02-05;00:00;MP7;SA Verladung FV;2882470T;NV Fischer;16;38;7751.0;
2026-02-05;00:00;MP7;SA Verladung FV;2882472T;NV Fischer;17;34;4213.6;
2026-02-05;00:00;MP7;SA Verladung FV;2882473T;NV Fischer;12;30;6041.0;
2026-02-05;00:00;MP7;SA Verladung FV;2882474T;NV Fischer;15;39;6641.0;
2026-02-05;00:00;MP7;SA Verladung FV;2882475T;NV DS Transporte;10;48;4637.0;
2026-02-05;00:00;MP7;SA Verladung FV;2882476T;NV DS Transporte;10;28;629.9;
2026-02-05;00:00;MP7;SA Verladung FV;2882477T;NV Strauss;8;23;2113.0;
2026-02-05;00:00;MP7;SA Verladung FV;2882478T;NV Strauss;7;25;6069.0;
2026-02-05;00:00;MP7;SA Verladung FV;2882479T;NV Strauss;11;27;3978.9;
2026-02-05;00:00;MP7;SA Verladung FV;2882480T;NV Strauss;8;11;1969.0;
2026-02-05;00:00;MP7;SA Verladung FV;2882481T;NV Strauss;13;13;457.0;
2026-02-05;00:00;MP7;SA Verladung FV;2882482T;NV Strauss;6;9;746.0;
2026-02-05;00:00;MP7;SA Verladung FV;2882485T;NV Strauss;8;52;8977.4;
2026-02-05;00:00;MP7;SA Verladung FV;2882486T;NV Strauss;9;26;9345.0;
2026-02-05;00:00;MP7;SA Verladung FV;2882487T;NV DS Transporte;10;40;4400.0;
2026-02-05;00:00;MP7;SA Verladung FV;2882488T;NV DS Transporte;11;20;3188.0;
2026-02-05;00:00;MP7;SA Verladung FV;2882489T;NV AS Transporte;4;66;14124.6;
2026-02-05;00:00;MP7;SA Verladung FV;2882490T;NV AS Transporte;7;42;4379.0;
2026-02-05;00:00;MP7;SA Verladung FV;2882493T;NV Fischer;5;11;1358.0;
2026-02-05;00:00;MP7;SA Verladung FV;2882515T;NV DS Transporte;12;12;2740.0;
2026-02-05;00:00;MP7;SA Verladung FV;2882516T;NV DS Transporte;9;50;6404.0;
2026-02-05;00:00;MP7;SA Verladung FV;2882517T;NV Strauss;11;17;2845.0;
2026-02-05;00:00;MP7;SA Verladung FV;2882518T;NV Strauss;9;27;4487.0;
2026-02-05;00:00;MP7;SA Verladung FV;2882519T;NV DS Transporte;10;13;805.0;
2026-02-05;00:00;MP7;SA Verladung FV;2882520T;NV DS Transporte;11;32;5909.0;
2026-02-05;00:00;MP7;SA Verladung FV;2882521T;NV DS Transporte;10;34;10665.8;
2026-02-05;00:00;MP7;SA Verladung FV;2882522T;NV DS Transporte;11;17;3800.0;
2026-02-05;00:00;MP7;SA Verladung FV;2882523T;NV DS Transporte;6;54;5794.0;
2026-02-05;00:00;MP7;SA Verladung FV;2882525T;NV DS Transporte;8;25;906.7;
2026-02-05;00:00;MP7;SA Verladung FV;2882526T;NV Ciortan;14;32;7113.0;
2026-02-05;00:00;MP7;SA Verladung FV;2882529T;NV Ciortan;14;17;740.0;
2026-02-05;00:00;MP7;SA Verladung FV;2882530T;NV AS Transporte;15;23;2456.1;
2026-02-05;00:00;MP7;SA Verladung FV;2882531T;NV AS Transporte;12;21;6199.8;
2026-02-05;00:00;MP7;SA Verladung FV;2882532T;NV AS Transporte;13;46;3197.0;
2026-02-05;00:00;MP7;SA Verladung FV;2882535T;NV DS Transporte;5;431;29634.4;
2026-02-05;00:00;MP7;SA Verladung FV;2882536T;NV DS Transporte;5;44;4507.0;
2026-02-05;00:00;MP7;SA Verladung FV;2882537T;NV DS Transporte;13;13;783.0;
2026-02-05;00:00;MP7;SA Verladung FV;2882538T;NV AS Transporte;17;47;5873.9;
2026-02-05;00:00;MP7;SA Verladung FV;2882540T;NV AS Transporte;14;22;2153.1;
2026-02-05;00:00;MP7;SA Verladung FV;2882541T;NV Ciortan;19;85;11554.9;
2026-02-05;00:00;MP7;SA Verladung FV;2882543T;NV AS Transporte;9;135;32019.0;
2026-02-05;00:00;MP7;SA Verladung FV;2882545T;NV AS Transporte;15;18;1532.0;
2026-02-05;00:00;MP7;SA Verladung FV;2882548T;NV Tiroch;3;21;6670.0;
2026-02-05;00:00;MP7;SA Verladung FV;2882549T;NV Tiroch;8;8;683.0;
2026-02-05;00:00;MP7;SA Verladung FV;2882550T;NV Tiroch;10;16;3113.0;
2026-02-05;00:00;MP7;SA Verladung FV;2882551T;NV Tiroch;12;21;3420.6;
2026-02-05;00:00;MP7;SA Verladung FV;2882555T;NV Tiroch;4;19;691.0;
2026-02-05;00:00;MP7;SA Verladung FV;2882556T;NV Tiroch;8;11;941.0;
2026-02-05;00:00;MP7;SA Verladung FV;2882557T;DM AS-Transport;11;34;11942.0;
2026-02-05;00:00;MP7;SA Verladung FV;2882558T;DM AS-Transport;11;36;11926.0;
2026-02-05;00:00;MP7;SA Verladung FV;2882559T;DM AS-Transport;8;16;4542.0;
2026-02-05;00:00;MP7;SA Verladung FV;2882560T;NV AS Transporte;1;1;60.0;
2026-02-05;00:00;MP7;SA Verladung FV;2882561T;NV AS Transporte;15;141;4773.7;
2026-02-05;00:00;MP7;SA Verladung FV;2882565T;DM AS-Transport;11;28;10470.0;
2026-02-05;00:00;MP7;SA Verladung FV;2882568T;NV AS Transporte;15;65;9042.5;
2026-02-05;00:00;MP7;SA Verladung FV;2882578T;NV Alexandru;7;30;4430.0;
2026-02-05;00:00;MP7;SA Verladung FV;2882580T;NV Strauss;7;16;3593.0;
2026-02-05;00:00;MP7;SA Verladung FV;2882581T;NV Strauss;8;11;2242.0;
2026-02-05;00:00;MP7;SA Verladung FV;2882583T;Sonderfahrten;1;1;127.0;
2026-02-05;00:00;MP7;SA Verladung FV;2882585T;DM AS-Transport;9;31;10264.0;
2026-02-05;00:00;MP7;SA Verladung FV;2882586T;DM AS-Transport;10;30;10216.0;
2026-02-05;00:00;MP7;SA Verladung FV;2882587T;DM AS-Transport;10;52;16600.0;
2026-02-05;00:00;MP7;SA Verladung FV;2882588T;DM AS-Transport;11;73;20578.0;
2026-02-05;00:00;MP7;SA Verladung FV;2882590T;NV AS Transporte;15;82;8646.4;
2026-02-05;00:00;MP7;SA Verladung FV;2882591T;NV Bogos Transporte;8;50;6716.0;
2026-02-05;00:00;MP7;SA Verladung FV;2882593T;NV Bogos Transporte;9;28;4583.1;
2026-02-05;00:00;MP7;SA Verladung FV;2882595T;NV Bogos Transporte;10;13;3312.7;
2026-02-05;00:00;MP7;SA Verladung FV;2882596T;NV VP Logistik;14;112;4730.0;
2026-02-05;00:00;MP7;SA Verladung FV;2882597T;NV VP Logistik;18;53;3039.0;
2026-02-05;00:00;MP7;SA Verladung FV;2882598T;NV VP Logistik;14;20;2890.0;
2026-02-05;00:00;MP7;SA Verladung FV;2882600T;NV VP Logistik;10;24;6573.5;
2026-02-05;00:00;MP7;SA Verladung FV;2882603T;NV Tuncay;10;24;2561.0;
2026-02-05;00:00;MP7;SA Verladung FV;2882604T;NV Tuncay;16;205;15688.0;
2026-02-05;00:00;MP7;SA Verladung FV;2882605T;NV Guth;11;19;1858.0;
2026-02-05;00:00;MP7;SA Verladung FV;2882606T;NV Guth;13;114;11472.8;
2026-02-05;00:00;MP7;SA Verladung FV;2882607T;NV Guth;10;27;2568.0;
2026-02-05;00:00;MP7;SA Verladung FV;2882608T;NV VP Logistik;15;24;5686.0;
2026-02-05;00:00;MP7;SA Verladung FV;2882609T;Sonderfahrten;7;414;4851.0;
2026-02-05;00:00;MP7;SA Verladung FV;2882610T;NV Silagi;11;26;1212.1;
2026-02-05;00:00;MP7;SA Verladung FV;2882773T;DM AS-Transport;19;81;26851.0;
2026-02-05;00:00;MP7;SA Verladung FV;2882775T;DM AS-Transport;11;46;16106.0;
2026-02-05;00:00;MP7;SA Verladung FV;2882777T;DM AS-Transport;22;73;27131.0;
2026-02-05;00:00;MP7;SA Verladung FV;2882779T;DM AS-Transport;24;82;29857.0;
2026-02-05;00:00;MP7;SA Verladung FV;2882781T;DM AS-Transport;22;72;25932.0;
2026-02-05;00:00;MP7;SA Verladung FV;2882785T;DM AS-Transport;19;100;36852.0;
2026-02-05;00:00;MP7;SA Verladung FV;2882787T;DM AS-Transport;22;85;26758.0;
2026-02-05;00:00;MP7;SA Verladung FV;2882789T;DM AS-Transport;20;52;18168.0;
2026-02-05;00:00;MP7;SA Verladung FV;2882791T;DM AS-Transport;13;78;27366.0;
2026-02-05;00:00;MP7;SA Verladung FV;2882793T;DM AS-Transport;22;79;31200.0;
2026-02-05;00:00;MP7;SA Verladung FV;2882795T;DM AS-Transport;1;441;146874.0;
2026-02-05;00:00;MP7;SA Verladung FV;2882844T;WAB NV - großer NV;1;1;292.0;
2026-02-05;00:00;MP7;SA Verladung FV;2882845T;NV AS Transporte;22;105;12386.4;
2026-02-05;00:00;MP7;SA Verladung FV;2882847T;NV AS Transporte;20;88;11675.0;
2026-02-05;00:00;MP7;SA Verladung FV;2882849T;NV Ciortan;29;73;15409.7;
2026-02-05;00:00;MP7;SA Verladung FV;2882851T;NV Ciortan;20;85;17612.0;
2026-02-05;00:00;MP7;SA Verladung FV;2882856T;WAB NV - großer NV;3;292;52897.6;
2026-02-05;00:00;MP7;SA Verladung FV;2882874T;WAB NV - großer NV;19;125;22125.2;
2026-02-05;00:00;MP7;SA Verladung FV;2882894T;WAB NV - großer NV;10;99;11147.0;
2026-02-05;00:00;MP7;SA Verladung FV;2882906T;WAB NV - großer NV;4;106;18302.2;
2026-02-05;00:00;MP7;SA Verladung FV;2882916T;WAB NV - großer NV;7;31;2182.0;
2026-02-05;00:00;MP7;SA Verladung FV;2882926T;WAB NV - großer NV;9;190;49434.3;
2026-02-05;00:00;MP7;SA Verladung FV;2882936T;WAB NV - großer NV;14;336;49497.0;
2026-02-05;00:00;MP7;SA Verladung FV;2882942T;WAB NV - großer NV;7;137;32087.0;
2026-02-05;00:00;MP7;SA Verladung FV;2882970T;WAB NV - großer NV;10;59;20349.0;
2026-02-05;00:00;MP7;SA Verladung FV;2882980T;WAB NV - großer NV;2;130;10173.0;
2026-02-05;00:00;MP7;SA Verladung FV;2882990T;WAB NV - großer NV;4;4;1370.0;
2026-02-05;00:00;MP7;SA Verladung FV;2883000T;WAB NV - großer NV;8;52;27075.0;
2026-02-05;00:00;MP7;SA Verladung FV;2883010T;WAB NV - großer NV;5;19;4272.0;
2026-02-05;00:00;MP7;SA Verladung FV;2883022T;WAB NV - großer NV;15;140;41121.0;
2026-02-05;00:00;MP7;SA Verladung FV;2883040T;WAB NV - großer NV;4;25;18574.0;
2026-02-05;00:00;MP7;SA Verladung FV;2883068T;WAB NV - großer NV;3;27;3238.0;
2026-02-05;00:00;MP7;SA Verladung FV;2883084T;WAB NV - großer NV;14;97;34462.1;
2026-02-05;00:00;MP7;SA Verladung FV;2883094T;WAB NV - großer NV;13;108;31826.0;
2026-02-05;00:00;MP7;SA Verladung FV;2883114T;WAB NV - großer NV;2;45;26055.0;
2026-02-05;00:00;MP7;SA Verladung FV;2883124T;WAB NV - großer NV;7;169;32007.0;
2026-02-05;00:00;MP7;SA Verladung FV;2883134T;Sonderfahrten;5;8;600.6;
2026-02-05;00:00;MP7;SA Verladung FV;2883181T;NV Ciortan;12;21;2234.0;
2026-02-05;00:00;MP7;SA Verladung FV;2883193T;NV Yeritsyan;13;30;5922.0;
2026-02-05;00:00;MP7;SA Verladung FV;2883196T;NV Yeritsyan;12;19;3972.6;
2026-02-05;00:00;MP7;SA Verladung FV;2883221T;WAB NV - großer NV;2;5;3625.0;
2026-02-05;00:00;MP7;SA Verladung FV;2883315T;WAB NV - großer NV;7;236;39056.0;
2026-02-05;00:00;MP7;SA Verladung FV;2883352T;NV AS Transporte;16;78;4967.0;
2026-02-05;00:00;MP7;SA Verladung FV;2883354T;NV Yeritsyan;12;26;6631.7;
2026-02-05;00:00;MP7;SA Verladung FV;2883355T;Sonderfahrten;1;4;1650.0;
2026-02-05;00:00;MP7;SA Verladung FV;2883356T;NV VP Logistik;3;3;153.0;
2026-02-05;00:00;MP7;SA Verladung FV;2883361T;NV Yeritsyan;15;38;3659.0;
2026-02-05;00:00;MP7;SA Verladung FV;2883362T;NV Yeritsyan;18;68;7972.7;
2026-02-05;00:00;MP7;SA Verladung FV;2883364T;Sonderfahrten;12;21;657.0;
2026-02-05;00:00;MP7;SA Verladung FV;2883365T;Sonderfahrten;13;31;4905.9;
2026-02-05;00:00;MP7;SA Verladung FV;2883366T;NV LT Trans;8;11;2149.0;
2026-02-05;00:00;MP7;SA Verladung FV;2883367T;NV LT Trans;2;2;350.0;
2026-02-05;00:00;MP7;SA Verladung FV;2883370T;NV LT Trans;2;5;2280.5;
2026-02-05;00:00;MP7;SA Verladung FV;2883371T;NV LT Trans;11;26;3202.0;
2026-02-05;00:00;MP7;SA Verladung FV;2883372T;NV LT Trans;9;12;992.0;
2026-02-05;00:00;MP7;SA Verladung FV;2883373T;NV LT Trans;6;177;12606.0;
2026-02-05;00:00;MP7;SA Verladung FV;2883374T;NV Silagi;17;39;4322.0;
2026-02-05;00:00;MP7;SA Verladung FV;2883375T;NV Silagi;15;47;8596.0;
2026-02-05;00:00;MP7;SA Verladung FV;2883377T;Sonderfahrten;9;72;804.0;
2026-02-05;00:00;MP7;SA Verladung FV;2883379T;Sonderfahrten;6;48;16319.0;
2026-02-05;00:00;MP7;SA Verladung FV;2883391T;Sonderfahrten;3;18;1652.0;
2026-02-05;00:00;MP7;SA Verladung FV;2883421T;WAB NV - großer NV;16;466;57957.6;
2026-02-05;00:00;MP7;SA Verladung FV;2883431T;NV Silagi;13;30;8108.0;
2026-02-05;00:00;MP7;SA Verladung FV;2883432T;NV Silagi;16;23;2475.3;
2026-02-05;00:00;MP7;SA Verladung FV;2883506T;WAB NV - großer NV;1;3;2721.0;
2026-02-05;00:00;MP7;SA Verladung FV;2883641T;Tedi;9;23;7293.0;
2026-02-05;00:00;MP7;SA Verladung FV;2883695T;NV Tuncay;12;75;2681.0;
2026-02-05;00:00;MP7;SA Verladung FV;2883794T;NV Strauss;1;1;306.0;
2026-02-05;00:00;MP7;SA Verladung FV;2883797T;NV AS Transporte;2;5;1648.0;
2026-02-05;00:00;MP7;SA Verladung FV;2883829T;NV DS Transporte;1;1;315.0;
2026-02-05;00:00;MP7;SA Verladung FV;2883836T;NV Ciortan;1;1;32.0;
2026-02-05;00:00;MP7;SA Verladung FV;2883839T;NV AS Transporte;1;1;98.0;
2026-02-05;00:00;MP7;SA Verladung FV;2883845T;NV AS Transporte;1;1;53.0;
2026-02-05;00:00;MP7;SA Verladung FV;2883868T;NV AS Transporte;1;1;135.0;
2026-02-05;00:00;MP7;SA Verladung FV;2883885T;NV Alexandru;1;1;93.0;
2026-02-05;00:00;MP7;SA Verladung FV;2883914T;NV Guth;1;6;602.0;
2026-02-05;00:00;MP7;SA Verladung FV;2884153T;NV Ciortan;1;4;360.0;
2026-02-05;00:00;MP7;SA Verladung FV;2884160T;WAB NV - großer NV;1;4;678.0;
2026-02-05;00:00;MP7;SA Verladung FV;2884170T;WAB NV - großer NV;8;16;2030.0;
2026-02-05;00:00;MP7;SA Verladung FV;2884278T;WAB NV - großer NV;3;89;13818.3;
2026-02-05;00:00;MP7;SA Verladung FV;2884288T;WAB NV - großer NV;5;16;2375.7;
2026-02-05;00:00;MP7;SA Verladung FV;2884318T;WAB NV - großer NV;3;45;26744.5;
2026-02-05;00:00;MP7;SA Verladung FV;2884392T;WAB NV - großer NV;1;64;24960.0;
2026-02-05;00:00;MP7;SA Verladung FV;2884676T;NV LT Trans;1;9;270.0;
2026-02-05;00:00;MP7;SA Verladung FV;2884736T;NV AS Transporte;4;4;571.0;
2026-02-05;00:00;MP7;SA Verladung FV;2884737T;Sonderfahrten;4;12;1132.0;
2026-02-05;00:00;MP7;SA Verladung FV;2884739T;WAB NV - großer NV;2;5;1265.0;
2026-02-05;00:00;MP7;SA Verladung FV;2884741T;NV Ciortan;15;94;9936.7;
2026-02-05;00:00;MP7;SA Verladung FV;2884742T;NV VP Logistik;5;11;931.0;
2026-02-05;00:00;MP7;SA Verladung FV;2884743T;NV VP Logistik;2;26;3262.6;
2026-02-05;00:00;MP7;SA Verladung FV;2884744T;NV VP Logistik;6;6;835.0;
2026-02-05;00:00;MP7;SA Verladung FV;2884745T;NV Fischer;7;80;7319.0;
2026-02-05;00:00;MP7;SA Verladung FV;2884746T;NV Fischer;1;4;1360.0;
2026-02-05;00:00;MP7;SA Verladung FV;2884747T;NV Yeritsyan;6;69;18713.1;
2026-02-05;00:00;MP7;SA Verladung FV;2884748T;NV VP Logistik;2;8;5644.0;
2026-02-05;00:00;MP7;SA Verladung FV;2884750T;NV DS Transporte;9;49;739.0;
2026-02-05;00:00;MP7;SA Verladung FV;2884751T;NV Tiroch;7;34;9583.7;
2026-02-05;00:00;MP7;SA Verladung FV;2884752T;NV Tiroch;7;109;13741.1;
2026-02-05;00:00;MP7;SA Verladung FV;2884753T;NV Tiroch;11;14;1740.6;
2026-02-05;00:00;MP7;SA Verladung FV;2884754T;NV Tiroch;13;38;5860.0;
2026-02-05;00:00;MP7;SA Verladung FV;2884755T;NV Tiroch;13;51;3001.3;
2026-02-05;00:00;MP7;SA Verladung FV;2884774T;WAB NV - großer NV;11;26;8123.0;
2026-02-05;00:00;MP7;SA Verladung FV;2884813T;WAB NV - großer NV;9;158;19654.0;
2026-02-05;00:00;MP7;SA Verladung FV;2884824T;WAB NV - großer NV;3;22;9770.0;
2026-02-05;00:00;MP7;SA Verladung FV;2884835T;WAB NV - großer NV;11;70;17735.5;
2026-02-05;00:00;MP7;SA Verladung FV;2884857T;WAB NV - großer NV;3;884;191120.0;
2026-02-05;00:00;MP7;SA Verladung FV;2884859T;WAB NV - großer NV;7;178;37257.0;
2026-02-05;00:00;MP7;SA Verladung FV;2884953T;DM AS-Transport;6;63;26421.0;
2026-02-05;00:00;MP7;SA Verladung FV;2885108T;NV AS Transporte;1;1;7.0;
2026-02-05;00:00;MP7;SA Verladung FV;2885181T;NV Tuncay;1;1;321.0;
2026-02-05;00:00;MP7;SA Verladung FV;2885186T;NV Guth;1;1;90.0;
2026-02-05;00:00;MP7;SA Verladung FV;2885443T;WAB NV - großer NV;2;2;265.0;
2026-02-05;00:00;MP7;SA Verladung FV;2885517T;WAB NV - großer NV;1;9;399.0;
2026-02-05;00:00;MP7;SA Verladung FV;2886011T;NV AS Transporte;1;1;312.0;
2026-02-05;00:00;MP7;SA Verladung FV;2886031T;WAB NV - großer NV;3;1062;107370.0;
2026-02-05;00:00;MP7;SA Verladung FV;2886033T;WAB NV - großer NV;2;5;200.0;
2026-02-05;00:00;MP7;SA Verladung FV;2886186T;WAB NV - großer NV;1;1;46.0;
2026-02-05;00:00;MP7;SA Verladung FV;2886354T;NV Tiroch;1;1;193.0;
2026-02-05;00:00;MP7;SA Verladung FV;2890117T;NV Strauss;2;2;185.0;
2026-02-05;00:00;MP9a;Sonderscan;;;24;33;9536.4;
2026-02-05;00:00;MP9b;NV Eingang;;;547;2423;277626.6;
2026-02-06;00:00;MP2;Nat. Eingang;;;15;70;6441.0;
2026-02-06;00:00;MP2;Nat. Eingang;2877681T;Hofmanagement;1;16;16000.0;
2026-02-06;00:00;MP2;Nat. Eingang;2882958T;WAB NV - Abholer;9;66;9303.0;
2026-02-06;00:00;MP2;Nat. Eingang;2883452T;Charter;1;400;199620.0;
2026-02-06;00:00;MP2;Nat. Eingang;2883776T;NV DS Transporte;3;30;4081.0;
2026-02-06;00:00;MP2;Nat. Eingang;2883778T;NV Fischer;8;19;1578.0;
2026-02-06;00:00;MP2;Nat. Eingang;2883779T;NV Fischer;1;1;100.0;
2026-02-06;00:00;MP2;Nat. Eingang;2883780T;NV Fischer;2;2;262.0;
2026-02-06;00:00;MP2;Nat. Eingang;2883781T;NV Fischer;3;35;4546.4;
2026-02-06;00:00;MP2;Nat. Eingang;2883782T;NV Fischer;8;16;3965.0;
2026-02-06;00:00;MP2;Nat. Eingang;2883783T;NV DS Transporte;11;38;6166.0;
2026-02-06;00:00;MP2;Nat. Eingang;2883784T;NV DS Transporte;3;3;377.0;
2026-02-06;00:00;MP2;Nat. Eingang;2883785T;NV Strauss;4;34;10764.0;
2026-02-06;00:00;MP2;Nat. Eingang;2883787T;NV Strauss;1;1;186.0;
2026-02-06;00:00;MP2;Nat. Eingang;2883788T;NV Strauss;6;17;3506.0;
2026-02-06;00:00;MP2;Nat. Eingang;2883789T;NV Strauss;1;1;16.0;
2026-02-06;00:00;MP2;Nat. Eingang;2883793T;NV Strauss;1;1;50.0;
2026-02-06;00:00;MP2;Nat. Eingang;2883794T;NV Strauss;1;1;202.0;
2026-02-06;00:00;MP2;Nat. Eingang;2883795T;NV DS Transporte;1;4;800.0;
2026-02-06;00:00;MP2;Nat. Eingang;2883796T;NV DS Transporte;4;10;5014.0;
2026-02-06;00:00;MP2;Nat. Eingang;2883797T;NV AS Transporte;2;5;1177.0;
2026-02-06;00:00;MP2;Nat. Eingang;2883798T;NV AS Transporte;2;26;1650.0;
2026-02-06;00:00;MP2;Nat. Eingang;2883801T;NV Fischer;2;13;2351.0;
2026-02-06;00:00;MP2;Nat. Eingang;2883822T;NV DS Transporte;1;4;216.0;
2026-02-06;00:00;MP2;Nat. Eingang;2883823T;NV DS Transporte;6;33;8362.0;
2026-02-06;00:00;MP2;Nat. Eingang;2883824T;NV Strauss;2;2;751.5;
2026-02-06;00:00;MP2;Nat. Eingang;2883825T;NV Strauss;4;4;302.0;
2026-02-06;00:00;MP2;Nat. Eingang;2883828T;NV DS Transporte;6;20;3279.0;
2026-02-06;00:00;MP2;Nat. Eingang;2883830T;NV DS Transporte;1;1;332.0;
2026-02-06;00:00;MP2;Nat. Eingang;2883832T;NV DS Transporte;2;3;171.0;
2026-02-06;00:00;MP2;Nat. Eingang;2883833T;NV Ciortan;13;27;564.5;
2026-02-06;00:00;MP2;Nat. Eingang;2883836T;NV Ciortan;2;2;123.0;
2026-02-06;00:00;MP2;Nat. Eingang;2883837T;NV AS Transporte;2;2;58.0;
2026-02-06;00:00;MP2;Nat. Eingang;2883838T;NV AS Transporte;8;40;1453.0;
2026-02-06;00:00;MP2;Nat. Eingang;2883839T;NV AS Transporte;2;2;130.0;
2026-02-06;00:00;MP2;Nat. Eingang;2883843T;NV DS Transporte;10;33;8446.0;
2026-02-06;00:00;MP2;Nat. Eingang;2883844T;NV DS Transporte;2;2;100.0;
2026-02-06;00:00;MP2;Nat. Eingang;2883845T;NV AS Transporte;2;8;5960.0;
2026-02-06;00:00;MP2;Nat. Eingang;2883852T;NV AS Transporte;9;2140;38489.0;
2026-02-06;00:00;MP2;Nat. Eingang;2883855T;NV Tiroch;9;22;1296.0;
2026-02-06;00:00;MP2;Nat. Eingang;2883856T;NV Tiroch;4;7;2921.0;
2026-02-06;00:00;MP2;Nat. Eingang;2883857T;NV Tiroch;4;8;1090.0;
2026-02-06;00:00;MP2;Nat. Eingang;2883858T;NV Tiroch;8;89;4877.0;
2026-02-06;00:00;MP2;Nat. Eingang;2883862T;NV Tiroch;5;8;2055.0;
2026-02-06;00:00;MP2;Nat. Eingang;2883868T;NV AS Transporte;8;16;2702.0;
2026-02-06;00:00;MP2;Nat. Eingang;2883875T;NV AS Transporte;9;9;2243.0;
2026-02-06;00:00;MP2;Nat. Eingang;2883885T;NV Alexandru;5;20;6527.0;
2026-02-06;00:00;MP2;Nat. Eingang;2883888T;NV Strauss;1;9;1392.0;
2026-02-06;00:00;MP2;Nat. Eingang;2883898T;NV Bogos Transporte;2;8;3062.0;
2026-02-06;00:00;MP2;Nat. Eingang;2883900T;NV Bogos Transporte;2;2;1083.0;
2026-02-06;00:00;MP2;Nat. Eingang;2883902T;NV Bogos Transporte;6;9;3135.0;
2026-02-06;00:00;MP2;Nat. Eingang;2883903T;NV VP Logistik;6;12;800.0;
2026-02-06;00:00;MP2;Nat. Eingang;2883904T;NV VP Logistik;4;4;393.0;
2026-02-06;00:00;MP2;Nat. Eingang;2883905T;NV VP Logistik;4;4;2277.0;
2026-02-06;00:00;MP2;Nat. Eingang;2883912T;NV Tuncay;3;6;848.0;
2026-02-06;00:00;MP2;Nat. Eingang;2883913T;NV Guth;3;27;22140.0;
2026-02-06;00:00;MP2;Nat. Eingang;2883914T;NV Guth;2;2;928.0;
2026-02-06;00:00;MP2;Nat. Eingang;2883915T;NV Guth;4;12;954.0;
2026-02-06;00:00;MP2;Nat. Eingang;2883918T;NV Silagi;1;1;115.0;
2026-02-06;00:00;MP2;Nat. Eingang;2884115T;Hofmanagement;11;33;18942.8;
2026-02-06;00:00;MP2;Nat. Eingang;2884149T;NV AS Transporte;2;17;465.0;
2026-02-06;00:00;MP2;Nat. Eingang;2884151T;NV AS Transporte;10;34;13555.0;
2026-02-06;00:00;MP2;Nat. Eingang;2884153T;NV Ciortan;4;7;824.6;
2026-02-06;00:00;MP2;Nat. Eingang;2884155T;NV Ciortan;6;63;18968.2;
2026-02-06;00:00;MP2;Nat. Eingang;2884162T;WAB NV - Abholer;24;41;6878.0;
2026-02-06;00:00;MP2;Nat. Eingang;2884172T;WAB NV - Abholer;8;395;62745.0;
2026-02-06;00:00;MP2;Nat. Eingang;2884194T;WAB NV - Abholer;4;58;7350.0;
2026-02-06;00:00;MP2;Nat. Eingang;2884204T;WAB NV - Abholer;10;45;17617.0;
2026-02-06;00:00;MP2;Nat. Eingang;2884226T;WAB NV - Abholer;32;60;14065.0;
2026-02-06;00:00;MP2;Nat. Eingang;2884230T;WAB NV - Abholer;3;3;167.7;
2026-02-06;00:00;MP2;Nat. Eingang;2884236T;WAB NV - Abholer;32;453;14418.9;
2026-02-06;00:00;MP2;Nat. Eingang;2884244T;WAB NV - großer NV;1;1;173.9;
2026-02-06;00:00;MP2;Nat. Eingang;2884246T;WAB NV - Abholer;27;30;10240.8;
2026-02-06;00:00;MP2;Nat. Eingang;2884252T;WAB NV - Abholer;2;26;14665.0;
2026-02-06;00:00;MP2;Nat. Eingang;2884260T;WAB NV - erweitert;6;9;1189.0;
2026-02-06;00:00;MP2;Nat. Eingang;2884266T;WAB NV - Abholer;19;25;3138.0;
2026-02-06;00:00;MP2;Nat. Eingang;2884280T;WAB NV - Abholer;42;51;9716.0;
2026-02-06;00:00;MP2;Nat. Eingang;2884290T;WAB NV - Abholer;18;21;1475.3;
2026-02-06;00:00;MP2;Nat. Eingang;2884300T;WAB NV - Abholer;19;19;5291.0;
2026-02-06;00:00;MP2;Nat. Eingang;2884310T;WAB NV - Abholer;28;36;5927.5;
2026-02-06;00:00;MP2;Nat. Eingang;2884320T;WAB NV - Abholer;26;136;56459.0;
2026-02-06;00:00;MP2;Nat. Eingang;2884324T;WAB NV - Abholer;9;52;11170.0;
2026-02-06;00:00;MP2;Nat. Eingang;2884332T;WAB NV - Abholer;8;106;27322.4;
2026-02-06;00:00;MP2;Nat. Eingang;2884340T;WAB NV - Abholer;21;84;3621.7;
2026-02-06;00:00;MP2;Nat. Eingang;2884354T;WAB NV - Abholer;25;77;43368.0;
2026-02-06;00:00;MP2;Nat. Eingang;2884358T;WAB NV - Abholer;15;79;9300.6;
2026-02-06;00:00;MP2;Nat. Eingang;2884368T;WAB NV - Abholer;4;31;9050.0;
2026-02-06;00:00;MP2;Nat. Eingang;2884424T;WAB NV - Abholer;19;48;24749.0;
2026-02-06;00:00;MP2;Nat. Eingang;2884434T;WAB NV - Abholer;5;99;29424.0;
2026-02-06;00:00;MP2;Nat. Eingang;2884489T;NV Ciortan;2;2;101.8;
2026-02-06;00:00;MP2;Nat. Eingang;2884501T;NV Yeritsyan;4;7;1402.0;
2026-02-06;00:00;MP2;Nat. Eingang;2884503T;NV Yeritsyan;5;22;2676.0;
2026-02-06;00:00;MP2;Nat. Eingang;2884520T;WAB NV - Abholer;15;109;12715.0;
2026-02-06;00:00;MP2;Nat. Eingang;2884533T;WAB NV - Abholer;29;62;7544.9;
2026-02-06;00:00;MP2;Nat. Eingang;2884547T;WAB NV - Abholer;32;35;8956.1;
2026-02-06;00:00;MP2;Nat. Eingang;2884549T;WAB NV - Abholer;30;31;7181.8;
2026-02-06;00:00;MP2;Nat. Eingang;2884554T;WAB NV - Abholer;40;40;7200.0;
2026-02-06;00:00;MP2;Nat. Eingang;2884573T;WAB NV - Abholer;8;55;5484.0;
2026-02-06;00:00;MP2;Nat. Eingang;2884583T;WAB NV - Abholer;19;800;97854.3;
2026-02-06;00:00;MP2;Nat. Eingang;2884585T;WAB NV - Abholer;39;39;7020.0;
2026-02-06;00:00;MP2;Nat. Eingang;2884599T;WAB NV - Abholer;56;92;29081.1;
2026-02-06;00:00;MP2;Nat. Eingang;2884601T;WAB NV - Abholer;31;166;56433.1;
2026-02-06;00:00;MP2;Nat. Eingang;2884603T;WAB NV - Abholer;33;60;16415.1;
2026-02-06;00:00;MP2;Nat. Eingang;2884609T;WAB NV - Abholer;19;75;10401.6;
2026-02-06;00:00;MP2;Nat. Eingang;2884613T;WAB NV - Abholer;6;9;1283.0;
2026-02-06;00:00;MP2;Nat. Eingang;2884625T;WAB NV - Abholer;13;45;36708.0;
2026-02-06;00:00;MP2;Nat. Eingang;2884659T;NV AS Transporte;10;18;2225.2;
2026-02-06;00:00;MP2;Nat. Eingang;2884661T;NV Yeritsyan;4;5;940.0;
2026-02-06;00:00;MP2;Nat. Eingang;2884668T;NV Yeritsyan;1;9;6960.0;
2026-02-06;00:00;MP2;Nat. Eingang;2884669T;NV Yeritsyan;2;17;1708.0;
2026-02-06;00:00;MP2;Nat. Eingang;2884671T;Sonderfahrten;1;1;65.0;
2026-02-06;00:00;MP2;Nat. Eingang;2884673T;NV LT Trans;2;8;2402.0;
2026-02-06;00:00;MP2;Nat. Eingang;2884674T;NV LT Trans;7;7;936.0;
2026-02-06;00:00;MP2;Nat. Eingang;2884677T;NV LT Trans;4;15;1249.0;
2026-02-06;00:00;MP2;Nat. Eingang;2884680T;NV Silagi;7;13;2433.0;
2026-02-06;00:00;MP2;Nat. Eingang;2884681T;NV Silagi;4;19;4451.0;
2026-02-06;00:00;MP2;Nat. Eingang;2884683T;Sonderfahrten;1;1;1000.0;
2026-02-06;00:00;MP2;Nat. Eingang;2884725T;WAB NV - Abholer;14;65;7247.0;
2026-02-06;00:00;MP2;Nat. Eingang;2884733T;NV Silagi;7;7;1880.0;
2026-02-06;00:00;MP2;Nat. Eingang;2884734T;NV Silagi;5;8;938.0;
2026-02-06;00:00;MP2;Nat. Eingang;2885071T;NV Fischer;1;1;44.0;
2026-02-06;00:00;MP2;Nat. Eingang;2886011T;NV AS Transporte;1;1;95.0;
2026-02-06;00:00;MP2;Nat. Eingang;2886013T;NV Ciortan;1;9;1845.0;
2026-02-06;00:00;MP2;Nat. Eingang;2886014T;NV Fischer;10;29;9541.0;
2026-02-06;00:00;MP2;Nat. Eingang;2886018T;NV VP Logistik;2;37;5128.0;
2026-02-06;00:00;MP2;Nat. Eingang;2886021T;NV VP Logistik;3;35;5829.0;
2026-02-06;00:00;MP2;Nat. Eingang;2886023T;NV DS Transporte;1;1;50.0;
2026-02-06;00:00;MP2;Nat. Eingang;2886026T;NV Tiroch;4;15;7085.0;
2026-02-06;00:00;MP2;Nat. Eingang;2886052T;NV Tiroch;8;25;1596.0;
2026-02-06;00:00;MP2;Nat. Eingang;2887446T;Fallback;1;4;1156.0;
2026-02-06;00:00;MP2;Nat. Eingang;2889654T;WAB NV - Abholer;1;1;86.8;
2026-02-06;00:00;MP2;Nat. Eingang;2891929T;WAB NV - Abholer;1;1;90.0;
2026-02-06;00:00;MP4;Nat. Ausgang;;;16;28;3500.9;
2026-02-06;00:00;MP4;Nat. Ausgang;2874117T;Linien Ruhr;1;1;100.0;
2026-02-06;00:00;MP4;Nat. Ausgang;2880106T;Linien Süd;1;4;700.0;
2026-02-06;00:00;MP4;Nat. Ausgang;2880802T;Linien Süd;1;4;514.0;
2026-02-06;00:00;MP4;Nat. Ausgang;2881182T;Fernverkehr AS;9;12;1481.2;
2026-02-06;00:00;MP4;Nat. Ausgang;2882809T;Fernverkehr AS;1;8;138.0;
2026-02-06;00:00;MP4;Nat. Ausgang;2883157T;Linien Südwest;2;2;150.0;
2026-02-06;00:00;MP4;Nat. Ausgang;2883330T;Linien International;1;10;944.0;
2026-02-06;00:00;MP4;Nat. Ausgang;2883346T;Linien Süd;1;2;505.0;
2026-02-06;00:00;MP4;Nat. Ausgang;2883799T;Fernverkehr AS;5;5;948.0;
2026-02-06;00:00;MP4;Nat. Ausgang;2884019T;Linien International;12;36;3528.2;
2026-02-06;00:00;MP4;Nat. Ausgang;2884021T;Linien International;21;35;8446.5;
2026-02-06;00:00;MP4;Nat. Ausgang;2884023T;Linien International;13;107;12104.3;
2026-02-06;00:00;MP4;Nat. Ausgang;2884027T;Linien International;7;29;11710.0;
2026-02-06;00:00;MP4;Nat. Ausgang;2884029T;Linien Mitte;5;119;87891.8;
2026-02-06;00:00;MP4;Nat. Ausgang;2884031T;Linien Süd;14;37;23815.0;
2026-02-06;00:00;MP4;Nat. Ausgang;2884033T;Linien Süd;9;55;19770.8;
2026-02-06;00:00;MP4;Nat. Ausgang;2884035T;Linien Süd;36;297;43927.8;
2026-02-06;00:00;MP4;Nat. Ausgang;2884039T;Linien Süd;30;104;20033.8;
2026-02-06;00:00;MP4;Nat. Ausgang;2884043T;Linien Süd;20;59;13148.0;
2026-02-06;00:00;MP4;Nat. Ausgang;2884045T;Linien Süd;7;26;6021.0;
2026-02-06;00:00;MP4;Nat. Ausgang;2884047T;Linien Südwest;40;120;11749.7;
2026-02-06;00:00;MP4;Nat. Ausgang;2884101T;Fernverkehr AS;43;169;24743.2;
2026-02-06;00:00;MP4;Nat. Ausgang;2884105T;Fernverkehr AS;10;39;12394.9;
2026-02-06;00:00;MP4;Nat. Ausgang;2884443T;Linien Ruhr;37;102;11098.5;
2026-02-06;00:00;MP4;Nat. Ausgang;2884447T;Linien Ruhr;40;176;35396.1;
2026-02-06;00:00;MP4;Nat. Ausgang;2884451T;Linien Ruhr;36;132;22804.7;
2026-02-06;00:00;MP4;Nat. Ausgang;2884455T;Linien Mitte;32;79;7488.1;
2026-02-06;00:00;MP4;Nat. Ausgang;2884459T;Linien Mitte;34;121;25932.6;
2026-02-06;00:00;MP4;Nat. Ausgang;2884461T;Linien Ost;26;50;16069.5;
2026-02-06;00:00;MP4;Nat. Ausgang;2884465T;Linien Südwest;40;85;23120.4;
2026-02-06;00:00;MP4;Nat. Ausgang;2884469T;Linien Südwest;27;51;8942.0;
2026-02-06;00:00;MP4;Nat. Ausgang;2884473T;Linien Süd;41;71;15162.3;
2026-02-06;00:00;MP4;Nat. Ausgang;2884477T;Linien Süd;33;65;20006.2;
2026-02-06;00:00;MP4;Nat. Ausgang;2884481T;Linien Süd;35;44;11341.6;
2026-02-06;00:00;MP4;Nat. Ausgang;2884485T;Linien Ost;23;26;4230.3;
2026-02-06;00:00;MP4;Nat. Ausgang;2884491T;Linien Süd;17;20;5745.8;
2026-02-06;00:00;MP4;Nat. Ausgang;2884495T;Linien Mitte;10;21;6265.7;
2026-02-06;00:00;MP4;Nat. Ausgang;2884499T;Linien Mitte;28;216;25001.7;
2026-02-06;00:00;MP4;Nat. Ausgang;2884504T;Linien Süd;16;78;16293.3;
2026-02-06;00:00;MP4;Nat. Ausgang;2884506T;Linien Südwest;29;94;22776.8;
2026-02-06;00:00;MP4;Nat. Ausgang;2884510T;Linien International;11;28;3694.3;
2026-02-06;00:00;MP4;Nat. Ausgang;2884631T;Linien International;46;90;20134.8;
2026-02-06;00:00;MP4;Nat. Ausgang;2884633T;Linien International;10;13;2602.2;
2026-02-06;00:00;MP4;Nat. Ausgang;2884637T;Linien International;9;33;12026.4;
2026-02-06;00:00;MP4;Nat. Ausgang;2884639T;Linien International;2;29;3460.0;
2026-02-06;00:00;MP4;Nat. Ausgang;2884641T;Linien Nord;11;30;15252.2;
2026-02-06;00:00;MP4;Nat. Ausgang;2884645T;Linien Nord;9;98;11740.5;
2026-02-06;00:00;MP4;Nat. Ausgang;2884647T;Linien Süd;25;57;20179.1;
2026-02-06;00:00;MP4;Nat. Ausgang;2884651T;Linien Süd;3;3;956.9;
2026-02-06;00:00;MP4;Nat. Ausgang;2884653T;Linien Süd;20;34;7347.1;
2026-02-06;00:00;MP4;Nat. Ausgang;2884657T;Linien Süd;5;8;1684.6;
2026-02-06;00:00;MP4;Nat. Ausgang;2884664T;Linien Mitte;33;122;8883.5;
2026-02-06;00:00;MP4;Nat. Ausgang;2884696T;Linien Nord;11;88;28151.7;
2026-02-06;00:00;MP4;Nat. Ausgang;2884698T;Linien Ruhr;21;59;17855.0;
2026-02-06;00:00;MP4;Nat. Ausgang;2884700T;Linien Mitte;1;1;10.0;
2026-02-06;00:00;MP4;Nat. Ausgang;2884704T;Linien Süd;18;44;8961.3;
2026-02-06;00:00;MP4;Nat. Ausgang;2884708T;Linien Süd;19;75;16700.1;
2026-02-06;00:00;MP4;Nat. Ausgang;2884712T;Linien Süd;4;7;3513.8;
2026-02-06;00:00;MP4;Nat. Ausgang;2884855T;Linien International;16;50;10870.0;
2026-02-06;00:00;MP4;Nat. Ausgang;2884981T;Linien International;38;1575;218039.5;
2026-02-06;00:00;MP4;Nat. Ausgang;2885720T;Linien Ruhr;5;5;1135.0;
2026-02-06;00:00;MP4;Nat. Ausgang;2885758T;Linien Ost;8;25;7547.7;
2026-02-06;00:00;MP4;Nat. Ausgang;2885768T;Linien Mitte;13;73;14177.9;
2026-02-06;00:00;MP4;Nat. Ausgang;2885787T;Linien Ost;5;20;2683.7;
2026-02-06;00:00;MP4;Nat. Ausgang;2885914T;Linien Nord;14;269;9916.4;
2026-02-06;00:00;MP4;Nat. Ausgang;2885918T;Linien Nord;2;2;925.0;
2026-02-06;00:00;MP4;Nat. Ausgang;2885969T;Linien Nord;19;25;5773.7;
2026-02-06;00:00;MP4;Nat. Ausgang;2885973T;Linien Mitte;31;97;12332.9;
2026-02-06;00:00;MP4;Nat. Ausgang;2886035T;WAB NV - großer NV;6;29;7618.0;
2026-02-06;00:00;MP4;Nat. Ausgang;2886057T;Linien International;10;40;7583.8;
2026-02-06;00:00;MP4;Nat. Ausgang;2886109T;Linien Mitte;43;91;18679.2;
2026-02-06;00:00;MP4;Nat. Ausgang;2886134T;Linien International;7;70;31106.7;
2026-02-06;00:00;MP4;Nat. Ausgang;2886152T;Linien Ost;24;70;12878.2;
2026-02-06;00:00;MP4;Nat. Ausgang;2886156T;Linien Ost;2;50;4937.0;
2026-02-06;00:00;MP4;Nat. Ausgang;2886168T;Linien Südwest;29;97;19497.5;
2026-02-06;00:00;MP4a;Sonderausgang;2873438T;NV Fischer;1;1;71.0;
2026-02-06;00:00;MP4a;Sonderausgang;2874367T;NV Silagi;1;1;35.0;
2026-02-06;00:00;MP4a;Sonderausgang;2874757T;NV Strauss;1;3;360.0;
2026-02-06;00:00;MP4a;Sonderausgang;2878674T;NV Ciortan;1;1;88.0;
2026-02-06;00:00;MP4a;Sonderausgang;2878979T;NV AS Transporte;1;1;95.0;
2026-02-06;00:00;MP4a;Sonderausgang;2879148T;WAB NV - großer NV;1;36;10296.0;
2026-02-06;00:00;MP4a;Sonderausgang;2880763T;NV Yeritsyan;1;3;360.0;
2026-02-06;00:00;MP4a;Sonderausgang;2881169T;NV Strauss;1;2;197.0;
2026-02-06;00:00;MP4a;Sonderausgang;2881182T;Fernverkehr AS;1;729;231417.0;
2026-02-06;00:00;MP4a;Sonderausgang;2881185T;Fallback;1;1;2.0;
2026-02-06;00:00;MP4a;Sonderausgang;2881294T;NV Tuncay;1;1;244.0;
2026-02-06;00:00;MP4a;Sonderausgang;2881531T;NV AS Transporte;1;1;480.0;
2026-02-06;00:00;MP4a;Sonderausgang;2881626T;WAB NV - großer NV;1;13;2370.0;
2026-02-06;00:00;MP4a;Sonderausgang;2881897T;NV Yeritsyan;1;4;1192.0;
2026-02-06;00:00;MP4a;Sonderausgang;2882532T;NV AS Transporte;1;1;35.0;
2026-02-06;00:00;MP4a;Sonderausgang;2882597T;NV VP Logistik;1;1;7.0;
2026-02-06;00:00;MP4a;Sonderausgang;2883193T;NV Yeritsyan;1;2;287.0;
2026-02-06;00:00;MP4a;Sonderausgang;2883421T;WAB NV - großer NV;1;1;90.0;
2026-02-06;00:00;MP4a;Sonderausgang;2883444T;NV Tiroch;1;4;2152.8;
2026-02-06;00:00;MP4a;Sonderausgang;2883478T;WAB NV - großer NV;2;2;126.0;
2026-02-06;00:00;MP4a;Sonderausgang;2883779T;NV Fischer;2;2;495.0;
2026-02-06;00:00;MP4a;Sonderausgang;2883780T;NV Fischer;1;1;212.0;
2026-02-06;00:00;MP4a;Sonderausgang;2883781T;NV Fischer;1;4;600.0;
2026-02-06;00:00;MP4a;Sonderausgang;2883782T;NV Fischer;2;2;792.0;
2026-02-06;00:00;MP4a;Sonderausgang;2883785T;NV Strauss;1;1;96.0;
2026-02-06;00:00;MP4a;Sonderausgang;2883788T;NV Strauss;1;4;1190.0;
2026-02-06;00:00;MP4a;Sonderausgang;2883789T;NV Strauss;1;1;56.0;
2026-02-06;00:00;MP4a;Sonderausgang;2883795T;NV DS Transporte;1;4;455.9;
2026-02-06;00:00;MP4a;Sonderausgang;2883798T;NV AS Transporte;1;1;495.0;
2026-02-06;00:00;MP4a;Sonderausgang;2883801T;NV Fischer;1;1;323.0;
2026-02-06;00:00;MP4a;Sonderausgang;2883802T;Fallback;1;2;2.0;
2026-02-06;00:00;MP4a;Sonderausgang;2883823T;NV DS Transporte;1;1;86.0;
2026-02-06;00:00;MP4a;Sonderausgang;2883826T;NV DS Transporte;1;1;78.0;
2026-02-06;00:00;MP4a;Sonderausgang;2883828T;NV DS Transporte;1;4;700.0;
2026-02-06;00:00;MP4a;Sonderausgang;2883830T;NV DS Transporte;1;4;746.0;
2026-02-06;00:00;MP4a;Sonderausgang;2883837T;NV AS Transporte;1;9;2232.0;
2026-02-06;00:00;MP4a;Sonderausgang;2883838T;NV AS Transporte;2;5;2010.0;
2026-02-06;00:00;MP4a;Sonderausgang;2883839T;NV AS Transporte;2;17;5623.0;
2026-02-06;00:00;MP4a;Sonderausgang;2883845T;NV AS Transporte;1;1;131.0;
2026-02-06;00:00;MP4a;Sonderausgang;2883847T;NV AS Transporte;1;1;87.0;
2026-02-06;00:00;MP4a;Sonderausgang;2883850T;NV AS Transporte;1;1;223.0;
2026-02-06;00:00;MP4a;Sonderausgang;2883852T;NV AS Transporte;1;1;87.0;
2026-02-06;00:00;MP4a;Sonderausgang;2883855T;NV Tiroch;1;4;1700.0;
2026-02-06;00:00;MP4a;Sonderausgang;2883856T;NV Tiroch;6;6;1463.0;
2026-02-06;00:00;MP4a;Sonderausgang;2883858T;NV Tiroch;4;7;365.0;
2026-02-06;00:00;MP4a;Sonderausgang;2883862T;NV Tiroch;1;1;39.0;
2026-02-06;00:00;MP4a;Sonderausgang;2883867T;NV AS Transporte;1;9;2655.0;
2026-02-06;00:00;MP4a;Sonderausgang;2883868T;NV AS Transporte;2;2;140.0;
2026-02-06;00:00;MP4a;Sonderausgang;2883885T;NV Alexandru;1;1;342.0;
2026-02-06;00:00;MP4a;Sonderausgang;2883887T;NV Strauss;3;7;1516.0;
2026-02-06;00:00;MP4a;Sonderausgang;2883890T;Sonderfahrten;1;1;90.0;
2026-02-06;00:00;MP4a;Sonderausgang;2883897T;NV AS Transporte;2;2;1267.0;
2026-02-06;00:00;MP4a;Sonderausgang;2883898T;NV Bogos Transporte;2;2;342.0;
2026-02-06;00:00;MP4a;Sonderausgang;2883900T;NV Bogos Transporte;3;3;621.0;
2026-02-06;00:00;MP4a;Sonderausgang;2883904T;NV VP Logistik;9;9;2123.0;
2026-02-06;00:00;MP4a;Sonderausgang;2883905T;NV VP Logistik;1;1;312.0;
2026-02-06;00:00;MP4a;Sonderausgang;2883913T;NV Guth;3;6;3679.0;
2026-02-06;00:00;MP4a;Sonderausgang;2883917T;Sonderfahrten;1;1;283.0;
2026-02-06;00:00;MP4a;Sonderausgang;2883918T;NV Silagi;1;1;40.9;
2026-02-06;00:00;MP4a;Sonderausgang;2884149T;NV AS Transporte;1;4;1274.0;
2026-02-06;00:00;MP4a;Sonderausgang;2884153T;NV Ciortan;2;17;4336.0;
2026-02-06;00:00;MP4a;Sonderausgang;2884155T;NV Ciortan;2;5;1082.0;
2026-02-06;00:00;MP4a;Sonderausgang;2884160T;WAB NV - großer NV;2;10;2759.0;
2026-02-06;00:00;MP4a;Sonderausgang;2884202T;WAB NV - großer NV;1;16;9120.0;
2026-02-06;00:00;MP4a;Sonderausgang;2884214T;WAB NV - großer NV;1;1;35.0;
2026-02-06;00:00;MP4a;Sonderausgang;2884224T;WAB NV - großer NV;5;70;7266.0;
2026-02-06;00:00;MP4a;Sonderausgang;2884244T;WAB NV - großer NV;2;2;671.5;
2026-02-06;00:00;MP4a;Sonderausgang;2884250T;WAB NV - großer NV;21;66;14980.0;
2026-02-06;00:00;MP4a;Sonderausgang;2884278T;WAB NV - großer NV;2;26;942.5;
2026-02-06;00:00;MP4a;Sonderausgang;2884298T;WAB NV - großer NV;3;28;6077.0;
2026-02-06;00:00;MP4a;Sonderausgang;2884308T;WAB NV - großer NV;1;9;3129.0;
2026-02-06;00:00;MP4a;Sonderausgang;2884348T;WAB NV - großer NV;13;40;8606.7;
2026-02-06;00:00;MP4a;Sonderausgang;2884352T;WAB NV - großer NV;1;1;250.0;
2026-02-06;00:00;MP4a;Sonderausgang;2884501T;NV Yeritsyan;2;2;176.0;
2026-02-06;00:00;MP4a;Sonderausgang;2884503T;NV Yeritsyan;1;1;100.0;
2026-02-06;00:00;MP4a;Sonderausgang;2884524T;WAB NV - großer NV;2;578;113732.0;
2026-02-06;00:00;MP4a;Sonderausgang;2884528T;WAB NV - großer NV;1;1;23.0;
2026-02-06;00:00;MP4a;Sonderausgang;2884553T;WAB NV - großer NV;3;3;625.0;
2026-02-06;00:00;MP4a;Sonderausgang;2884622T;WAB NV - großer NV;2;2;599.0;
2026-02-06;00:00;MP4a;Sonderausgang;2884659T;NV AS Transporte;3;11;693.8;
2026-02-06;00:00;MP4a;Sonderausgang;2884663T;NV VP Logistik;1;1;250.0;
2026-02-06;00:00;MP4a;Sonderausgang;2884668T;NV Yeritsyan;1;1;150.0;
2026-02-06;00:00;MP4a;Sonderausgang;2884669T;NV Yeritsyan;1;1;145.0;
2026-02-06;00:00;MP4a;Sonderausgang;2884680T;NV Silagi;2;2;669.0;
2026-02-06;00:00;MP4a;Sonderausgang;2884681T;NV Silagi;2;2;578.0;
2026-02-06;00:00;MP4a;Sonderausgang;2884683T;Sonderfahrten;3;21;1782.0;
2026-02-06;00:00;MP4a;Sonderausgang;2884695T;Sonderfahrten;1;1;170.0;
2026-02-06;00:00;MP4a;Sonderausgang;2884723T;WAB NV - großer NV;2;8;1120.0;
2026-02-06;00:00;MP4a;Sonderausgang;2885121T;NV AS Transporte;1;1;153.0;
2026-02-06;00:00;MP4a;Sonderausgang;2885571T;WAB NV - großer NV;1;4;110.0;
2026-02-06;00:00;MP4a;Sonderausgang;2885715T;Sonderfahrten;1;1;177.0;
2026-02-06;00:00;MP4a;Sonderausgang;2885949T;NV LT Trans;1;1;80.0;
2026-02-06;00:00;MP4a;Sonderausgang;2886017T;NV VP Logistik;1;1;80.0;
2026-02-06;00:00;MP4a;Sonderausgang;2886018T;NV VP Logistik;1;1;10.0;
2026-02-06;00:00;MP4a;Sonderausgang;2886019T;NV VP Logistik;1;1;98.5;
2026-02-06;00:00;MP4a;Sonderausgang;2886021T;NV VP Logistik;1;1;675.0;
2026-02-06;00:00;MP4a;Sonderausgang;2886022T;NV Fischer;10;10;1719.0;
2026-02-06;00:00;MP4a;Sonderausgang;2886024T;NV Tiroch;3;3;1107.0;
2026-02-06;00:00;MP4a;Sonderausgang;2886026T;NV Tiroch;2;5;2084.8;
2026-02-06;00:00;MP4a;Sonderausgang;2886027T;NV Tiroch;1;1;525.0;
2026-02-06;00:00;MP4a;Sonderausgang;2886028T;NV Tiroch;2;3;529.1;
2026-02-06;00:00;MP4a;Sonderausgang;2886029T;NV Tiroch;1;1;600.0;
2026-02-06;00:00;MP4a;Sonderausgang;2886052T;NV Tiroch;1;1;330.0;
2026-02-06;00:00;MP4a;Sonderausgang;2886101T;WAB NV - großer NV;8;184;39431.0;
2026-02-06;00:00;MP4a;Sonderausgang;2886186T;WAB NV - großer NV;1;1;90.0;
2026-02-06;00:00;MP4a;Sonderausgang;2888444T;Sonderfahrten;1;1;29.2;
2026-02-06;00:00;MP4a;Sonderausgang;2888853T;Fallback;1;1;70.0;
2026-02-06;00:00;MP5;SE Entladung FV;;;1950;11693;2240558.1;
2026-02-06;00:00;MP7;SA Verladung FV;;;1;1;15.0;
2026-02-06;00:00;MP7;SA Verladung FV;2878079T;NV Yeritsyan;1;6;166.0;
2026-02-06;00:00;MP7;SA Verladung FV;2878738T;NV Tuncay;1;7;525.0;
2026-02-06;00:00;MP7;SA Verladung FV;2879983T;NV Tuncay;1;1;57.0;
2026-02-06;00:00;MP7;SA Verladung FV;2881165T;NV Fischer;1;2;170.0;
2026-02-06;00:00;MP7;SA Verladung FV;2881222T;NV AS Transporte;1;3;105.0;
2026-02-06;00:00;MP7;SA Verladung FV;2881898T;NV Yeritsyan;1;20;200.0;
2026-02-06;00:00;MP7;SA Verladung FV;2882541T;NV Ciortan;1;8;472.0;
2026-02-06;00:00;MP7;SA Verladung FV;2882590T;NV AS Transporte;1;4;280.0;
2026-02-06;00:00;MP7;SA Verladung FV;2882847T;NV AS Transporte;1;36;3420.0;
2026-02-06;00:00;MP7;SA Verladung FV;2883196T;NV Yeritsyan;1;2;305.0;
2026-02-06;00:00;MP7;SA Verladung FV;2883776T;NV DS Transporte;12;66;7352.3;
2026-02-06;00:00;MP7;SA Verladung FV;2883777T;NV DS Transporte;9;24;1022.0;
2026-02-06;00:00;MP7;SA Verladung FV;2883778T;NV Fischer;13;40;5500.4;
2026-02-06;00:00;MP7;SA Verladung FV;2883779T;NV Fischer;13;37;2692.0;
2026-02-06;00:00;MP7;SA Verladung FV;2883780T;NV Fischer;14;29;5659.5;
2026-02-06;00:00;MP7;SA Verladung FV;2883781T;NV Fischer;10;29;7427.7;
2026-02-06;00:00;MP7;SA Verladung FV;2883782T;NV Fischer;14;29;2192.0;
2026-02-06;00:00;MP7;SA Verladung FV;2883783T;NV DS Transporte;13;16;4027.5;
2026-02-06;00:00;MP7;SA Verladung FV;2883784T;NV DS Transporte;7;10;641.0;
2026-02-06;00:00;MP7;SA Verladung FV;2883785T;NV Strauss;10;18;4455.9;
2026-02-06;00:00;MP7;SA Verladung FV;2883786T;NV Strauss;3;30;4140.0;
2026-02-06;00:00;MP7;SA Verladung FV;2883787T;NV Strauss;15;24;5042.0;
2026-02-06;00:00;MP7;SA Verladung FV;2883788T;NV Strauss;7;7;1301.4;
2026-02-06;00:00;MP7;SA Verladung FV;2883789T;NV Strauss;10;10;401.0;
2026-02-06;00:00;MP7;SA Verladung FV;2883790T;NV Strauss;8;9;428.5;
2026-02-06;00:00;MP7;SA Verladung FV;2883793T;NV Strauss;10;13;5297.0;
2026-02-06;00:00;MP7;SA Verladung FV;2883794T;NV Strauss;7;27;3795.0;
2026-02-06;00:00;MP7;SA Verladung FV;2883795T;NV DS Transporte;9;30;5503.9;
2026-02-06;00:00;MP7;SA Verladung FV;2883796T;NV DS Transporte;6;30;5796.0;
2026-02-06;00:00;MP7;SA Verladung FV;2883797T;NV AS Transporte;13;19;3621.0;
2026-02-06;00:00;MP7;SA Verladung FV;2883798T;NV AS Transporte;14;34;9277.8;
2026-02-06;00:00;MP7;SA Verladung FV;2883801T;NV Fischer;7;26;6186.0;
2026-02-06;00:00;MP7;SA Verladung FV;2883822T;NV DS Transporte;14;28;5695.6;
2026-02-06;00:00;MP7;SA Verladung FV;2883823T;NV DS Transporte;9;18;5663.0;
2026-02-06;00:00;MP7;SA Verladung FV;2883824T;NV Strauss;11;14;2773.2;
2026-02-06;00:00;MP7;SA Verladung FV;2883825T;NV Strauss;5;20;2974.0;
2026-02-06;00:00;MP7;SA Verladung FV;2883826T;NV DS Transporte;10;13;519.4;
2026-02-06;00:00;MP7;SA Verladung FV;2883827T;NV DS Transporte;8;61;12136.0;
2026-02-06;00:00;MP7;SA Verladung FV;2883828T;NV DS Transporte;10;18;4951.0;
2026-02-06;00:00;MP7;SA Verladung FV;2883829T;NV DS Transporte;12;25;5932.4;
2026-02-06;00:00;MP7;SA Verladung FV;2883830T;NV DS Transporte;9;26;11234.0;
2026-02-06;00:00;MP7;SA Verladung FV;2883832T;NV DS Transporte;10;25;742.0;
2026-02-06;00:00;MP7;SA Verladung FV;2883833T;NV Ciortan;14;65;16746.0;
2026-02-06;00:00;MP7;SA Verladung FV;2883836T;NV Ciortan;16;31;1371.0;
2026-02-06;00:00;MP7;SA Verladung FV;2883837T;NV AS Transporte;13;37;4613.6;
2026-02-06;00:00;MP7;SA Verladung FV;2883838T;NV AS Transporte;13;13;1956.6;
2026-02-06;00:00;MP7;SA Verladung FV;2883839T;NV AS Transporte;17;20;2918.0;
2026-02-06;00:00;MP7;SA Verladung FV;2883842T;NV DS Transporte;9;135;10980.0;
2026-02-06;00:00;MP7;SA Verladung FV;2883843T;NV DS Transporte;6;36;6696.0;
2026-02-06;00:00;MP7;SA Verladung FV;2883844T;NV DS Transporte;8;8;544.0;
2026-02-06;00:00;MP7;SA Verladung FV;2883845T;NV AS Transporte;14;70;10189.9;
2026-02-06;00:00;MP7;SA Verladung FV;2883847T;NV AS Transporte;15;21;2184.8;
2026-02-06;00:00;MP7;SA Verladung FV;2883848T;NV Ciortan;17;181;13851.7;
2026-02-06;00:00;MP7;SA Verladung FV;2883850T;NV AS Transporte;12;31;5228.0;
2026-02-06;00:00;MP7;SA Verladung FV;2883852T;NV AS Transporte;17;28;3597.5;
2026-02-06;00:00;MP7;SA Verladung FV;2883855T;NV Tiroch;5;8;2375.0;
2026-02-06;00:00;MP7;SA Verladung FV;2883856T;NV Tiroch;11;40;1461.2;
2026-02-06;00:00;MP7;SA Verladung FV;2883857T;NV Tiroch;18;29;6279.0;
2026-02-06;00:00;MP7;SA Verladung FV;2883858T;NV Tiroch;11;29;2185.7;
2026-02-06;00:00;MP7;SA Verladung FV;2883862T;NV Tiroch;9;89;5152.0;
2026-02-06;00:00;MP7;SA Verladung FV;2883864T;DM AS-Transport;9;46;16935.0;
2026-02-06;00:00;MP7;SA Verladung FV;2883865T;DM AS-Transport;11;22;8066.0;
2026-02-06;00:00;MP7;SA Verladung FV;2883866T;DM AS-Transport;7;41;14625.0;
2026-02-06;00:00;MP7;SA Verladung FV;2883868T;NV AS Transporte;15;146;7225.5;
2026-02-06;00:00;MP7;SA Verladung FV;2883872T;DM AS-Transport;12;29;9274.0;
2026-02-06;00:00;MP7;SA Verladung FV;2883875T;NV AS Transporte;16;137;8899.3;
2026-02-06;00:00;MP7;SA Verladung FV;2883885T;NV Alexandru;13;16;1651.0;
2026-02-06;00:00;MP7;SA Verladung FV;2883887T;NV Strauss;9;12;2416.0;
2026-02-06;00:00;MP7;SA Verladung FV;2883888T;NV Strauss;8;16;2266.0;
2026-02-06;00:00;MP7;SA Verladung FV;2883892T;DM AS-Transport;12;34;11033.0;
2026-02-06;00:00;MP7;SA Verladung FV;2883893T;DM AS-Transport;7;34;11726.0;
2026-02-06;00:00;MP7;SA Verladung FV;2883897T;NV AS Transporte;14;17;3568.0;
2026-02-06;00:00;MP7;SA Verladung FV;2883898T;NV Bogos Transporte;10;42;5372.0;
2026-02-06;00:00;MP7;SA Verladung FV;2883900T;NV Bogos Transporte;13;30;2052.2;
2026-02-06;00:00;MP7;SA Verladung FV;2883902T;NV Bogos Transporte;12;26;4093.3;
2026-02-06;00:00;MP7;SA Verladung FV;2883903T;NV VP Logistik;13;94;2428.5;
2026-02-06;00:00;MP7;SA Verladung FV;2883904T;NV VP Logistik;6;9;891.0;
2026-02-06;00:00;MP7;SA Verladung FV;2883905T;NV VP Logistik;12;26;8834.0;
2026-02-06;00:00;MP7;SA Verladung FV;2883907T;NV VP Logistik;6;18;6091.0;
2026-02-06;00:00;MP7;SA Verladung FV;2883912T;NV Tuncay;16;22;1988.0;
2026-02-06;00:00;MP7;SA Verladung FV;2883913T;NV Guth;5;26;5745.0;
2026-02-06;00:00;MP7;SA Verladung FV;2883914T;NV Guth;11;19;2888.0;
2026-02-06;00:00;MP7;SA Verladung FV;2883915T;NV Guth;15;40;6200.0;
2026-02-06;00:00;MP7;SA Verladung FV;2883916T;NV VP Logistik;12;34;10305.0;
2026-02-06;00:00;MP7;SA Verladung FV;2883917T;Sonderfahrten;6;12;2417.0;
2026-02-06;00:00;MP7;SA Verladung FV;2883918T;NV Silagi;14;17;1179.0;
2026-02-06;00:00;MP7;SA Verladung FV;2884077T;DM AS-Transport;19;75;26913.0;
2026-02-06;00:00;MP7;SA Verladung FV;2884079T;DM AS-Transport;9;28;10228.0;
2026-02-06;00:00;MP7;SA Verladung FV;2884081T;DM AS-Transport;16;94;38972.0;
2026-02-06;00:00;MP7;SA Verladung FV;2884083T;DM AS-Transport;18;56;20349.0;
2026-02-06;00:00;MP7;SA Verladung FV;2884085T;DM AS-Transport;21;90;32837.0;
2026-02-06;00:00;MP7;SA Verladung FV;2884087T;DM AS-Transport;7;18;6589.0;
2026-02-06;00:00;MP7;SA Verladung FV;2884089T;DM AS-Transport;23;64;24335.0;
2026-02-06;00:00;MP7;SA Verladung FV;2884091T;DM AS-Transport;9;15;6117.0;
2026-02-06;00:00;MP7;SA Verladung FV;2884093T;DM AS-Transport;19;75;26700.0;
2026-02-06;00:00;MP7;SA Verladung FV;2884095T;DM AS-Transport;6;39;17273.0;
2026-02-06;00:00;MP7;SA Verladung FV;2884148T;WAB NV - großer NV;3;77;41572.0;
2026-02-06;00:00;MP7;SA Verladung FV;2884149T;NV AS Transporte;18;67;7968.3;
2026-02-06;00:00;MP7;SA Verladung FV;2884151T;NV AS Transporte;16;73;7798.1;
2026-02-06;00:00;MP7;SA Verladung FV;2884153T;NV Ciortan;24;78;10158.3;
2026-02-06;00:00;MP7;SA Verladung FV;2884155T;NV Ciortan;18;156;33056.3;
2026-02-06;00:00;MP7;SA Verladung FV;2884160T;WAB NV - großer NV;13;150;50191.5;
2026-02-06;00:00;MP7;SA Verladung FV;2884192T;WAB NV - großer NV;6;53;12933.0;
2026-02-06;00:00;MP7;SA Verladung FV;2884202T;WAB NV - großer NV;8;113;51512.5;
2026-02-06;00:00;MP7;SA Verladung FV;2884214T;WAB NV - großer NV;16;69;21710.0;
2026-02-06;00:00;MP7;SA Verladung FV;2884224T;WAB NV - großer NV;2;26;1527.0;
2026-02-06;00:00;MP7;SA Verladung FV;2884244T;WAB NV - großer NV;5;24;10117.0;
2026-02-06;00:00;MP7;SA Verladung FV;2884264T;WAB NV - großer NV;8;161;31695.0;
2026-02-06;00:00;MP7;SA Verladung FV;2884278T;WAB NV - großer NV;18;55;6920.9;
2026-02-06;00:00;MP7;SA Verladung FV;2884288T;WAB NV - großer NV;8;38;9028.8;
2026-02-06;00:00;MP7;SA Verladung FV;2884298T;WAB NV - großer NV;5;23;736.0;
2026-02-06;00:00;MP7;SA Verladung FV;2884308T;WAB NV - großer NV;27;50;19920.0;
2026-02-06;00:00;MP7;SA Verladung FV;2884318T;WAB NV - großer NV;8;84;19703.0;
2026-02-06;00:00;MP7;SA Verladung FV;2884330T;WAB NV - großer NV;15;120;23432.0;
2026-02-06;00:00;MP7;SA Verladung FV;2884348T;WAB NV - großer NV;9;21;3034.0;
2026-02-06;00:00;MP7;SA Verladung FV;2884352T;WAB NV - großer NV;4;73;46759.0;
2026-02-06;00:00;MP7;SA Verladung FV;2884376T;WAB NV - großer NV;4;7;3647.0;
2026-02-06;00:00;MP7;SA Verladung FV;2884392T;WAB NV - großer NV;4;129;43224.0;
2026-02-06;00:00;MP7;SA Verladung FV;2884402T;WAB NV - großer NV;3;45;20157.0;
2026-02-06;00:00;MP7;SA Verladung FV;2884422T;WAB NV - großer NV;7;48;29873.0;
2026-02-06;00:00;MP7;SA Verladung FV;2884432T;WAB NV - großer NV;2;41;22731.0;
2026-02-06;00:00;MP7;SA Verladung FV;2884489T;NV Ciortan;14;59;8749.4;
2026-02-06;00:00;MP7;SA Verladung FV;2884501T;NV Yeritsyan;11;34;4775.0;
2026-02-06;00:00;MP7;SA Verladung FV;2884503T;NV Yeritsyan;13;27;3275.0;
2026-02-06;00:00;MP7;SA Verladung FV;2884528T;WAB NV - großer NV;8;177;26083.6;
2026-02-06;00:00;MP7;SA Verladung FV;2884553T;WAB NV - großer NV;1;1;153.0;
2026-02-06;00:00;MP7;SA Verladung FV;2884622T;WAB NV - großer NV;5;1797;107173.0;
2026-02-06;00:00;MP7;SA Verladung FV;2884659T;NV AS Transporte;9;12;2322.0;
2026-02-06;00:00;MP7;SA Verladung FV;2884661T;NV Yeritsyan;9;42;10558.0;
2026-02-06;00:00;MP7;SA Verladung FV;2884663T;NV VP Logistik;4;4;538.0;
2026-02-06;00:00;MP7;SA Verladung FV;2884668T;NV Yeritsyan;15;204;7088.0;
2026-02-06;00:00;MP7;SA Verladung FV;2884669T;NV Yeritsyan;23;107;15572.7;
2026-02-06;00:00;MP7;SA Verladung FV;2884671T;Sonderfahrten;13;27;970.9;
2026-02-06;00:00;MP7;SA Verladung FV;2884672T;Sonderfahrten;9;61;4243.0;
2026-02-06;00:00;MP7;SA Verladung FV;2884673T;NV LT Trans;10;19;6735.6;
2026-02-06;00:00;MP7;SA Verladung FV;2884674T;NV LT Trans;11;29;1436.0;
2026-02-06;00:00;MP7;SA Verladung FV;2884675T;Sonderfahrten;7;7;2537.0;
2026-02-06;00:00;MP7;SA Verladung FV;2884676T;NV LT Trans;11;30;1137.2;
2026-02-06;00:00;MP7;SA Verladung FV;2884677T;NV LT Trans;9;47;4698.1;
2026-02-06;00:00;MP7;SA Verladung FV;2884678T;NV LT Trans;5;43;5674.0;
2026-02-06;00:00;MP7;SA Verladung FV;2884679T;NV LT Trans;13;16;2114.0;
2026-02-06;00:00;MP7;SA Verladung FV;2884680T;NV Silagi;12;45;7108.0;
2026-02-06;00:00;MP7;SA Verladung FV;2884681T;NV Silagi;15;34;5467.0;
2026-02-06;00:00;MP7;SA Verladung FV;2884682T;Sonderfahrten;7;11;1106.0;
2026-02-06;00:00;MP7;SA Verladung FV;2884683T;Sonderfahrten;8;8;2324.0;
2026-02-06;00:00;MP7;SA Verladung FV;2884695T;Sonderfahrten;5;64;8602.0;
2026-02-06;00:00;MP7;SA Verladung FV;2884723T;WAB NV - großer NV;9;74;20687.0;
2026-02-06;00:00;MP7;SA Verladung FV;2884733T;NV Silagi;7;45;12389.0;
2026-02-06;00:00;MP7;SA Verladung FV;2884734T;NV Silagi;19;22;3673.0;
2026-02-06;00:00;MP7;SA Verladung FV;2884735T;Sonderfahrten;3;3;1134.0;
2026-02-06;00:00;MP7;SA Verladung FV;2884741T;NV Ciortan;1;4;746.0;
2026-02-06;00:00;MP7;SA Verladung FV;2884863T;DM AS-Transport;24;60;21687.0;
2026-02-06;00:00;MP7;SA Verladung FV;2884864T;DM AS-Transport;22;71;24095.0;
2026-02-06;00:00;MP7;SA Verladung FV;2884866T;DM AS-Transport;23;72;23225.0;
2026-02-06;00:00;MP7;SA Verladung FV;2884867T;DM AS-Transport;24;71;25291.0;
2026-02-06;00:00;MP7;SA Verladung FV;2884882T;NV Fischer;11;22;8317.0;
2026-02-06;00:00;MP7;SA Verladung FV;2884883T;NV Fischer;11;33;12612.0;
2026-02-06;00:00;MP7;SA Verladung FV;2884884T;NV Tiroch;10;31;12235.0;
2026-02-06;00:00;MP7;SA Verladung FV;2884886T;NV Tiroch;10;33;6766.0;
2026-02-06;00:00;MP7;SA Verladung FV;2884889T;NV Yeritsyan;12;26;9766.0;
2026-02-06;00:00;MP7;SA Verladung FV;2884890T;NV Yeritsyan;11;84;36093.0;
2026-02-06;00:00;MP7;SA Verladung FV;2884891T;NV Yeritsyan;10;24;8829.0;
2026-02-06;00:00;MP7;SA Verladung FV;2885053T;NV DS Transporte;1;1;26.0;
2026-02-06;00:00;MP7;SA Verladung FV;2885066T;NV DS Transporte;2;5;570.0;
2026-02-06;00:00;MP7;SA Verladung FV;2885067T;NV AS Transporte;1;1;260.0;
2026-02-06;00:00;MP7;SA Verladung FV;2885096T;NV Strauss;1;1;35.0;
2026-02-06;00:00;MP7;SA Verladung FV;2885108T;NV AS Transporte;1;1;7.0;
2026-02-06;00:00;MP7;SA Verladung FV;2885115T;NV DS Transporte;2;10;135.0;
2026-02-06;00:00;MP7;SA Verladung FV;2885156T;NV Alexandru;1;1;114.0;
2026-02-06;00:00;MP7;SA Verladung FV;2885175T;NV VP Logistik;1;4;354.0;
2026-02-06;00:00;MP7;SA Verladung FV;2885181T;NV Tuncay;1;1;321.0;
2026-02-06;00:00;MP7;SA Verladung FV;2885182T;NV Tuncay;1;9;1206.0;
2026-02-06;00:00;MP7;SA Verladung FV;2885184T;NV Guth;2;2;77.0;
2026-02-06;00:00;MP7;SA Verladung FV;2885185T;NV Guth;1;16;800.0;
2026-02-06;00:00;MP7;SA Verladung FV;2885186T;NV Guth;2;26;325.0;
2026-02-06;00:00;MP7;SA Verladung FV;2885187T;NV VP Logistik;1;1;89.0;
2026-02-06;00:00;MP7;SA Verladung FV;2885422T;NV AS Transporte;1;60;2370.0;
2026-02-06;00:00;MP7;SA Verladung FV;2885443T;WAB NV - großer NV;20;93;9206.0;
2026-02-06;00:00;MP7;SA Verladung FV;2885465T;WAB NV - großer NV;1;16;3520.0;
2026-02-06;00:00;MP7;SA Verladung FV;2885475T;WAB NV - großer NV;2;10;8419.8;
2026-02-06;00:00;MP7;SA Verladung FV;2885507T;WAB NV - großer NV;2;5;920.0;
2026-02-06;00:00;MP7;SA Verladung FV;2885517T;WAB NV - großer NV;7;78;2947.0;
2026-02-06;00:00;MP7;SA Verladung FV;2885551T;WAB NV - großer NV;2;5;943.0;
2026-02-06;00:00;MP7;SA Verladung FV;2885561T;WAB NV - großer NV;9;45;5470.2;
2026-02-06;00:00;MP7;SA Verladung FV;2885571T;WAB NV - großer NV;1;25;6305.0;
2026-02-06;00:00;MP7;SA Verladung FV;2885665T;WAB NV - großer NV;4;45;19642.0;
2026-02-06;00:00;MP7;SA Verladung FV;2885774T;NV Yeritsyan;1;1;70.0;
2026-02-06;00:00;MP7;SA Verladung FV;2885895T;WAB NV - großer NV;2;2;1983.0;
2026-02-06;00:00;MP7;SA Verladung FV;2885935T;Sonderfahrten;1;1;39.0;
2026-02-06;00:00;MP7;SA Verladung FV;2885949T;NV LT Trans;1;1;48.0;
2026-02-06;00:00;MP7;SA Verladung FV;2885952T;NV LT Trans;1;1;77.0;
2026-02-06;00:00;MP7;SA Verladung FV;2885998T;WAB NV - großer NV;1;9;615.0;
2026-02-06;00:00;MP7;SA Verladung FV;2886011T;NV AS Transporte;2;65;3744.0;
2026-02-06;00:00;MP7;SA Verladung FV;2886012T;Sonderfahrten;6;9;316.0;
2026-02-06;00:00;MP7;SA Verladung FV;2886013T;NV Ciortan;13;80;9852.3;
2026-02-06;00:00;MP7;SA Verladung FV;2886014T;NV Fischer;9;47;9296.2;
2026-02-06;00:00;MP7;SA Verladung FV;2886017T;NV VP Logistik;4;4;158.0;
2026-02-06;00:00;MP7;SA Verladung FV;2886018T;NV VP Logistik;2;17;2504.0;
2026-02-06;00:00;MP7;SA Verladung FV;2886021T;NV VP Logistik;3;99;7011.0;
2026-02-06;00:00;MP7;SA Verladung FV;2886023T;NV DS Transporte;7;7;541.0;
2026-02-06;00:00;MP7;SA Verladung FV;2886024T;NV Tiroch;6;29;8782.0;
2026-02-06;00:00;MP7;SA Verladung FV;2886026T;NV Tiroch;7;16;1168.0;
2026-02-06;00:00;MP7;SA Verladung FV;2886027T;NV Tiroch;12;18;2157.0;
2026-02-06;00:00;MP7;SA Verladung FV;2886028T;NV Tiroch;7;15;2246.0;
2026-02-06;00:00;MP7;SA Verladung FV;2886029T;NV Tiroch;6;32;4016.0;
2026-02-06;00:00;MP7;SA Verladung FV;2886033T;WAB NV - großer NV;1;1;22.0;
2026-02-06;00:00;MP7;SA Verladung FV;2886052T;NV Tiroch;7;21;2924.0;
2026-02-06;00:00;MP7;SA Verladung FV;2886069T;WAB NV - großer NV;11;68;23414.0;
2026-02-06;00:00;MP7;SA Verladung FV;2886101T;WAB NV - großer NV;12;248;59654.0;
2026-02-06;00:00;MP7;SA Verladung FV;2886151T;NV VP Logistik;1;1;437.0;
2026-02-06;00:00;MP7;SA Verladung FV;2886166T;Sonderfahrten;2;2;286.8;
2026-02-06;00:00;MP7;SA Verladung FV;2886183T;WAB NV - großer NV;1;49;44016.0;
2026-02-06;00:00;MP7;SA Verladung FV;2886186T;WAB NV - großer NV;2;2;381.0;
2026-02-06;00:00;MP7;SA Verladung FV;2886225T;WAB NV - erweitert;1;90;32400.0;
2026-02-06;00:00;MP7;SA Verladung FV;2886354T;NV Tiroch;1;1;193.0;
2026-02-06;00:00;MP7;SA Verladung FV;2886403T;NV Tuncay;1;1;15.0;
2026-02-06;00:00;MP7;SA Verladung FV;2886685T;WAB NV - großer NV;2;17;2506.0;
2026-02-06;00:00;MP7;SA Verladung FV;2886707T;WAB NV - großer NV;2;116;17318.0;
2026-02-06;00:00;MP7;SA Verladung FV;2886869T;WAB NV - großer NV;1;9;9123.0;
2026-02-06;00:00;MP7;SA Verladung FV;2886995T;Sonderfahrten;1;1;850.0;
2026-02-06;00:00;MP7;SA Verladung FV;2887115T;WAB NV - großer NV;1;36;24318.0;
2026-02-06;00:00;MP7;SA Verladung FV;2887176T;Sonderfahrten;1;1;87.7;
2026-02-06;00:00;MP7;SA Verladung FV;2887231T;NV AS Transporte;1;1;174.0;
2026-02-06;00:00;MP7;SA Verladung FV;2887234T;NV VP Logistik;1;1;130.0;
2026-02-06;00:00;MP7;SA Verladung FV;2887237T;NV DS Transporte;1;1;34.0;
2026-02-06;00:00;MP7;SA Verladung FV;2887240T;NV Tiroch;1;1;104.0;
2026-02-06;00:00;MP7;SA Verladung FV;2887280T;Sonderfahrten;1;1;94.0;
2026-02-06;00:00;MP7;SA Verladung FV;2888443T;NV Silagi;1;1;45.0;
2026-02-06;00:00;MP7;SA Verladung FV;2888839T;NV Strauss;1;1;41.0;
2026-02-06;00:00;MP7;SA Verladung FV;2889712T;NV Yeritsyan;1;1;260.0;
2026-02-06;00:00;MP7;SA Verladung FV;2889733T;Sonderfahrten;1;1;33.0;
2026-02-06;00:00;MP9a;Sonderscan;;;39;167;41529.4;
2026-02-06;00:00;MP9b;NV Eingang;;;518;1532;240167.0;
2026-02-07;00:00;MP5;SE Entladung FV;;;288;4247;416232.0;
2026-02-07;00:00;MP7;SA Verladung FV;2884865T;DM AS-Transport;25;54;19286.0;
2026-02-08;00:00;MP5;SE Entladung FV;;;23;49;4755.0;
2026-02-08;00:00;MP7;SA Verladung FV;2885561T;WAB NV - großer NV;8;38;5415.0;
2026-02-09;00:00;MP2;Nat. Eingang;;;7;175;24109.6;
2026-02-09;00:00;MP2;Nat. Eingang;2881576T;WAB NV - Abholer;1;1;43.3;
2026-02-09;00:00;MP2;Nat. Eingang;2884332T;WAB NV - Abholer;1;121;51762.4;
2026-02-09;00:00;MP2;Nat. Eingang;2884368T;WAB NV - Abholer;1;100;20000.0;
2026-02-09;00:00;MP2;Nat. Eingang;2885047T;NV DS Transporte;5;193;16380.0;
2026-02-09;00:00;MP2;Nat. Eingang;2885048T;NV Fischer;6;17;481.0;
2026-02-09;00:00;MP2;Nat. Eingang;2885049T;NV Fischer;2;2;1200.0;
2026-02-09;00:00;MP2;Nat. Eingang;2885050T;NV Fischer;5;13;5315.0;
2026-02-09;00:00;MP2;Nat. Eingang;2885051T;NV Fischer;3;69;10176.0;
2026-02-09;00:00;MP2;Nat. Eingang;2885052T;NV Fischer;8;17;3967.0;
2026-02-09;00:00;MP2;Nat. Eingang;2885053T;NV DS Transporte;21;61;4900.0;
2026-02-09;00:00;MP2;Nat. Eingang;2885055T;NV Strauss;3;3;335.0;
2026-02-09;00:00;MP2;Nat. Eingang;2885058T;NV Strauss;3;30;7024.0;
2026-02-09;00:00;MP2;Nat. Eingang;2885060T;NV Strauss;5;8;609.0;
2026-02-09;00:00;MP2;Nat. Eingang;2885063T;NV Strauss;2;2;96.0;
2026-02-09;00:00;MP2;Nat. Eingang;2885064T;NV Strauss;5;29;4922.0;
2026-02-09;00:00;MP2;Nat. Eingang;2885066T;NV DS Transporte;6;9;1354.0;
2026-02-09;00:00;MP2;Nat. Eingang;2885067T;NV AS Transporte;3;4;227.0;
2026-02-09;00:00;MP2;Nat. Eingang;2885068T;NV AS Transporte;8;69;1214.0;
2026-02-09;00:00;MP2;Nat. Eingang;2885071T;NV Fischer;7;18;2760.0;
2026-02-09;00:00;MP2;Nat. Eingang;2885094T;NV DS Transporte;7;13;1852.0;
2026-02-09;00:00;MP2;Nat. Eingang;2885095T;NV Strauss;2;5;438.0;
2026-02-09;00:00;MP2;Nat. Eingang;2885097T;NV DS Transporte;1;9;171.0;
2026-02-09;00:00;MP2;Nat. Eingang;2885099T;NV DS Transporte;8;11;4509.0;
2026-02-09;00:00;MP2;Nat. Eingang;2885100T;NV DS Transporte;1;4;80.0;
2026-02-09;00:00;MP2;Nat. Eingang;2885103T;NV DS Transporte;1;1;64.0;
2026-02-09;00:00;MP2;Nat. Eingang;2885104T;NV Ciortan;8;37;5983.8;
2026-02-09;00:00;MP2;Nat. Eingang;2885107T;NV Ciortan;1;11;275.0;
2026-02-09;00:00;MP2;Nat. Eingang;2885108T;NV AS Transporte;2;2;726.0;
2026-02-09;00:00;MP2;Nat. Eingang;2885109T;NV AS Transporte;4;4;1060.0;
2026-02-09;00:00;MP2;Nat. Eingang;2885113T;NV DS Transporte;3;3;1693.0;
2026-02-09;00:00;MP2;Nat. Eingang;2885114T;NV DS Transporte;8;42;15580.0;
2026-02-09;00:00;MP2;Nat. Eingang;2885115T;NV DS Transporte;13;18;1692.0;
2026-02-09;00:00;MP2;Nat. Eingang;2885116T;NV AS Transporte;2;2;805.0;
2026-02-09;00:00;MP2;Nat. Eingang;2885119T;NV Ciortan;2;5;1279.0;
2026-02-09;00:00;MP2;Nat. Eingang;2885123T;NV AS Transporte;5;69;5596.0;
2026-02-09;00:00;MP2;Nat. Eingang;2885126T;NV Tiroch;13;16;1470.0;
2026-02-09;00:00;MP2;Nat. Eingang;2885128T;NV Tiroch;3;3;58.0;
2026-02-09;00:00;MP2;Nat. Eingang;2885129T;NV Tiroch;5;5;1009.0;
2026-02-09;00:00;MP2;Nat. Eingang;2885130T;NV Tiroch;9;12;2068.2;
2026-02-09;00:00;MP2;Nat. Eingang;2885133T;NV Tiroch;2;2;405.0;
2026-02-09;00:00;MP2;Nat. Eingang;2885134T;NV Tiroch;9;55;16896.0;
2026-02-09;00:00;MP2;Nat. Eingang;2885139T;NV AS Transporte;4;33;13572.0;
2026-02-09;00:00;MP2;Nat. Eingang;2885146T;NV AS Transporte;11;120;5479.0;
2026-02-09;00:00;MP2;Nat. Eingang;2885156T;NV Alexandru;4;50;11036.0;
2026-02-09;00:00;MP2;Nat. Eingang;2885161T;Sonderfahrten;2;3;137.0;
2026-02-09;00:00;MP2;Nat. Eingang;2885168T;NV AS Transporte;2;5;1100.0;
2026-02-09;00:00;MP2;Nat. Eingang;2885169T;NV Bogos Transporte;1;1;33.0;
2026-02-09;00:00;MP2;Nat. Eingang;2885171T;NV Bogos Transporte;3;3;498.0;
2026-02-09;00:00;MP2;Nat. Eingang;2885173T;NV Bogos Transporte;8;11;1258.0;
2026-02-09;00:00;MP2;Nat. Eingang;2885174T;NV VP Logistik;4;13;1751.0;
2026-02-09;00:00;MP2;Nat. Eingang;2885175T;NV VP Logistik;3;3;162.0;
2026-02-09;00:00;MP2;Nat. Eingang;2885176T;NV VP Logistik;2;8;1600.0;
2026-02-09;00:00;MP2;Nat. Eingang;2885178T;NV VP Logistik;4;4;357.0;
2026-02-09;00:00;MP2;Nat. Eingang;2885181T;NV Tuncay;1;4;1100.0;
2026-02-09;00:00;MP2;Nat. Eingang;2885182T;NV Tuncay;2;26;140.0;
2026-02-09;00:00;MP2;Nat. Eingang;2885183T;NV Tuncay;4;7;1850.0;
2026-02-09;00:00;MP2;Nat. Eingang;2885184T;NV Guth;3;66;6677.0;
2026-02-09;00:00;MP2;Nat. Eingang;2885185T;NV Guth;1;1;28.0;
2026-02-09;00:00;MP2;Nat. Eingang;2885186T;NV Guth;1;1;54.0;
2026-02-09;00:00;MP2;Nat. Eingang;2885187T;NV VP Logistik;6;33;9651.0;
2026-02-09;00:00;MP2;Nat. Eingang;2885189T;NV Silagi;3;3;225.0;
2026-02-09;00:00;MP2;Nat. Eingang;2885386T;Fernverkehr AS;29;44;11301.0;
2026-02-09;00:00;MP2;Nat. Eingang;2885388T;Hofmanagement;36;109;20351.0;
2026-02-09;00:00;MP2;Nat. Eingang;2885422T;NV AS Transporte;3;6;809.0;
2026-02-09;00:00;MP2;Nat. Eingang;2885424T;NV AS Transporte;9;44;14282.0;
2026-02-09;00:00;MP2;Nat. Eingang;2885426T;NV Ciortan;2;10;2005.0;
2026-02-09;00:00;MP2;Nat. Eingang;2885435T;WAB NV - Abholer;5;43;8948.0;
2026-02-09;00:00;MP2;Nat. Eingang;2885445T;WAB NV - Abholer;21;445;14500.1;
2026-02-09;00:00;MP2;Nat. Eingang;2885455T;WAB NV - erweitert;15;169;54237.0;
2026-02-09;00:00;MP2;Nat. Eingang;2885467T;WAB NV - Abholer;6;32;4800.0;
2026-02-09;00:00;MP2;Nat. Eingang;2885489T;WAB NV - Abholer;22;47;16373.5;
2026-02-09;00:00;MP2;Nat. Eingang;2885499T;WAB NV - Abholer;29;172;38637.0;
2026-02-09;00:00;MP2;Nat. Eingang;2885503T;WAB NV - Abholer;15;16;938.5;
2026-02-09;00:00;MP2;Nat. Eingang;2885509T;WAB NV - Abholer;3;3;167.0;
2026-02-09;00:00;MP2;Nat. Eingang;2885519T;WAB NV - Abholer;13;435;13898.0;
2026-02-09;00:00;MP2;Nat. Eingang;2885529T;WAB NV - Abholer;9;214;29960.0;
2026-02-09;00:00;MP2;Nat. Eingang;2885533T;WAB NV - erweitert;6;36;4313.0;
2026-02-09;00:00;MP2;Nat. Eingang;2885539T;WAB NV - Abholer;11;11;1083.9;
2026-02-09;00:00;MP2;Nat. Eingang;2885543T;WAB NV - Abholer;8;91;17193.0;
2026-02-09;00:00;MP2;Nat. Eingang;2885553T;WAB NV - Abholer;50;56;7641.0;
2026-02-09;00:00;MP2;Nat. Eingang;2885563T;WAB NV - Abholer;5;100;26700.0;
2026-02-09;00:00;MP2;Nat. Eingang;2885573T;WAB NV - Abholer;33;44;16891.0;
2026-02-09;00:00;MP2;Nat. Eingang;2885583T;WAB NV - Abholer;23;115;20633.0;
2026-02-09;00:00;MP2;Nat. Eingang;2885597T;WAB NV - Abholer;10;76;9202.0;
2026-02-09;00:00;MP2;Nat. Eingang;2885605T;WAB NV - Abholer;1;225;48000.0;
2026-02-09;00:00;MP2;Nat. Eingang;2885613T;WAB NV - Abholer;16;36;15077.0;
2026-02-09;00:00;MP2;Nat. Eingang;2885627T;WAB NV - Abholer;28;483;20477.2;
2026-02-09;00:00;MP2;Nat. Eingang;2885641T;WAB NV - Abholer;7;100;23340.0;
2026-02-09;00:00;MP2;Nat. Eingang;2885667T;WAB NV - Abholer;12;57;11508.0;
2026-02-09;00:00;MP2;Nat. Eingang;2885677T;WAB NV - Abholer;15;100;87656.0;
2026-02-09;00:00;MP2;Nat. Eingang;2885697T;WAB NV - Abholer;4;225;56653.0;
2026-02-09;00:00;MP2;Nat. Eingang;2885701T;WAB NV - Abholer;9;41;7955.0;
2026-02-09;00:00;MP2;Nat. Eingang;2885707T;WAB NV - Abholer;20;49;17216.6;
2026-02-09;00:00;MP2;Nat. Eingang;2885715T;Sonderfahrten;3;11;2503.0;
2026-02-09;00:00;MP2;Nat. Eingang;2885762T;NV Ciortan;3;3;212.0;
2026-02-09;00:00;MP2;Nat. Eingang;2885774T;NV Yeritsyan;3;51;17726.0;
2026-02-09;00:00;MP2;Nat. Eingang;2885776T;NV Yeritsyan;6;48;6117.0;
2026-02-09;00:00;MP2;Nat. Eingang;2885806T;WAB NV - Abholer;30;90;11406.2;
2026-02-09;00:00;MP2;Nat. Eingang;2885820T;WAB NV - Abholer;32;40;10038.9;
2026-02-09;00:00;MP2;Nat. Eingang;2885822T;WAB NV - Abholer;31;39;8450.4;
2026-02-09;00:00;MP2;Nat. Eingang;2885827T;WAB NV - Abholer;29;46;3827.9;
2026-02-09;00:00;MP2;Nat. Eingang;2885846T;WAB NV - Abholer;9;15;1004.0;
2026-02-09;00:00;MP2;Nat. Eingang;2885856T;WAB NV - Abholer;42;60;4114.8;
2026-02-09;00:00;MP2;Nat. Eingang;2885858T;WAB NV - Abholer;18;88;8852.7;
2026-02-09;00:00;MP2;Nat. Eingang;2885872T;WAB NV - Abholer;31;75;23384.5;
2026-02-09;00:00;MP2;Nat. Eingang;2885874T;WAB NV - Abholer;31;126;37419.6;
2026-02-09;00:00;MP2;Nat. Eingang;2885876T;WAB NV - Abholer;37;126;41447.5;
2026-02-09;00:00;MP2;Nat. Eingang;2885882T;WAB NV - Abholer;24;80;7772.0;
2026-02-09;00:00;MP2;Nat. Eingang;2885884T;WAB NV - Abholer;30;33;7548.4;
2026-02-09;00:00;MP2;Nat. Eingang;2885886T;WAB NV - Abholer;15;18;2970.0;
2026-02-09;00:00;MP2;Nat. Eingang;2885898T;WAB NV - Abholer;20;44;30538.0;
2026-02-09;00:00;MP2;Nat. Eingang;2885932T;NV AS Transporte;10;27;3172.0;
2026-02-09;00:00;MP2;Nat. Eingang;2885934T;NV Yeritsyan;3;3;500.0;
2026-02-09;00:00;MP2;Nat. Eingang;2885941T;NV Yeritsyan;2;10;3040.0;
2026-02-09;00:00;MP2;Nat. Eingang;2885942T;NV Yeritsyan;4;4;1351.0;
2026-02-09;00:00;MP2;Nat. Eingang;2885947T;NV LT Trans;5;5;991.0;
2026-02-09;00:00;MP2;Nat. Eingang;2885949T;NV LT Trans;3;6;773.0;
2026-02-09;00:00;MP2;Nat. Eingang;2885952T;NV LT Trans;7;106;8114.6;
2026-02-09;00:00;MP2;Nat. Eingang;2885954T;NV Silagi;7;48;4643.0;
2026-02-09;00:00;MP2;Nat. Eingang;2885955T;Sonderfahrten;1;1;55.0;
2026-02-09;00:00;MP2;Nat. Eingang;2885988T;WAB NV - Abholer;23;67;9070.4;
2026-02-09;00:00;MP2;Nat. Eingang;2886000T;WAB NV - Abholer;16;24;2917.9;
2026-02-09;00:00;MP2;Nat. Eingang;2886004T;WAB NV - Abholer;19;189;72953.0;
2026-02-09;00:00;MP2;Nat. Eingang;2886008T;NV Silagi;4;7;941.0;
2026-02-09;00:00;MP2;Nat. Eingang;2886009T;NV Silagi;3;6;1738.0;
2026-02-09;00:00;MP2;Nat. Eingang;2886010T;Sonderfahrten;1;1;900.0;
2026-02-09;00:00;MP2;Nat. Eingang;2886608T;Hofmanagement;9;35;24799.0;
2026-02-09;00:00;MP2;Nat. Eingang;2886996T;NV Yeritsyan;1;1;160.0;
2026-02-09;00:00;MP2;Nat. Eingang;2887232T;NV Ciortan;3;30;6418.0;
2026-02-09;00:00;MP2;Nat. Eingang;2887236T;NV VP Logistik;3;11;665.0;
2026-02-09;00:00;MP2;Nat. Eingang;2887237T;NV DS Transporte;4;10;770.0;
2026-02-09;00:00;MP2;Nat. Eingang;2887238T;NV Tiroch;5;29;21562.0;
2026-02-09;00:00;MP2;Nat. Eingang;2887240T;NV Tiroch;2;26;3120.0;
2026-02-09;00:00;MP2;Nat. Eingang;2887245T;NV DS Transporte;3;3;285.0;
2026-02-09;00:00;MP2;Nat. Eingang;2887246T;NV AS Transporte;1;1;60.0;
2026-02-09;00:00;MP2;Nat. Eingang;2887280T;Sonderfahrten;1;1;100.0;
2026-02-09;00:00;MP2;Nat. Eingang;2887517T;WAB NV - Abholer;6;9;3022.0;
2026-02-09;00:00;MP2;Nat. Eingang;2890617T;WAB NV - Abholer;1;1;71.3;
2026-02-09;00:00;MP2;Nat. Eingang;2891272T;Fallback;1;49;2940.0;
2026-02-09;00:00;MP4;Nat. Ausgang;;;19;120;11565.2;
2026-02-09;00:00;MP4;Nat. Ausgang;2882393T;Linien International;1;1;624.2;
2026-02-09;00:00;MP4;Nat. Ausgang;2883799T;Fernverkehr AS;30;189;47670.1;
2026-02-09;00:00;MP4;Nat. Ausgang;2884031T;Linien Süd;1;1;2.0;
2026-02-09;00:00;MP4;Nat. Ausgang;2884447T;Linien Ruhr;1;2;752.0;
2026-02-09;00:00;MP4;Nat. Ausgang;2884647T;Linien Süd;1;2;470.0;
2026-02-09;00:00;MP4;Nat. Ausgang;2884896T;Linien International;16;69;7597.7;
2026-02-09;00:00;MP4;Nat. Ausgang;2885291T;Linien International;11;38;6867.9;
2026-02-09;00:00;MP4;Nat. Ausgang;2885293T;Linien International;25;88;12019.1;
2026-02-09;00:00;MP4;Nat. Ausgang;2885295T;Linien International;7;15;1002.0;
2026-02-09;00:00;MP4;Nat. Ausgang;2885299T;Linien International;16;141;33279.7;
2026-02-09;00:00;MP4;Nat. Ausgang;2885301T;Linien Mitte;5;543;85236.0;
2026-02-09;00:00;MP4;Nat. Ausgang;2885303T;Linien Süd;17;431;8198.4;
2026-02-09;00:00;MP4;Nat. Ausgang;2885305T;Linien Süd;6;35;6627.0;
2026-02-09;00:00;MP4;Nat. Ausgang;2885307T;Linien Süd;42;209;55835.3;
2026-02-09;00:00;MP4;Nat. Ausgang;2885311T;Linien Süd;23;312;65033.7;
2026-02-09;00:00;MP4;Nat. Ausgang;2885315T;Linien Süd;25;426;75293.8;
2026-02-09;00:00;MP4;Nat. Ausgang;2885317T;Linien Süd;12;12;2905.0;
2026-02-09;00:00;MP4;Nat. Ausgang;2885319T;Linien Südwest;52;227;34092.7;
2026-02-09;00:00;MP4;Nat. Ausgang;2885382T;Fernverkehr AS;32;323;54968.4;
2026-02-09;00:00;MP4;Nat. Ausgang;2885716T;Linien Ruhr;32;341;114525.9;
2026-02-09;00:00;MP4;Nat. Ausgang;2885720T;Linien Ruhr;45;167;25430.2;
2026-02-09;00:00;MP4;Nat. Ausgang;2885724T;Linien Ruhr;33;63;7903.9;
2026-02-09;00:00;MP4;Nat. Ausgang;2885728T;Linien Mitte;45;189;13627.2;
2026-02-09;00:00;MP4;Nat. Ausgang;2885732T;Linien Mitte;36;53;12685.9;
2026-02-09;00:00;MP4;Nat. Ausgang;2885734T;Linien Ost;30;141;32680.4;
2026-02-09;00:00;MP4;Nat. Ausgang;2885738T;Linien Südwest;43;223;19180.8;
2026-02-09;00:00;MP4;Nat. Ausgang;2885742T;Linien Südwest;30;200;41700.0;
2026-02-09;00:00;MP4;Nat. Ausgang;2885746T;Linien Süd;39;169;23259.9;
2026-02-09;00:00;MP4;Nat. Ausgang;2885750T;Linien Süd;50;167;30462.6;
2026-02-09;00:00;MP4;Nat. Ausgang;2885754T;Linien Süd;43;96;18401.3;
2026-02-09;00:00;MP4;Nat. Ausgang;2885758T;Linien Ost;22;93;5951.2;
2026-02-09;00:00;MP4;Nat. Ausgang;2885764T;Linien Süd;20;75;24232.1;
2026-02-09;00:00;MP4;Nat. Ausgang;2885768T;Linien Mitte;26;134;15076.1;
2026-02-09;00:00;MP4;Nat. Ausgang;2885772T;Linien Mitte;31;49;7431.1;
2026-02-09;00:00;MP4;Nat. Ausgang;2885777T;Linien Süd;21;106;13245.9;
2026-02-09;00:00;MP4;Nat. Ausgang;2885779T;Linien Südwest;14;91;4328.4;
2026-02-09;00:00;MP4;Nat. Ausgang;2885783T;Linien International;14;125;9853.6;
2026-02-09;00:00;MP4;Nat. Ausgang;2885787T;Linien Ost;25;47;8538.2;
2026-02-09;00:00;MP4;Nat. Ausgang;2885904T;Linien International;29;97;19040.3;
2026-02-09;00:00;MP4;Nat. Ausgang;2885906T;Linien International;16;30;12448.3;
2026-02-09;00:00;MP4;Nat. Ausgang;2885910T;Linien International;10;91;23230.2;
2026-02-09;00:00;MP4;Nat. Ausgang;2885912T;Linien International;2;37;8026.0;
2026-02-09;00:00;MP4;Nat. Ausgang;2885914T;Linien Nord;30;52;5146.9;
2026-02-09;00:00;MP4;Nat. Ausgang;2885918T;Linien Nord;8;11;3629.3;
2026-02-09;00:00;MP4;Nat. Ausgang;2885920T;Linien Süd;24;200;43968.5;
2026-02-09;00:00;MP4;Nat. Ausgang;2885924T;Linien Süd;13;45;5505.6;
2026-02-09;00:00;MP4;Nat. Ausgang;2885926T;Linien Süd;43;181;18705.2;
2026-02-09;00:00;MP4;Nat. Ausgang;2885930T;Linien Süd;7;10;2614.8;
2026-02-09;00:00;MP4;Nat. Ausgang;2885937T;Linien Mitte;36;118;34985.4;
2026-02-09;00:00;MP4;Nat. Ausgang;2885969T;Linien Nord;11;17;1412.0;
2026-02-09;00:00;MP4;Nat. Ausgang;2885973T;Linien Mitte;15;21;3881.5;
2026-02-09;00:00;MP4;Nat. Ausgang;2885977T;Linien Süd;20;112;21904.5;
2026-02-09;00:00;MP4;Nat. Ausgang;2885981T;Linien Süd;23;95;25000.1;
2026-02-09;00:00;MP4;Nat. Ausgang;2885985T;Linien Süd;7;10;1059.3;
2026-02-09;00:00;MP4;Nat. Ausgang;2886290T;Fernverkehr AS;17;163;22814.4;
2026-02-09;00:00;MP4;Nat. Ausgang;2886540T;Linien Südwest;6;22;3063.0;
2026-02-09;00:00;MP4;Nat. Ausgang;2886594T;Fernverkehr AS;5;8;2817.9;
2026-02-09;00:00;MP4;Nat. Ausgang;2886598T;Fernverkehr AS;4;67;7117.0;
2026-02-09;00:00;MP4;Nat. Ausgang;2886936T;Linien Ruhr;9;18;2065.4;
2026-02-09;00:00;MP4;Nat. Ausgang;2886940T;Linien Ruhr;5;8;2372.0;
2026-02-09;00:00;MP4;Nat. Ausgang;2886966T;Linien Süd;7;25;5163.0;
2026-02-09;00:00;MP4;Nat. Ausgang;2886984T;Linien Süd;5;5;965.0;
2026-02-09;00:00;MP4;Nat. Ausgang;2886988T;Linien Mitte;21;2142;39227.8;
2026-02-09;00:00;MP4;Nat. Ausgang;2887130T;Linien International;1;1;100.0;
2026-02-09;00:00;MP4;Nat. Ausgang;2887132T;Linien International;4;7;2511.0;
2026-02-09;00:00;MP4;Nat. Ausgang;2887189T;Linien Nord;17;53;8018.4;
2026-02-09;00:00;MP4;Nat. Ausgang;2887193T;Linien Mitte;3;118;13373.6;
2026-02-09;00:00;MP4;Nat. Ausgang;2887291T;Linien Ruhr;25;114;11568.3;
2026-02-09;00:00;MP4;Nat. Ausgang;2887310T;Linien International;2;2;775.0;
2026-02-09;00:00;MP4;Nat. Ausgang;2887312T;Linien International;3;9;3516.0;
2026-02-09;00:00;MP4;Nat. Ausgang;2887380T;Linien Südwest;32;123;28965.7;
2026-02-09;00:00;MP4;Nat. Ausgang;2888257T;Linien Mitte;1;9;4653.0;
2026-02-09;00:00;MP4;Nat. Ausgang;2888537T;Linien International;21;93;13868.0;
2026-02-09;00:00;MP4;Nat. Ausgang;2888648T;Linien Ost;5;13;4926.0;
2026-02-09;00:00;MP4;Nat. Ausgang;2888652T;Linien Ost;4;20;7794.0;
2026-02-09;00:00;MP4;Nat. Ausgang;2889925T;Linien Mitte;14;108;17296.5;
2026-02-09;00:00;MP4a;Sonderausgang;2877482T;NV Silagi;1;1;60.0;
2026-02-09;00:00;MP4a;Sonderausgang;2878623T;NV AS Transporte;1;1;108.0;
2026-02-09;00:00;MP4a;Sonderausgang;2880949T;Sonderfahrten;1;1;65.0;
2026-02-09;00:00;MP4a;Sonderausgang;2881185T;Fallback;2;2;3.0;
2026-02-09;00:00;MP4a;Sonderausgang;2881531T;NV AS Transporte;1;1;129.0;
2026-02-09;00:00;MP4a;Sonderausgang;2881895T;NV Yeritsyan;1;3;114.0;
2026-02-09;00:00;MP4a;Sonderausgang;2881898T;NV Yeritsyan;1;20;200.0;
2026-02-09;00:00;MP4a;Sonderausgang;2882593T;NV Bogos Transporte;1;2;202.0;
2026-02-09;00:00;MP4a;Sonderausgang;2882851T;NV Ciortan;1;6;1125.0;
2026-02-09;00:00;MP4a;Sonderausgang;2883375T;NV Silagi;1;2;365.0;
2026-02-09;00:00;MP4a;Sonderausgang;2883796T;NV DS Transporte;1;1;870.0;
2026-02-09;00:00;MP4a;Sonderausgang;2883802T;Fallback;1;1;1.0;
2026-02-09;00:00;MP4a;Sonderausgang;2883804T;Fallback;1;1;86.0;
2026-02-09;00:00;MP4a;Sonderausgang;2884676T;NV LT Trans;1;1;67.0;
2026-02-09;00:00;MP4a;Sonderausgang;2884741T;NV Ciortan;1;4;746.0;
2026-02-09;00:00;MP4a;Sonderausgang;2885046T;NV DS Transporte;1;9;2151.0;
2026-02-09;00:00;MP4a;Sonderausgang;2885049T;NV Fischer;2;2;314.0;
2026-02-09;00:00;MP4a;Sonderausgang;2885050T;NV Fischer;1;1;192.0;
2026-02-09;00:00;MP4a;Sonderausgang;2885053T;NV DS Transporte;1;1;180.0;
2026-02-09;00:00;MP4a;Sonderausgang;2885056T;NV Strauss;1;1;55.6;
2026-02-09;00:00;MP4a;Sonderausgang;2885063T;NV Strauss;1;1;364.0;
2026-02-09;00:00;MP4a;Sonderausgang;2885064T;NV Strauss;2;10;981.0;
2026-02-09;00:00;MP4a;Sonderausgang;2885065T;NV DS Transporte;2;37;8023.0;
2026-02-09;00:00;MP4a;Sonderausgang;2885066T;NV DS Transporte;1;1;870.0;
2026-02-09;00:00;MP4a;Sonderausgang;2885067T;NV AS Transporte;4;4;961.0;
2026-02-09;00:00;MP4a;Sonderausgang;2885068T;NV AS Transporte;5;5;895.6;
2026-02-09;00:00;MP4a;Sonderausgang;2885071T;NV Fischer;3;3;682.0;
2026-02-09;00:00;MP4a;Sonderausgang;2885096T;NV Strauss;1;1;86.0;
2026-02-09;00:00;MP4a;Sonderausgang;2885097T;NV DS Transporte;1;1;172.0;
2026-02-09;00:00;MP4a;Sonderausgang;2885098T;NV DS Transporte;1;4;678.0;
2026-02-09;00:00;MP4a;Sonderausgang;2885101T;NV DS Transporte;1;1;128.0;
2026-02-09;00:00;MP4a;Sonderausgang;2885103T;NV DS Transporte;2;2;175.0;
2026-02-09;00:00;MP4a;Sonderausgang;2885104T;NV Ciortan;1;1;95.0;
2026-02-09;00:00;MP4a;Sonderausgang;2885107T;NV Ciortan;1;1;63.8;
2026-02-09;00:00;MP4a;Sonderausgang;2885108T;NV AS Transporte;1;4;458.0;
2026-02-09;00:00;MP4a;Sonderausgang;2885109T;NV AS Transporte;2;10;435.6;
2026-02-09;00:00;MP4a;Sonderausgang;2885114T;NV DS Transporte;1;1;180.0;
2026-02-09;00:00;MP4a;Sonderausgang;2885116T;NV AS Transporte;6;7;1297.6;
2026-02-09;00:00;MP4a;Sonderausgang;2885119T;NV Ciortan;3;17;2940.0;
2026-02-09;00:00;MP4a;Sonderausgang;2885121T;NV AS Transporte;2;2;430.0;
2026-02-09;00:00;MP4a;Sonderausgang;2885123T;NV AS Transporte;1;1;169.0;
2026-02-09;00:00;MP4a;Sonderausgang;2885129T;NV Tiroch;6;7;1382.0;
2026-02-09;00:00;MP4a;Sonderausgang;2885130T;NV Tiroch;25;91;1260.0;
2026-02-09;00:00;MP4a;Sonderausgang;2885133T;NV Tiroch;2;3;430.0;
2026-02-09;00:00;MP4a;Sonderausgang;2885134T;NV Tiroch;1;1;480.0;
2026-02-09;00:00;MP4a;Sonderausgang;2885138T;NV AS Transporte;1;1;497.0;
2026-02-09;00:00;MP4a;Sonderausgang;2885139T;NV AS Transporte;3;11;5440.0;
2026-02-09;00:00;MP4a;Sonderausgang;2885146T;NV AS Transporte;2;2;507.0;
2026-02-09;00:00;MP4a;Sonderausgang;2885156T;NV Alexandru;3;3;579.0;
2026-02-09;00:00;MP4a;Sonderausgang;2885161T;Sonderfahrten;1;1;3.1;
2026-02-09;00:00;MP4a;Sonderausgang;2885168T;NV AS Transporte;1;1;270.0;
2026-02-09;00:00;MP4a;Sonderausgang;2885169T;NV Bogos Transporte;1;4;590.0;
2026-02-09;00:00;MP4a;Sonderausgang;2885171T;NV Bogos Transporte;3;6;379.6;
2026-02-09;00:00;MP4a;Sonderausgang;2885173T;NV Bogos Transporte;1;1;45.0;
2026-02-09;00:00;MP4a;Sonderausgang;2885175T;NV VP Logistik;3;3;504.0;
2026-02-09;00:00;MP4a;Sonderausgang;2885176T;NV VP Logistik;3;9;2919.0;
2026-02-09;00:00;MP4a;Sonderausgang;2885181T;NV Tuncay;1;1;41.0;
2026-02-09;00:00;MP4a;Sonderausgang;2885182T;NV Tuncay;5;8;2573.0;
2026-02-09;00:00;MP4a;Sonderausgang;2885185T;NV Guth;1;4;452.0;
2026-02-09;00:00;MP4a;Sonderausgang;2885186T;NV Guth;1;1;180.0;
2026-02-09;00:00;MP4a;Sonderausgang;2885188T;Sonderfahrten;1;1;192.0;
2026-02-09;00:00;MP4a;Sonderausgang;2885189T;NV Silagi;1;1;100.0;
2026-02-09;00:00;MP4a;Sonderausgang;2885424T;NV AS Transporte;1;4;512.0;
2026-02-09;00:00;MP4a;Sonderausgang;2885428T;NV Ciortan;2;5;2106.0;
2026-02-09;00:00;MP4a;Sonderausgang;2885433T;WAB NV - großer NV;1;81;21735.0;
2026-02-09;00:00;MP4a;Sonderausgang;2885497T;WAB NV - großer NV;3;38;12762.0;
2026-02-09;00:00;MP4a;Sonderausgang;2885507T;WAB NV - großer NV;1;1;40.0;
2026-02-09;00:00;MP4a;Sonderausgang;2885537T;WAB NV - großer NV;12;12;1883.0;
2026-02-09;00:00;MP4a;Sonderausgang;2885571T;WAB NV - großer NV;6;178;30210.0;
2026-02-09;00:00;MP4a;Sonderausgang;2885591T;WAB NV - großer NV;1;25;14430.0;
2026-02-09;00:00;MP4a;Sonderausgang;2885601T;WAB NV - großer NV;1;1;264.0;
2026-02-09;00:00;MP4a;Sonderausgang;2885621T;WAB NV - großer NV;2;61;15785.0;
2026-02-09;00:00;MP4a;Sonderausgang;2885639T;WAB NV - großer NV;2;2;162.0;
2026-02-09;00:00;MP4a;Sonderausgang;2885665T;WAB NV - großer NV;2;169;73050.0;
2026-02-09;00:00;MP4a;Sonderausgang;2885675T;WAB NV - großer NV;5;71;22478.0;
2026-02-09;00:00;MP4a;Sonderausgang;2885715T;Sonderfahrten;1;1;177.0;
2026-02-09;00:00;MP4a;Sonderausgang;2885762T;NV Ciortan;1;1;250.0;
2026-02-09;00:00;MP4a;Sonderausgang;2885776T;NV Yeritsyan;2;5;328.0;
2026-02-09;00:00;MP4a;Sonderausgang;2885894T;WAB NV - großer NV;5;5;684.0;
2026-02-09;00:00;MP4a;Sonderausgang;2885895T;WAB NV - großer NV;2;2;1305.0;
2026-02-09;00:00;MP4a;Sonderausgang;2885932T;NV AS Transporte;4;52;5969.0;
2026-02-09;00:00;MP4a;Sonderausgang;2885934T;NV Yeritsyan;1;1;167.0;
2026-02-09;00:00;MP4a;Sonderausgang;2885936T;NV VP Logistik;1;1;177.0;
2026-02-09;00:00;MP4a;Sonderausgang;2885941T;NV Yeritsyan;1;1;140.0;
2026-02-09;00:00;MP4a;Sonderausgang;2885942T;NV Yeritsyan;2;5;1090.0;
2026-02-09;00:00;MP4a;Sonderausgang;2885944T;Sonderfahrten;3;6;116.0;
2026-02-09;00:00;MP4a;Sonderausgang;2885946T;NV LT Trans;1;4;1760.0;
2026-02-09;00:00;MP4a;Sonderausgang;2885948T;Sonderfahrten;1;1;62.0;
2026-02-09;00:00;MP4a;Sonderausgang;2885949T;NV LT Trans;2;2;182.2;
2026-02-09;00:00;MP4a;Sonderausgang;2885952T;NV LT Trans;1;1;177.0;
2026-02-09;00:00;MP4a;Sonderausgang;2885953T;NV Silagi;1;1;40.0;
2026-02-09;00:00;MP4a;Sonderausgang;2885954T;NV Silagi;2;2;267.0;
2026-02-09;00:00;MP4a;Sonderausgang;2885955T;Sonderfahrten;2;2;175.0;
2026-02-09;00:00;MP4a;Sonderausgang;2886288T;NV AS Transporte;1;1;207.0;
2026-02-09;00:00;MP4a;Sonderausgang;2886648T;NV Ciortan;3;6;961.0;
2026-02-09;00:00;MP4a;Sonderausgang;2887232T;NV Ciortan;2;2;336.5;
2026-02-09;00:00;MP4a;Sonderausgang;2887238T;NV Tiroch;1;4;946.0;
2026-02-09;00:00;MP4a;Sonderausgang;2887239T;NV Tiroch;2;2;777.0;
2026-02-09;00:00;MP4a;Sonderausgang;2887242T;NV Tiroch;4;4;973.0;
2026-02-09;00:00;MP4a;Sonderausgang;2887243T;NV Tiroch;11;38;2419.0;
2026-02-09;00:00;MP4a;Sonderausgang;2887304T;WAB NV - großer NV;3;6;252.0;
2026-02-09;00:00;MP4a;Sonderausgang;2887332T;WAB NV - großer NV;1;1;195.0;
2026-02-09;00:00;MP4a;Sonderausgang;2887370T;WAB NV - großer NV;7;104;15362.0;
2026-02-09;00:00;MP4a;Sonderausgang;2887431T;WAB NV - großer NV;1;1;310.0;
2026-02-09;00:00;MP4a;Sonderausgang;2888012T;WAB NV - großer NV;1;1;288.8;
2026-02-09;00:00;MP4a;Sonderausgang;2888444T;Sonderfahrten;1;1;29.2;
2026-02-09;00:00;MP5;SE Entladung FV;;;1898;12217;1974894.2;
2026-02-09;00:00;MP7;SA Verladung FV;2881596T;WAB NV - großer NV;1;20;7612.0;
2026-02-09;00:00;MP7;SA Verladung FV;2883478T;WAB NV - großer NV;1;16;4540.0;
2026-02-09;00:00;MP7;SA Verladung FV;2885046T;NV DS Transporte;10;24;3478.0;
2026-02-09;00:00;MP7;SA Verladung FV;2885047T;NV DS Transporte;8;27;970.0;
2026-02-09;00:00;MP7;SA Verladung FV;2885048T;NV Fischer;20;58;2554.0;
2026-02-09;00:00;MP7;SA Verladung FV;2885049T;NV Fischer;6;9;3610.0;
2026-02-09;00:00;MP7;SA Verladung FV;2885050T;NV Fischer;15;68;4016.0;
2026-02-09;00:00;MP7;SA Verladung FV;2885051T;NV Fischer;12;24;3486.6;
2026-02-09;00:00;MP7;SA Verladung FV;2885052T;NV Fischer;15;125;10428.7;
2026-02-09;00:00;MP7;SA Verladung FV;2885053T;NV DS Transporte;9;41;2625.0;
2026-02-09;00:00;MP7;SA Verladung FV;2885054T;NV DS Transporte;2;40;3714.0;
2026-02-09;00:00;MP7;SA Verladung FV;2885055T;NV Strauss;14;20;1720.0;
2026-02-09;00:00;MP7;SA Verladung FV;2885056T;NV Strauss;7;10;1563.0;
2026-02-09;00:00;MP7;SA Verladung FV;2885057T;NV Strauss;13;24;5598.8;
2026-02-09;00:00;MP7;SA Verladung FV;2885058T;NV Strauss;12;23;2268.0;
2026-02-09;00:00;MP7;SA Verladung FV;2885059T;NV Strauss;9;80;1174.0;
2026-02-09;00:00;MP7;SA Verladung FV;2885060T;NV Strauss;6;14;470.0;
2026-02-09;00:00;MP7;SA Verladung FV;2885063T;NV Strauss;10;19;6762.0;
2026-02-09;00:00;MP7;SA Verladung FV;2885064T;NV Strauss;8;11;1461.5;
2026-02-09;00:00;MP7;SA Verladung FV;2885065T;NV DS Transporte;9;15;1379.0;
2026-02-09;00:00;MP7;SA Verladung FV;2885066T;NV DS Transporte;6;97;13547.0;
2026-02-09;00:00;MP7;SA Verladung FV;2885067T;NV AS Transporte;9;15;2205.0;
2026-02-09;00:00;MP7;SA Verladung FV;2885068T;NV AS Transporte;10;21;4011.0;
2026-02-09;00:00;MP7;SA Verladung FV;2885071T;NV Fischer;18;21;1990.8;
2026-02-09;00:00;MP7;SA Verladung FV;2885093T;NV DS Transporte;14;20;4002.0;
2026-02-09;00:00;MP7;SA Verladung FV;2885094T;NV DS Transporte;11;17;4629.0;
2026-02-09;00:00;MP7;SA Verladung FV;2885095T;NV Strauss;9;24;4309.0;
2026-02-09;00:00;MP7;SA Verladung FV;2885096T;NV Strauss;8;26;4319.0;
2026-02-09;00:00;MP7;SA Verladung FV;2885097T;NV DS Transporte;9;132;1772.0;
2026-02-09;00:00;MP7;SA Verladung FV;2885098T;NV DS Transporte;9;29;9070.8;
2026-02-09;00:00;MP7;SA Verladung FV;2885099T;NV DS Transporte;7;33;6144.0;
2026-02-09;00:00;MP7;SA Verladung FV;2885100T;NV DS Transporte;11;32;3562.0;
2026-02-09;00:00;MP7;SA Verladung FV;2885101T;NV DS Transporte;10;36;6713.0;
2026-02-09;00:00;MP7;SA Verladung FV;2885102T;NV Ciortan;15;33;2147.8;
2026-02-09;00:00;MP7;SA Verladung FV;2885103T;NV DS Transporte;10;13;692.0;
2026-02-09;00:00;MP7;SA Verladung FV;2885104T;NV Ciortan;13;48;3273.0;
2026-02-09;00:00;MP7;SA Verladung FV;2885107T;NV Ciortan;16;19;944.0;
2026-02-09;00:00;MP7;SA Verladung FV;2885108T;NV AS Transporte;14;20;2893.0;
2026-02-09;00:00;MP7;SA Verladung FV;2885109T;NV AS Transporte;15;24;4606.6;
2026-02-09;00:00;MP7;SA Verladung FV;2885113T;NV DS Transporte;10;35;2985.0;
2026-02-09;00:00;MP7;SA Verladung FV;2885114T;NV DS Transporte;7;68;4514.0;
2026-02-09;00:00;MP7;SA Verladung FV;2885115T;NV DS Transporte;9;20;470.0;
2026-02-09;00:00;MP7;SA Verladung FV;2885116T;NV AS Transporte;13;22;5959.2;
2026-02-09;00:00;MP7;SA Verladung FV;2885119T;NV Ciortan;20;64;8675.0;
2026-02-09;00:00;MP7;SA Verladung FV;2885121T;NV AS Transporte;15;27;3164.0;
2026-02-09;00:00;MP7;SA Verladung FV;2885123T;NV AS Transporte;11;28;10579.0;
2026-02-09;00:00;MP7;SA Verladung FV;2885127T;NV Tiroch;5;93;8560.0;
2026-02-09;00:00;MP7;SA Verladung FV;2885128T;NV Tiroch;11;84;8128.0;
2026-02-09;00:00;MP7;SA Verladung FV;2885129T;NV Tiroch;10;32;5203.0;
2026-02-09;00:00;MP7;SA Verladung FV;2885130T;NV Tiroch;1;1;50.0;
2026-02-09;00:00;MP7;SA Verladung FV;2885133T;NV Tiroch;5;5;591.0;
2026-02-09;00:00;MP7;SA Verladung FV;2885134T;NV Tiroch;8;31;577.0;
2026-02-09;00:00;MP7;SA Verladung FV;2885135T;DM AS-Transport;8;14;4901.0;
2026-02-09;00:00;MP7;SA Verladung FV;2885136T;DM AS-Transport;12;40;11784.0;
2026-02-09;00:00;MP7;SA Verladung FV;2885137T;DM AS-Transport;7;48;14750.0;
2026-02-09;00:00;MP7;SA Verladung FV;2885139T;NV AS Transporte;11;29;4855.4;
2026-02-09;00:00;MP7;SA Verladung FV;2885143T;DM AS-Transport;12;115;14040.0;
2026-02-09;00:00;MP7;SA Verladung FV;2885146T;NV AS Transporte;11;70;7941.6;
2026-02-09;00:00;MP7;SA Verladung FV;2885156T;NV Alexandru;11;17;1881.0;
2026-02-09;00:00;MP7;SA Verladung FV;2885161T;Sonderfahrten;16;30;1097.1;
2026-02-09;00:00;MP7;SA Verladung FV;2885163T;DM AS-Transport;12;117;10902.0;
2026-02-09;00:00;MP7;SA Verladung FV;2885164T;DM AS-Transport;12;122;9377.0;
2026-02-09;00:00;MP7;SA Verladung FV;2885165T;DM AS-Transport;9;12;3827.0;
2026-02-09;00:00;MP7;SA Verladung FV;2885166T;DM AS-Transport;7;78;21488.0;
2026-02-09;00:00;MP7;SA Verladung FV;2885168T;NV AS Transporte;12;27;5106.5;
2026-02-09;00:00;MP7;SA Verladung FV;2885169T;NV Bogos Transporte;15;29;4020.0;
2026-02-09;00:00;MP7;SA Verladung FV;2885171T;NV Bogos Transporte;17;29;5480.8;
2026-02-09;00:00;MP7;SA Verladung FV;2885173T;NV Bogos Transporte;12;21;4805.1;
2026-02-09;00:00;MP7;SA Verladung FV;2885174T;NV VP Logistik;12;18;2345.0;
2026-02-09;00:00;MP7;SA Verladung FV;2885175T;NV VP Logistik;13;22;5444.0;
2026-02-09;00:00;MP7;SA Verladung FV;2885176T;NV VP Logistik;10;29;5317.0;
2026-02-09;00:00;MP7;SA Verladung FV;2885178T;NV VP Logistik;11;23;3831.2;
2026-02-09;00:00;MP7;SA Verladung FV;2885181T;NV Tuncay;8;203;7786.0;
2026-02-09;00:00;MP7;SA Verladung FV;2885182T;NV Tuncay;10;18;1976.0;
2026-02-09;00:00;MP7;SA Verladung FV;2885183T;NV Tuncay;13;20;2893.0;
2026-02-09;00:00;MP7;SA Verladung FV;2885184T;NV Guth;15;36;10626.0;
2026-02-09;00:00;MP7;SA Verladung FV;2885185T;NV Guth;10;25;2470.0;
2026-02-09;00:00;MP7;SA Verladung FV;2885186T;NV Guth;15;53;5074.0;
2026-02-09;00:00;MP7;SA Verladung FV;2885187T;NV VP Logistik;14;50;3499.0;
2026-02-09;00:00;MP7;SA Verladung FV;2885188T;Sonderfahrten;4;22;3381.0;
2026-02-09;00:00;MP7;SA Verladung FV;2885189T;NV Silagi;11;11;843.0;
2026-02-09;00:00;MP7;SA Verladung FV;2885350T;DM AS-Transport;18;71;18406.0;
2026-02-09;00:00;MP7;SA Verladung FV;2885352T;DM AS-Transport;11;121;36189.0;
2026-02-09;00:00;MP7;SA Verladung FV;2885354T;DM AS-Transport;17;123;32350.0;
2026-02-09;00:00;MP7;SA Verladung FV;2885356T;DM AS-Transport;16;59;19218.0;
2026-02-09;00:00;MP7;SA Verladung FV;2885358T;DM AS-Transport;23;77;18843.0;
2026-02-09;00:00;MP7;SA Verladung FV;2885360T;DM AS-Transport;19;101;30203.0;
2026-02-09;00:00;MP7;SA Verladung FV;2885362T;DM AS-Transport;19;302;57735.0;
2026-02-09;00:00;MP7;SA Verladung FV;2885364T;DM AS-Transport;10;131;21884.0;
2026-02-09;00:00;MP7;SA Verladung FV;2885366T;DM AS-Transport;18;125;28328.0;
2026-02-09;00:00;MP7;SA Verladung FV;2885368T;DM AS-Transport;12;88;18363.0;
2026-02-09;00:00;MP7;SA Verladung FV;2885421T;WAB NV - großer NV;6;45;10775.0;
2026-02-09;00:00;MP7;SA Verladung FV;2885422T;NV AS Transporte;19;250;20920.0;
2026-02-09;00:00;MP7;SA Verladung FV;2885424T;NV AS Transporte;21;168;23585.0;
2026-02-09;00:00;MP7;SA Verladung FV;2885426T;NV Ciortan;29;66;10791.4;
2026-02-09;00:00;MP7;SA Verladung FV;2885428T;NV Ciortan;3;62;18324.0;
2026-02-09;00:00;MP7;SA Verladung FV;2885433T;WAB NV - großer NV;12;38;4756.0;
2026-02-09;00:00;MP7;SA Verladung FV;2885465T;WAB NV - großer NV;10;98;53070.0;
2026-02-09;00:00;MP7;SA Verladung FV;2885475T;WAB NV - großer NV;4;52;11094.0;
2026-02-09;00:00;MP7;SA Verladung FV;2885487T;WAB NV - großer NV;1;16;14000.0;
2026-02-09;00:00;MP7;SA Verladung FV;2885497T;WAB NV - großer NV;9;90;32546.2;
2026-02-09;00:00;MP7;SA Verladung FV;2885507T;WAB NV - großer NV;5;114;20516.0;
2026-02-09;00:00;MP7;SA Verladung FV;2885517T;WAB NV - großer NV;20;95;14450.0;
2026-02-09;00:00;MP7;SA Verladung FV;2885523T;WAB NV - großer NV;6;150;55096.0;
2026-02-09;00:00;MP7;SA Verladung FV;2885537T;WAB NV - großer NV;2;2;365.0;
2026-02-09;00:00;MP7;SA Verladung FV;2885551T;WAB NV - großer NV;11;144;33253.0;
2026-02-09;00:00;MP7;SA Verladung FV;2885561T;WAB NV - großer NV;10;27;5133.0;
2026-02-09;00:00;MP7;SA Verladung FV;2885571T;WAB NV - großer NV;5;35;11183.4;
2026-02-09;00:00;MP7;SA Verladung FV;2885581T;WAB NV - großer NV;18;145;25404.0;
2026-02-09;00:00;MP7;SA Verladung FV;2885591T;WAB NV - großer NV;2;26;4217.0;
2026-02-09;00:00;MP7;SA Verladung FV;2885601T;WAB NV - großer NV;16;142;13282.0;
2026-02-09;00:00;MP7;SA Verladung FV;2885621T;WAB NV - großer NV;6;92;28725.0;
2026-02-09;00:00;MP7;SA Verladung FV;2885625T;WAB NV - großer NV;9;72;11247.0;
2026-02-09;00:00;MP7;SA Verladung FV;2885639T;WAB NV - großer NV;7;42;6071.2;
2026-02-09;00:00;MP7;SA Verladung FV;2885649T;WAB NV - großer NV;6;40;10278.0;
2026-02-09;00:00;MP7;SA Verladung FV;2885665T;WAB NV - großer NV;1;9;11232.0;
2026-02-09;00:00;MP7;SA Verladung FV;2885675T;WAB NV - großer NV;4;126;49317.6;
2026-02-09;00:00;MP7;SA Verladung FV;2885695T;WAB NV - großer NV;5;106;29532.0;
2026-02-09;00:00;MP7;SA Verladung FV;2885705T;WAB NV - großer NV;2;137;51190.0;
2026-02-09;00:00;MP7;SA Verladung FV;2885715T;Sonderfahrten;6;6;505.2;
2026-02-09;00:00;MP7;SA Verladung FV;2885762T;NV Ciortan;13;24;3320.0;
2026-02-09;00:00;MP7;SA Verladung FV;2885774T;NV Yeritsyan;12;20;1746.0;
2026-02-09;00:00;MP7;SA Verladung FV;2885776T;NV Yeritsyan;10;50;9284.0;
2026-02-09;00:00;MP7;SA Verladung FV;2885801T;WAB NV - großer NV;4;45;17370.0;
2026-02-09;00:00;MP7;SA Verladung FV;2885894T;WAB NV - großer NV;5;8;1561.0;
2026-02-09;00:00;MP7;SA Verladung FV;2885895T;WAB NV - großer NV;13;2698;143066.8;
2026-02-09;00:00;MP7;SA Verladung FV;2885932T;NV AS Transporte;10;93;28067.0;
2026-02-09;00:00;MP7;SA Verladung FV;2885934T;NV Yeritsyan;11;29;6680.0;
2026-02-09;00:00;MP7;SA Verladung FV;2885935T;Sonderfahrten;3;4;386.0;
2026-02-09;00:00;MP7;SA Verladung FV;2885936T;NV VP Logistik;4;4;643.8;
2026-02-09;00:00;MP7;SA Verladung FV;2885941T;NV Yeritsyan;11;36;4783.0;
2026-02-09;00:00;MP7;SA Verladung FV;2885942T;NV Yeritsyan;12;15;2568.7;
2026-02-09;00:00;MP7;SA Verladung FV;2885944T;Sonderfahrten;9;12;587.0;
2026-02-09;00:00;MP7;SA Verladung FV;2885945T;Sonderfahrten;11;11;2146.1;
2026-02-09;00:00;MP7;SA Verladung FV;2885946T;NV LT Trans;8;27;5002.0;
2026-02-09;00:00;MP7;SA Verladung FV;2885947T;NV LT Trans;7;18;2263.0;
2026-02-09;00:00;MP7;SA Verladung FV;2885948T;Sonderfahrten;7;45;4714.0;
2026-02-09;00:00;MP7;SA Verladung FV;2885949T;NV LT Trans;13;28;2940.0;
2026-02-09;00:00;MP7;SA Verladung FV;2885951T;NV LT Trans;3;51;7854.0;
2026-02-09;00:00;MP7;SA Verladung FV;2885952T;NV LT Trans;12;26;6304.3;
2026-02-09;00:00;MP7;SA Verladung FV;2885953T;NV Silagi;17;35;7886.0;
2026-02-09;00:00;MP7;SA Verladung FV;2885954T;NV Silagi;18;27;3725.0;
2026-02-09;00:00;MP7;SA Verladung FV;2885955T;Sonderfahrten;13;19;838.5;
2026-02-09;00:00;MP7;SA Verladung FV;2885968T;Sonderfahrten;7;15;3521.0;
2026-02-09;00:00;MP7;SA Verladung FV;2885998T;WAB NV - großer NV;4;12;1626.0;
2026-02-09;00:00;MP7;SA Verladung FV;2886008T;NV Silagi;12;68;14801.0;
2026-02-09;00:00;MP7;SA Verladung FV;2886009T;NV Silagi;13;42;4564.0;
2026-02-09;00:00;MP7;SA Verladung FV;2886010T;Sonderfahrten;5;5;2400.0;
2026-02-09;00:00;MP7;SA Verladung FV;2886056T;WAB NV - großer NV;5;164;5536.4;
2026-02-09;00:00;MP7;SA Verladung FV;2886099T;DM AS-Transport;10;33;10991.0;
2026-02-09;00:00;MP7;SA Verladung FV;2886288T;NV AS Transporte;2;5;128.0;
2026-02-09;00:00;MP7;SA Verladung FV;2886289T;NV AS Transporte;1;1;30.0;
2026-02-09;00:00;MP7;SA Verladung FV;2886328T;NV AS Transporte;1;1;510.0;
2026-02-09;00:00;MP7;SA Verladung FV;2886335T;NV DS Transporte;1;1;13.0;
2026-02-09;00:00;MP7;SA Verladung FV;2886353T;NV Tiroch;1;1;43.0;
2026-02-09;00:00;MP7;SA Verladung FV;2886366T;NV AS Transporte;1;1;68.0;
2026-02-09;00:00;MP7;SA Verladung FV;2886389T;NV Bogos Transporte;1;1;35.0;
2026-02-09;00:00;MP7;SA Verladung FV;2886401T;NV Tuncay;1;12;1560.0;
2026-02-09;00:00;MP7;SA Verladung FV;2886403T;NV Tuncay;1;1;82.0;
2026-02-09;00:00;MP7;SA Verladung FV;2886648T;NV Ciortan;12;46;7683.0;
2026-02-09;00:00;MP7;SA Verladung FV;2886663T;WAB NV - großer NV;10;32;4084.0;
2026-02-09;00:00;MP7;SA Verladung FV;2886685T;WAB NV - großer NV;6;105;17325.0;
2026-02-09;00:00;MP7;SA Verladung FV;2886707T;WAB NV - großer NV;4;18;6196.0;
2026-02-09;00:00;MP7;SA Verladung FV;2886823T;WAB NV - großer NV;1;16;8000.0;
2026-02-09;00:00;MP7;SA Verladung FV;2886845T;WAB NV - großer NV;1;9;4779.0;
2026-02-09;00:00;MP7;SA Verladung FV;2886895T;WAB NV - großer NV;1;9;1644.0;
2026-02-09;00:00;MP7;SA Verladung FV;2886915T;WAB NV - großer NV;1;64;21328.0;
2026-02-09;00:00;MP7;SA Verladung FV;2887115T;WAB NV - großer NV;1;4;4288.0;
2026-02-09;00:00;MP7;SA Verladung FV;2887154T;NV Yeritsyan;1;9;351.0;
2026-02-09;00:00;MP7;SA Verladung FV;2887161T;NV Yeritsyan;1;1;65.0;
2026-02-09;00:00;MP7;SA Verladung FV;2887162T;NV Yeritsyan;1;16;3480.0;
2026-02-09;00:00;MP7;SA Verladung FV;2887188T;Sonderfahrten;1;1;80.0;
2026-02-09;00:00;MP7;SA Verladung FV;2887218T;WAB NV - großer NV;3;6;1142.0;
2026-02-09;00:00;MP7;SA Verladung FV;2887231T;NV AS Transporte;7;7;678.0;
2026-02-09;00:00;MP7;SA Verladung FV;2887232T;NV Ciortan;8;26;4243.0;
2026-02-09;00:00;MP7;SA Verladung FV;2887233T;NV VP Logistik;8;64;2181.0;
2026-02-09;00:00;MP7;SA Verladung FV;2887234T;NV VP Logistik;6;6;1017.0;
2026-02-09;00:00;MP7;SA Verladung FV;2887235T;NV VP Logistik;3;42;2363.0;
2026-02-09;00:00;MP7;SA Verladung FV;2887236T;NV VP Logistik;3;9;4459.0;
2026-02-09;00:00;MP7;SA Verladung FV;2887237T;NV DS Transporte;9;12;482.0;
2026-02-09;00:00;MP7;SA Verladung FV;2887238T;NV Tiroch;6;14;2856.0;
2026-02-09;00:00;MP7;SA Verladung FV;2887239T;NV Tiroch;6;44;3570.2;
2026-02-09;00:00;MP7;SA Verladung FV;2887240T;NV Tiroch;18;29;3266.5;
2026-02-09;00:00;MP7;SA Verladung FV;2887241T;NV Tiroch;9;178;12840.0;
2026-02-09;00:00;MP7;SA Verladung FV;2887242T;NV Tiroch;14;23;3325.0;
2026-02-09;00:00;MP7;SA Verladung FV;2887243T;NV Tiroch;4;7;1535.0;
2026-02-09;00:00;MP7;SA Verladung FV;2887245T;NV DS Transporte;7;18;840.4;
2026-02-09;00:00;MP7;SA Verladung FV;2887246T;NV AS Transporte;12;33;4284.5;
2026-02-09;00:00;MP7;SA Verladung FV;2887269T;WAB NV - großer NV;7;316;96303.9;
2026-02-09;00:00;MP7;SA Verladung FV;2887280T;Sonderfahrten;3;3;348.0;
2026-02-09;00:00;MP7;SA Verladung FV;2887304T;WAB NV - großer NV;4;12;2018.0;
2026-02-09;00:00;MP7;SA Verladung FV;2887332T;WAB NV - großer NV;13;63;33270.2;
2026-02-09;00:00;MP7;SA Verladung FV;2887364T;WAB NV - großer NV;1;64;57672.0;
2026-02-09;00:00;MP7;SA Verladung FV;2887370T;WAB NV - großer NV;12;42;8812.5;
2026-02-09;00:00;MP7;SA Verladung FV;2887389T;Sonderfahrten;2;5;349.0;
2026-02-09;00:00;MP7;SA Verladung FV;2887431T;WAB NV - großer NV;5;22;8056.0;
2026-02-09;00:00;MP7;SA Verladung FV;2887546T;NV Strauss;1;1;74.0;
2026-02-09;00:00;MP7;SA Verladung FV;2887625T;NV Tiroch;1;1;116.0;
2026-02-09;00:00;MP7;SA Verladung FV;2887932T;WAB NV - großer NV;1;1;120.0;
2026-02-09;00:00;MP7;SA Verladung FV;2887986T;WAB NV - großer NV;1;1;10.0;
2026-02-09;00:00;MP7;SA Verladung FV;2888012T;WAB NV - großer NV;1;9;4347.9;
2026-02-09;00:00;MP7;SA Verladung FV;2888431T;NV Yeritsyan;1;3;120.0;
2026-02-09;00:00;MP7;SA Verladung FV;2888580T;WAB NV - großer NV;1;25;7955.0;
2026-02-09;00:00;MP7;SA Verladung FV;2888641T;WAB NV - großer NV;1;1;34.0;
2026-02-09;00:00;MP7;SA Verladung FV;2888854T;Fallback;1;1;9.0;
2026-02-09;00:00;MP7;SA Verladung FV;2889860T;WAB NV - großer NV;1;49;6146.0;
2026-02-09;00:00;MP7;SA Verladung FV;2896413T;Fallback;1;1;88.0;
2026-02-09;00:00;MP7;SA Verladung FV;2902825T;NV AS Transporte;1;1;40.0;
2026-02-09;00:00;MP9a;Sonderscan;;;21;45;6083.0;
2026-02-09;00:00;MP9b;NV Eingang;;;277;653;120967.2;
2026-02-10;00:00;MP2;Nat. Eingang;;;52;388;69954.1;
2026-02-10;00:00;MP2;Nat. Eingang;2884424T;WAB NV - Abholer;2;2;978.0;
2026-02-10;00:00;MP2;Nat. Eingang;2885553T;WAB NV - Abholer;1;1;80.0;
2026-02-10;00:00;MP2;Nat. Eingang;2886268T;NV DS Transporte;1;1;162.0;
2026-02-10;00:00;MP2;Nat. Eingang;2886271T;NV Fischer;4;74;17520.0;
2026-02-10;00:00;MP2;Nat. Eingang;2886272T;NV Fischer;3;38;3459.0;
2026-02-10;00:00;MP2;Nat. Eingang;2886273T;NV Fischer;11;34;11284.0;
2026-02-10;00:00;MP2;Nat. Eingang;2886274T;NV DS Transporte;4;28;4275.0;
2026-02-10;00:00;MP2;Nat. Eingang;2886276T;NV Strauss;2;2;231.0;
2026-02-10;00:00;MP2;Nat. Eingang;2886278T;NV Strauss;1;1;72.0;
2026-02-10;00:00;MP2;Nat. Eingang;2886279T;NV Strauss;2;5;1000.0;
2026-02-10;00:00;MP2;Nat. Eingang;2886280T;NV Strauss;3;3;96.0;
2026-02-10;00:00;MP2;Nat. Eingang;2886285T;NV Strauss;4;36;4983.0;
2026-02-10;00:00;MP2;Nat. Eingang;2886287T;NV DS Transporte;5;8;1107.0;
2026-02-10;00:00;MP2;Nat. Eingang;2886288T;NV AS Transporte;1;9;342.0;
2026-02-10;00:00;MP2;Nat. Eingang;2886289T;NV AS Transporte;7;54;2796.0;
2026-02-10;00:00;MP2;Nat. Eingang;2886292T;NV Fischer;2;2;390.0;
2026-02-10;00:00;MP2;Nat. Eingang;2886313T;NV DS Transporte;1;16;5024.0;
2026-02-10;00:00;MP2;Nat. Eingang;2886314T;NV DS Transporte;6;9;1324.0;
2026-02-10;00:00;MP2;Nat. Eingang;2886315T;NV Strauss;2;5;4045.0;
2026-02-10;00:00;MP2;Nat. Eingang;2886316T;NV Strauss;2;4;530.0;
2026-02-10;00:00;MP2;Nat. Eingang;2886319T;NV DS Transporte;5;59;21140.0;
2026-02-10;00:00;MP2;Nat. Eingang;2886324T;NV Ciortan;5;14;3360.0;
2026-02-10;00:00;MP2;Nat. Eingang;2886327T;NV Ciortan;4;7;350.0;
2026-02-10;00:00;MP2;Nat. Eingang;2886328T;NV AS Transporte;4;39;8346.0;
2026-02-10;00:00;MP2;Nat. Eingang;2886329T;NV AS Transporte;16;79;2056.0;
2026-02-10;00:00;MP2;Nat. Eingang;2886333T;NV DS Transporte;1;2;980.0;
2026-02-10;00:00;MP2;Nat. Eingang;2886335T;NV DS Transporte;2;2;155.0;
2026-02-10;00:00;MP2;Nat. Eingang;2886339T;NV Ciortan;1;1;60.0;
2026-02-10;00:00;MP2;Nat. Eingang;2886341T;NV AS Transporte;2;5;1280.0;
2026-02-10;00:00;MP2;Nat. Eingang;2886343T;NV AS Transporte;4;7;2615.0;
2026-02-10;00:00;MP2;Nat. Eingang;2886346T;NV Tiroch;6;8;549.0;
2026-02-10;00:00;MP2;Nat. Eingang;2886348T;NV Tiroch;3;4;340.0;
2026-02-10;00:00;MP2;Nat. Eingang;2886349T;NV Tiroch;4;10;3176.0;
2026-02-10;00:00;MP2;Nat. Eingang;2886353T;NV Tiroch;6;17;2366.0;
2026-02-10;00:00;MP2;Nat. Eingang;2886354T;NV Tiroch;10;11;1134.0;
2026-02-10;00:00;MP2;Nat. Eingang;2886359T;NV AS Transporte;10;24;4961.0;
2026-02-10;00:00;MP2;Nat. Eingang;2886366T;NV AS Transporte;8;8;2108.0;
2026-02-10;00:00;MP2;Nat. Eingang;2886376T;NV Alexandru;2;2;138.0;
2026-02-10;00:00;MP2;Nat. Eingang;2886389T;NV Bogos Transporte;3;3;590.0;
2026-02-10;00:00;MP2;Nat. Eingang;2886391T;NV Bogos Transporte;5;13;1611.0;
2026-02-10;00:00;MP2;Nat. Eingang;2886393T;NV Bogos Transporte;4;12;3115.0;
2026-02-10;00:00;MP2;Nat. Eingang;2886394T;NV VP Logistik;3;3;276.0;
2026-02-10;00:00;MP2;Nat. Eingang;2886395T;NV VP Logistik;3;6;1720.0;
2026-02-10;00:00;MP2;Nat. Eingang;2886396T;NV VP Logistik;6;7;1331.0;
2026-02-10;00:00;MP2;Nat. Eingang;2886402T;NV Tuncay;3;14;3133.0;
2026-02-10;00:00;MP2;Nat. Eingang;2886403T;NV Tuncay;4;19;11992.0;
2026-02-10;00:00;MP2;Nat. Eingang;2886404T;NV Guth;9;24;3517.0;
2026-02-10;00:00;MP2;Nat. Eingang;2886407T;NV VP Logistik;7;16;6527.0;
2026-02-10;00:00;MP2;Nat. Eingang;2886409T;NV Silagi;1;1;30.0;
2026-02-10;00:00;MP2;Nat. Eingang;2886608T;Hofmanagement;22;150;44079.5;
2026-02-10;00:00;MP2;Nat. Eingang;2886642T;NV AS Transporte;6;24;1450.4;
2026-02-10;00:00;MP2;Nat. Eingang;2886644T;NV AS Transporte;12;59;18829.0;
2026-02-10;00:00;MP2;Nat. Eingang;2886646T;NV Ciortan;5;23;3045.0;
2026-02-10;00:00;MP2;Nat. Eingang;2886648T;NV Ciortan;7;38;7537.0;
2026-02-10;00:00;MP2;Nat. Eingang;2886650T;NV AS Transporte;4;22;1603.0;
2026-02-10;00:00;MP2;Nat. Eingang;2886655T;WAB NV - Abholer;15;18;2781.8;
2026-02-10;00:00;MP2;Nat. Eingang;2886665T;WAB NV - Abholer;23;29;2457.9;
2026-02-10;00:00;MP2;Nat. Eingang;2886675T;WAB NV - erweitert;1;4;600.0;
2026-02-10;00:00;MP2;Nat. Eingang;2886687T;WAB NV - Abholer;30;33;3962.1;
2026-02-10;00:00;MP2;Nat. Eingang;2886697T;WAB NV - Abholer;20;42;16519.5;
2026-02-10;00:00;MP2;Nat. Eingang;2886709T;WAB NV - Abholer;6;6;1120.0;
2026-02-10;00:00;MP2;Nat. Eingang;2886719T;WAB NV - Abholer;25;66;33229.0;
2026-02-10;00:00;MP2;Nat. Eingang;2886729T;WAB NV - Abholer;14;215;57597.0;
2026-02-10;00:00;MP2;Nat. Eingang;2886739T;WAB NV - Abholer;22;76;10850.0;
2026-02-10;00:00;MP2;Nat. Eingang;2886753T;WAB NV - erweitert;7;10;873.4;
2026-02-10;00:00;MP2;Nat. Eingang;2886759T;WAB NV - Abholer;16;60;11403.0;
2026-02-10;00:00;MP2;Nat. Eingang;2886763T;WAB NV - Abholer;17;33;21650.0;
2026-02-10;00:00;MP2;Nat. Eingang;2886783T;WAB NV - Abholer;18;45;14448.0;
2026-02-10;00:00;MP2;Nat. Eingang;2886793T;WAB NV - Abholer;12;66;8580.0;
2026-02-10;00:00;MP2;Nat. Eingang;2886803T;WAB NV - Abholer;2;10;7940.0;
2026-02-10;00:00;MP2;Nat. Eingang;2886813T;WAB NV - Abholer;11;136;19489.2;
2026-02-10;00:00;MP2;Nat. Eingang;2886825T;WAB NV - Abholer;13;162;53773.8;
2026-02-10;00:00;MP2;Nat. Eingang;2886833T;WAB NV - Abholer;16;67;23476.0;
2026-02-10;00:00;MP2;Nat. Eingang;2886851T;WAB NV - Abholer;16;83;4298.4;
2026-02-10;00:00;MP2;Nat. Eingang;2886861T;WAB NV - Abholer;6;75;15050.0;
2026-02-10;00:00;MP2;Nat. Eingang;2886871T;WAB NV - Abholer;27;438;11331.0;
2026-02-10;00:00;MP2;Nat. Eingang;2886887T;WAB NV - Abholer;28;36;6184.0;
2026-02-10;00:00;MP2;Nat. Eingang;2886897T;WAB NV - Abholer;11;77;37899.2;
2026-02-10;00:00;MP2;Nat. Eingang;2886917T;WAB NV - Abholer;21;201;9488.5;
2026-02-10;00:00;MP2;Nat. Eingang;2886982T;NV Ciortan;2;2;89.9;
2026-02-10;00:00;MP2;Nat. Eingang;2886994T;NV Yeritsyan;3;3;461.0;
2026-02-10;00:00;MP2;Nat. Eingang;2886996T;NV Yeritsyan;6;9;751.0;
2026-02-10;00:00;MP2;Nat. Eingang;2887015T;WAB NV - Abholer;10;128;15500.0;
2026-02-10;00:00;MP2;Nat. Eingang;2887022T;WAB NV - Abholer;26;32;1513.3;
2026-02-10;00:00;MP2;Nat. Eingang;2887028T;WAB NV - Abholer;21;128;12748.1;
2026-02-10;00:00;MP2;Nat. Eingang;2887030T;WAB NV - Abholer;17;83;9490.0;
2026-02-10;00:00;MP2;Nat. Eingang;2887034T;WAB NV - Abholer;21;67;14502.0;
2026-02-10;00:00;MP2;Nat. Eingang;2887040T;WAB NV - Abholer;20;64;8077.1;
2026-02-10;00:00;MP2;Nat. Eingang;2887042T;WAB NV - Abholer;31;34;5329.9;
2026-02-10;00:00;MP2;Nat. Eingang;2887047T;WAB NV - Abholer;29;32;7281.7;
2026-02-10;00:00;MP2;Nat. Eingang;2887049T;WAB NV - Abholer;1;4;400.0;
2026-02-10;00:00;MP2;Nat. Eingang;2887066T;WAB NV - Abholer;20;31;2435.0;
2026-02-10;00:00;MP2;Nat. Eingang;2887076T;WAB NV - Abholer;17;55;9761.0;
2026-02-10;00:00;MP2;Nat. Eingang;2887078T;WAB NV - Abholer;19;93;13382.7;
2026-02-10;00:00;MP2;Nat. Eingang;2887092T;WAB NV - Abholer;31;103;36314.3;
2026-02-10;00:00;MP2;Nat. Eingang;2887094T;WAB NV - Abholer;34;83;22429.5;
2026-02-10;00:00;MP2;Nat. Eingang;2887096T;WAB NV - Abholer;36;233;87129.1;
2026-02-10;00:00;MP2;Nat. Eingang;2887104T;WAB NV - Abholer;6;22;3545.7;
2026-02-10;00:00;MP2;Nat. Eingang;2887118T;WAB NV - Abholer;13;57;40913.0;
2026-02-10;00:00;MP2;Nat. Eingang;2887152T;NV AS Transporte;10;10;1159.0;
2026-02-10;00:00;MP2;Nat. Eingang;2887154T;NV Yeritsyan;3;6;915.0;
2026-02-10;00:00;MP2;Nat. Eingang;2887161T;NV Yeritsyan;3;6;1315.0;
2026-02-10;00:00;MP2;Nat. Eingang;2887162T;NV Yeritsyan;4;19;3685.0;
2026-02-10;00:00;MP2;Nat. Eingang;2887166T;NV LT Trans;3;11;1964.0;
2026-02-10;00:00;MP2;Nat. Eingang;2887169T;NV LT Trans;4;39;6404.0;
2026-02-10;00:00;MP2;Nat. Eingang;2887171T;NV LT Trans;2;2;395.0;
2026-02-10;00:00;MP2;Nat. Eingang;2887173T;NV Silagi;1;1;58.0;
2026-02-10;00:00;MP2;Nat. Eingang;2887174T;NV Silagi;5;14;1806.0;
2026-02-10;00:00;MP2;Nat. Eingang;2887176T;Sonderfahrten;1;1;22.0;
2026-02-10;00:00;MP2;Nat. Eingang;2887220T;WAB NV - Abholer;11;34;1334.9;
2026-02-10;00:00;MP2;Nat. Eingang;2887228T;NV Silagi;5;5;648.0;
2026-02-10;00:00;MP2;Nat. Eingang;2887229T;NV Silagi;4;12;1512.6;
2026-02-10;00:00;MP2;Nat. Eingang;2887250T;Charter;1;81;10665.0;
2026-02-10;00:00;MP2;Nat. Eingang;2887542T;NV Fischer;10;20;2599.0;
2026-02-10;00:00;MP2;Nat. Eingang;2887600T;NV AS Transporte;1;1;290.0;
2026-02-10;00:00;MP2;Nat. Eingang;2888497T;NV Silagi;5;5;335.0;
2026-02-10;00:00;MP2;Nat. Eingang;2888501T;Sonderfahrten;1;1;40.0;
2026-02-10;00:00;MP2;Nat. Eingang;2888502T;Sonderfahrten;2;2;300.0;
2026-02-10;00:00;MP2;Nat. Eingang;2888503T;NV AS Transporte;2;2;82.0;
2026-02-10;00:00;MP2;Nat. Eingang;2888506T;NV Fischer;2;5;4662.0;
2026-02-10;00:00;MP2;Nat. Eingang;2888507T;NV Fischer;3;6;415.0;
2026-02-10;00:00;MP2;Nat. Eingang;2888508T;NV Fischer;4;4;360.0;
2026-02-10;00:00;MP2;Nat. Eingang;2888509T;NV VP Logistik;2;2;278.0;
2026-02-10;00:00;MP2;Nat. Eingang;2888511T;NV VP Logistik;2;2;80.0;
2026-02-10;00:00;MP2;Nat. Eingang;2888514T;NV Tiroch;13;74;11689.0;
2026-02-10;00:00;MP2;Nat. Eingang;2888516T;NV Tiroch;11;11;1904.0;
2026-02-10;00:00;MP2;Nat. Eingang;2888517T;NV DS Transporte;1;4;260.0;
2026-02-10;00:00;MP2;Nat. Eingang;2888522T;NV DS Transporte;6;12;1265.0;
2026-02-10;00:00;MP2;Nat. Eingang;2888526T;NV Ciortan;4;51;4360.0;
2026-02-10;00:00;MP2;Nat. Eingang;2888634T;NV DS Transporte;4;4;331.2;
2026-02-10;00:00;MP2;Nat. Eingang;2888673T;NV Tiroch;1;4;800.0;
2026-02-10;00:00;MP2;Nat. Eingang;2888797T;WAB NV - Abholer;14;443;10319.4;
2026-02-10;00:00;MP2;Nat. Eingang;2889217T;WAB NV - Abholer;1;1;64.0;
2026-02-10;00:00;MP2;Nat. Eingang;2889728T;NV LT Trans;1;1;100.0;
2026-02-10;00:00;MP2;Nat. Eingang;2891075T;NV Tiroch;1;2;110.0;
2026-02-10;00:00;MP2;Nat. Eingang;2894382T;WAB NV - Abholer;1;1;64.0;
2026-02-10;00:00;MP4;Nat. Ausgang;;;19;55;11089.3;
2026-02-10;00:00;MP4;Nat. Ausgang;2881409T;Linien International;1;4;1472.1;
2026-02-10;00:00;MP4;Nat. Ausgang;2883799T;Fernverkehr AS;1;24;885.2;
2026-02-10;00:00;MP4;Nat. Ausgang;2884981T;Linien International;1;140;69867.0;
2026-02-10;00:00;MP4;Nat. Ausgang;2885734T;Linien Ost;1;1;90.0;
2026-02-10;00:00;MP4;Nat. Ausgang;2885738T;Linien Südwest;1;6;2593.1;
2026-02-10;00:00;MP4;Nat. Ausgang;2885910T;Linien International;1;8;993.0;
2026-02-10;00:00;MP4;Nat. Ausgang;2886056T;WAB NV - großer NV;1;4;390.0;
2026-02-10;00:00;MP4;Nat. Ausgang;2886290T;Fernverkehr AS;16;65;10704.1;
2026-02-10;00:00;MP4;Nat. Ausgang;2886510T;Linien International;15;33;10104.6;
2026-02-10;00:00;MP4;Nat. Ausgang;2886512T;Linien International;27;51;9684.6;
2026-02-10;00:00;MP4;Nat. Ausgang;2886514T;Linien International;16;903;199966.9;
2026-02-10;00:00;MP4;Nat. Ausgang;2886516T;Linien International;9;39;5494.8;
2026-02-10;00:00;MP4;Nat. Ausgang;2886520T;Linien International;14;95;39058.0;
2026-02-10;00:00;MP4;Nat. Ausgang;2886522T;Linien Mitte;5;155;56643.4;
2026-02-10;00:00;MP4;Nat. Ausgang;2886524T;Linien Süd;15;39;9490.8;
2026-02-10;00:00;MP4;Nat. Ausgang;2886526T;Linien Süd;4;47;5973.0;
2026-02-10;00:00;MP4;Nat. Ausgang;2886528T;Linien Süd;47;73;19253.5;
2026-02-10;00:00;MP4;Nat. Ausgang;2886532T;Linien Süd;25;72;15545.0;
2026-02-10;00:00;MP4;Nat. Ausgang;2886536T;Linien Süd;34;185;42467.6;
2026-02-10;00:00;MP4;Nat. Ausgang;2886540T;Linien Südwest;30;68;20508.1;
2026-02-10;00:00;MP4;Nat. Ausgang;2886594T;Fernverkehr AS;36;152;27426.7;
2026-02-10;00:00;MP4;Nat. Ausgang;2886598T;Fernverkehr AS;20;36;5456.4;
2026-02-10;00:00;MP4;Nat. Ausgang;2886936T;Linien Ruhr;29;153;11773.0;
2026-02-10;00:00;MP4;Nat. Ausgang;2886940T;Linien Ruhr;38;243;31178.6;
2026-02-10;00:00;MP4;Nat. Ausgang;2886944T;Linien Ruhr;19;119;27090.4;
2026-02-10;00:00;MP4;Nat. Ausgang;2886948T;Linien Mitte;38;103;12589.1;
2026-02-10;00:00;MP4;Nat. Ausgang;2886952T;Linien Mitte;21;85;13429.2;
2026-02-10;00:00;MP4;Nat. Ausgang;2886954T;Linien Ost;33;97;39702.3;
2026-02-10;00:00;MP4;Nat. Ausgang;2886958T;Linien Südwest;31;83;21576.9;
2026-02-10;00:00;MP4;Nat. Ausgang;2886962T;Linien Südwest;36;92;16584.0;
2026-02-10;00:00;MP4;Nat. Ausgang;2886966T;Linien Süd;31;78;17214.7;
2026-02-10;00:00;MP4;Nat. Ausgang;2886970T;Linien Süd;38;86;24059.0;
2026-02-10;00:00;MP4;Nat. Ausgang;2886974T;Linien Süd;35;105;27217.3;
2026-02-10;00:00;MP4;Nat. Ausgang;2886978T;Linien Ost;29;131;27098.3;
2026-02-10;00:00;MP4;Nat. Ausgang;2886984T;Linien Süd;15;65;10293.9;
2026-02-10;00:00;MP4;Nat. Ausgang;2886988T;Linien Mitte;8;33;9183.0;
2026-02-10;00:00;MP4;Nat. Ausgang;2886992T;Linien Mitte;18;49;11074.2;
2026-02-10;00:00;MP4;Nat. Ausgang;2886997T;Linien Süd;24;88;20821.0;
2026-02-10;00:00;MP4;Nat. Ausgang;2886999T;Linien Südwest;37;543;26250.0;
2026-02-10;00:00;MP4;Nat. Ausgang;2887003T;Linien International;19;142;54419.8;
2026-02-10;00:00;MP4;Nat. Ausgang;2887124T;Linien International;40;132;37721.7;
2026-02-10;00:00;MP4;Nat. Ausgang;2887126T;Linien International;9;12;2201.8;
2026-02-10;00:00;MP4;Nat. Ausgang;2887130T;Linien International;3;9;1452.2;
2026-02-10;00:00;MP4;Nat. Ausgang;2887132T;Linien International;4;65;5088.1;
2026-02-10;00:00;MP4;Nat. Ausgang;2887134T;Linien Nord;36;104;52835.9;
2026-02-10;00:00;MP4;Nat. Ausgang;2887138T;Linien Nord;10;28;2451.4;
2026-02-10;00:00;MP4;Nat. Ausgang;2887140T;Linien Süd;26;67;15793.9;
2026-02-10;00:00;MP4;Nat. Ausgang;2887144T;Linien Süd;6;6;841.0;
2026-02-10;00:00;MP4;Nat. Ausgang;2887146T;Linien Süd;22;70;12603.5;
2026-02-10;00:00;MP4;Nat. Ausgang;2887150T;Linien Süd;8;25;5211.1;
2026-02-10;00:00;MP4;Nat. Ausgang;2887157T;Linien Mitte;36;115;21236.4;
2026-02-10;00:00;MP4;Nat. Ausgang;2887189T;Linien Nord;16;89;28552.0;
2026-02-10;00:00;MP4;Nat. Ausgang;2887191T;Linien Ruhr;20;224;84606.1;
2026-02-10;00:00;MP4;Nat. Ausgang;2887193T;Linien Mitte;24;116;11544.4;
2026-02-10;00:00;MP4;Nat. Ausgang;2887197T;Linien Süd;11;23;9001.7;
2026-02-10;00:00;MP4;Nat. Ausgang;2887201T;Linien Süd;22;113;11089.7;
2026-02-10;00:00;MP4;Nat. Ausgang;2887205T;Linien Süd;5;13;2037.5;
2026-02-10;00:00;MP4;Nat. Ausgang;2887797T;Linien Süd;1;16;2400.0;
2026-02-10;00:00;MP4;Nat. Ausgang;2887809T;Linien Südwest;8;61;9681.2;
2026-02-10;00:00;MP4;Nat. Ausgang;2888205T;Linien Ruhr;7;10;2334.0;
2026-02-10;00:00;MP4;Nat. Ausgang;2888257T;Linien Mitte;3;9;5933.0;
2026-02-10;00:00;MP4;Nat. Ausgang;2888268T;Linien Südwest;6;14;8445.8;
2026-02-10;00:00;MP4;Nat. Ausgang;2888276T;Linien Ost;5;5;1768.6;
2026-02-10;00:00;MP4;Nat. Ausgang;2888393T;Linien International;5;36;8548.1;
2026-02-10;00:00;MP4;Nat. Ausgang;2888458T;Linien Nord;17;34;7980.0;
2026-02-10;00:00;MP4;Nat. Ausgang;2888462T;Linien Mitte;6;23;1882.9;
2026-02-10;00:00;MP4;Nat. Ausgang;2888470T;Linien Süd;13;60;15000.4;
2026-02-10;00:00;MP4;Nat. Ausgang;2888537T;Linien International;6;7;1649.0;
2026-02-10;00:00;MP4;Nat. Ausgang;2888648T;Linien Ost;25;172;21582.4;
2026-02-10;00:00;MP4;Nat. Ausgang;2888652T;Linien Ost;8;14;5127.5;
2026-02-10;00:00;MP4;Nat. Ausgang;2889925T;Linien Mitte;32;104;18738.5;
2026-02-10;00:00;MP4;Nat. Ausgang;2890072T;Fallback;3;3;441.0;
2026-02-10;00:00;MP4;Nat. Ausgang;2891192T;Linien International;3;9;2016.7;
2026-02-10;00:00;MP4a;Sonderausgang;2873495T;NV AS Transporte;1;21;840.0;
2026-02-10;00:00;MP4a;Sonderausgang;2878627T;Fallback;1;1;1.0;
2026-02-10;00:00;MP4a;Sonderausgang;2882487T;NV DS Transporte;2;2;344.0;
2026-02-10;00:00;MP4a;Sonderausgang;2882494T;Fallback;2;2;5.0;
2026-02-10;00:00;MP4a;Sonderausgang;2882520T;NV DS Transporte;1;1;110.0;
2026-02-10;00:00;MP4a;Sonderausgang;2882561T;NV AS Transporte;1;3;125.0;
2026-02-10;00:00;MP4a;Sonderausgang;2882598T;NV VP Logistik;1;1;134.0;
2026-02-10;00:00;MP4a;Sonderausgang;2882851T;NV Ciortan;1;6;1125.0;
2026-02-10;00:00;MP4a;Sonderausgang;2883094T;WAB NV - großer NV;1;1;50.0;
2026-02-10;00:00;MP4a;Sonderausgang;2883134T;Sonderfahrten;1;1;19.0;
2026-02-10;00:00;MP4a;Sonderausgang;2883374T;NV Silagi;1;4;716.0;
2026-02-10;00:00;MP4a;Sonderausgang;2884149T;NV AS Transporte;1;1;45.0;
2026-02-10;00:00;MP4a;Sonderausgang;2884155T;NV Ciortan;1;10;2325.0;
2026-02-10;00:00;MP4a;Sonderausgang;2884669T;NV Yeritsyan;1;1;50.0;
2026-02-10;00:00;MP4a;Sonderausgang;2885072T;Fallback;1;1;40.0;
2026-02-10;00:00;MP4a;Sonderausgang;2885098T;NV DS Transporte;1;4;2248.0;
2026-02-10;00:00;MP4a;Sonderausgang;2885101T;NV DS Transporte;1;18;3000.0;
2026-02-10;00:00;MP4a;Sonderausgang;2885181T;NV Tuncay;1;1;321.0;
2026-02-10;00:00;MP4a;Sonderausgang;2885455T;WAB NV - erweitert;1;12;10824.0;
2026-02-10;00:00;MP4a;Sonderausgang;2885465T;WAB NV - großer NV;1;1;1294.0;
2026-02-10;00:00;MP4a;Sonderausgang;2885649T;WAB NV - großer NV;1;3;663.0;
2026-02-10;00:00;MP4a;Sonderausgang;2885941T;NV Yeritsyan;1;2;40.0;
2026-02-10;00:00;MP4a;Sonderausgang;2886009T;NV Silagi;1;9;1281.0;
2026-02-10;00:00;MP4a;Sonderausgang;2886267T;NV DS Transporte;1;1;150.0;
2026-02-10;00:00;MP4a;Sonderausgang;2886270T;NV Fischer;2;5;3011.6;
2026-02-10;00:00;MP4a;Sonderausgang;2886271T;NV Fischer;1;1;147.0;
2026-02-10;00:00;MP4a;Sonderausgang;2886273T;NV Fischer;2;2;205.0;
2026-02-10;00:00;MP4a;Sonderausgang;2886276T;NV Strauss;1;4;916.0;
2026-02-10;00:00;MP4a;Sonderausgang;2886284T;NV Strauss;2;37;6445.0;
2026-02-10;00:00;MP4a;Sonderausgang;2886285T;NV Strauss;1;49;2177.0;
2026-02-10;00:00;MP4a;Sonderausgang;2886287T;NV DS Transporte;1;1;310.0;
2026-02-10;00:00;MP4a;Sonderausgang;2886288T;NV AS Transporte;2;2;1357.0;
2026-02-10;00:00;MP4a;Sonderausgang;2886289T;NV AS Transporte;2;10;304.0;
2026-02-10;00:00;MP4a;Sonderausgang;2886313T;NV DS Transporte;1;4;3217.6;
2026-02-10;00:00;MP4a;Sonderausgang;2886315T;NV Strauss;1;16;3060.0;
2026-02-10;00:00;MP4a;Sonderausgang;2886316T;NV Strauss;2;10;1313.0;
2026-02-10;00:00;MP4a;Sonderausgang;2886317T;NV DS Transporte;2;2;128.0;
2026-02-10;00:00;MP4a;Sonderausgang;2886320T;NV DS Transporte;2;10;2990.0;
2026-02-10;00:00;MP4a;Sonderausgang;2886327T;NV Ciortan;2;2;124.0;
2026-02-10;00:00;MP4a;Sonderausgang;2886328T;NV AS Transporte;1;9;360.0;
2026-02-10;00:00;MP4a;Sonderausgang;2886329T;NV AS Transporte;5;53;1209.0;
2026-02-10;00:00;MP4a;Sonderausgang;2886333T;NV DS Transporte;2;10;2969.0;
2026-02-10;00:00;MP4a;Sonderausgang;2886336T;NV AS Transporte;2;17;2524.0;
2026-02-10;00:00;MP4a;Sonderausgang;2886343T;NV AS Transporte;1;1;50.0;
2026-02-10;00:00;MP4a;Sonderausgang;2886346T;NV Tiroch;3;6;1064.0;
2026-02-10;00:00;MP4a;Sonderausgang;2886349T;NV Tiroch;2;26;1469.0;
2026-02-10;00:00;MP4a;Sonderausgang;2886353T;NV Tiroch;4;7;607.0;
2026-02-10;00:00;MP4a;Sonderausgang;2886354T;NV Tiroch;2;51;6252.0;
2026-02-10;00:00;MP4a;Sonderausgang;2886358T;NV AS Transporte;1;1;428.0;
2026-02-10;00:00;MP4a;Sonderausgang;2886359T;NV AS Transporte;4;7;602.0;
2026-02-10;00:00;MP4a;Sonderausgang;2886366T;NV AS Transporte;6;24;3160.0;
2026-02-10;00:00;MP4a;Sonderausgang;2886376T;NV Alexandru;1;1;120.0;
2026-02-10;00:00;MP4a;Sonderausgang;2886381T;Sonderfahrten;1;16;320.0;
2026-02-10;00:00;MP4a;Sonderausgang;2886388T;NV AS Transporte;1;1;184.0;
2026-02-10;00:00;MP4a;Sonderausgang;2886389T;NV Bogos Transporte;1;1;30.0;
2026-02-10;00:00;MP4a;Sonderausgang;2886393T;NV Bogos Transporte;2;5;2504.0;
2026-02-10;00:00;MP4a;Sonderausgang;2886394T;NV VP Logistik;5;5;693.6;
2026-02-10;00:00;MP4a;Sonderausgang;2886395T;NV VP Logistik;1;1;57.9;
2026-02-10;00:00;MP4a;Sonderausgang;2886396T;NV VP Logistik;3;18;4301.0;
2026-02-10;00:00;MP4a;Sonderausgang;2886402T;NV Tuncay;3;3;365.0;
2026-02-10;00:00;MP4a;Sonderausgang;2886403T;NV Tuncay;1;1;1050.0;
2026-02-10;00:00;MP4a;Sonderausgang;2886404T;NV Guth;3;3;1344.0;
2026-02-10;00:00;MP4a;Sonderausgang;2886406T;NV Guth;1;1;108.0;
2026-02-10;00:00;MP4a;Sonderausgang;2886409T;NV Silagi;2;2;152.2;
2026-02-10;00:00;MP4a;Sonderausgang;2886642T;NV AS Transporte;2;5;350.7;
2026-02-10;00:00;MP4a;Sonderausgang;2886644T;NV AS Transporte;1;1;728.0;
2026-02-10;00:00;MP4a;Sonderausgang;2886648T;NV Ciortan;3;6;961.0;
2026-02-10;00:00;MP4a;Sonderausgang;2886653T;WAB NV - großer NV;1;9;2034.0;
2026-02-10;00:00;MP4a;Sonderausgang;2886717T;WAB NV - großer NV;1;16;2400.0;
2026-02-10;00:00;MP4a;Sonderausgang;2886727T;WAB NV - großer NV;1;128;16704.0;
2026-02-10;00:00;MP4a;Sonderausgang;2886743T;WAB NV - großer NV;2;2;218.0;
2026-02-10;00:00;MP4a;Sonderausgang;2886781T;WAB NV - großer NV;2;328;194578.0;
2026-02-10;00:00;MP4a;Sonderausgang;2886791T;WAB NV - großer NV;3;5;361.0;
2026-02-10;00:00;MP4a;Sonderausgang;2886801T;WAB NV - großer NV;6;27;5910.0;
2026-02-10;00:00;MP4a;Sonderausgang;2886823T;WAB NV - großer NV;1;4;783.0;
2026-02-10;00:00;MP4a;Sonderausgang;2886869T;WAB NV - großer NV;1;1;221.0;
2026-02-10;00:00;MP4a;Sonderausgang;2886885T;WAB NV - großer NV;2;5;166.0;
2026-02-10;00:00;MP4a;Sonderausgang;2886925T;WAB NV - großer NV;1;25;20065.0;
2026-02-10;00:00;MP4a;Sonderausgang;2886996T;NV Yeritsyan;1;1;54.4;
2026-02-10;00:00;MP4a;Sonderausgang;2887021T;WAB NV - großer NV;1;1;36.0;
2026-02-10;00:00;MP4a;Sonderausgang;2887115T;WAB NV - großer NV;1;100;78500.0;
2026-02-10;00:00;MP4a;Sonderausgang;2887154T;NV Yeritsyan;1;4;262.4;
2026-02-10;00:00;MP4a;Sonderausgang;2887161T;NV Yeritsyan;2;2;137.0;
2026-02-10;00:00;MP4a;Sonderausgang;2887162T;NV Yeritsyan;3;3;1001.0;
2026-02-10;00:00;MP4a;Sonderausgang;2887171T;NV LT Trans;1;4;2248.0;
2026-02-10;00:00;MP4a;Sonderausgang;2887173T;NV Silagi;4;7;1686.2;
2026-02-10;00:00;MP4a;Sonderausgang;2887174T;NV Silagi;1;1;84.0;
2026-02-10;00:00;MP4a;Sonderausgang;2887176T;Sonderfahrten;1;1;288.0;
2026-02-10;00:00;MP4a;Sonderausgang;2887188T;Sonderfahrten;2;2;382.7;
2026-02-10;00:00;MP4a;Sonderausgang;2887218T;WAB NV - großer NV;1;36;8700.0;
2026-02-10;00:00;MP4a;Sonderausgang;2887229T;NV Silagi;1;16;248.0;
2026-02-10;00:00;MP4a;Sonderausgang;2887986T;WAB NV - großer NV;2;5;300.0;
2026-02-10;00:00;MP4a;Sonderausgang;2888060T;WAB NV - großer NV;1;4;4900.0;
2026-02-10;00:00;MP4a;Sonderausgang;2888444T;Sonderfahrten;2;2;41.2;
2026-02-10;00:00;MP4a;Sonderausgang;2888502T;Sonderfahrten;1;1;45.0;
2026-02-10;00:00;MP4a;Sonderausgang;2888504T;WAB NV - großer NV;3;6;4285.0;
2026-02-10;00:00;MP4a;Sonderausgang;2888507T;NV Fischer;1;1;342.0;
2026-02-10;00:00;MP4a;Sonderausgang;2888510T;NV VP Logistik;1;1;87.0;
2026-02-10;00:00;MP4a;Sonderausgang;2888511T;NV VP Logistik;2;5;1300.0;
2026-02-10;00:00;MP4a;Sonderausgang;2888512T;NV VP Logistik;2;2;117.0;
2026-02-10;00:00;MP4a;Sonderausgang;2888515T;NV Tiroch;28;92;1690.0;
2026-02-10;00:00;MP4a;Sonderausgang;2888516T;NV Tiroch;4;19;140.0;
2026-02-10;00:00;MP4a;Sonderausgang;2888517T;NV DS Transporte;1;1;70.0;
2026-02-10;00:00;MP4a;Sonderausgang;2888518T;NV Tiroch;8;19;3720.0;
2026-02-10;00:00;MP4a;Sonderausgang;2888520T;NV DS Transporte;1;9;1500.0;
2026-02-10;00:00;MP4a;Sonderausgang;2888526T;NV Ciortan;6;12;2093.5;
2026-02-10;00:00;MP4a;Sonderausgang;2888600T;WAB NV - großer NV;1;36;32832.0;
2026-02-10;00:00;MP4a;Sonderausgang;2888615T;WAB NV - großer NV;6;82;30062.0;
2026-02-10;00:00;MP4a;Sonderausgang;2888641T;WAB NV - großer NV;1;16;12656.0;
2026-02-10;00:00;MP4a;Sonderausgang;2889731T;NV Silagi;1;9;1281.0;
2026-02-10;00:00;MP4a;Sonderausgang;2890018T;WAB NV - großer NV;1;1;12.0;
2026-02-10;00:00;MP4a;Sonderausgang;2891070T;NV Tiroch;1;1;93.3;
2026-02-10;00:00;MP4a;Sonderausgang;2892617T;Fallback;1;1;1400.0;
2026-02-10;00:00;MP5;SE Entladung FV;;;2031;15006;2292071.9;
2026-02-10;00:00;MP7;SA Verladung FV;2883907T;NV VP Logistik;1;2;975.0;
2026-02-10;00:00;MP7;SA Verladung FV;2885465T;WAB NV - großer NV;1;1;1294.0;
2026-02-10;00:00;MP7;SA Verladung FV;2886021T;NV VP Logistik;1;18;958.0;
2026-02-10;00:00;MP7;SA Verladung FV;2886026T;NV Tiroch;1;2;238.0;
2026-02-10;00:00;MP7;SA Verladung FV;2886056T;WAB NV - großer NV;3;11;1002.5;
2026-02-10;00:00;MP7;SA Verladung FV;2886267T;NV DS Transporte;7;25;15146.0;
2026-02-10;00:00;MP7;SA Verladung FV;2886268T;NV DS Transporte;8;11;1244.0;
2026-02-10;00:00;MP7;SA Verladung FV;2886269T;NV Fischer;11;37;8022.0;
2026-02-10;00:00;MP7;SA Verladung FV;2886270T;NV Fischer;12;23;2573.9;
2026-02-10;00:00;MP7;SA Verladung FV;2886271T;NV Fischer;16;25;2404.6;
2026-02-10;00:00;MP7;SA Verladung FV;2886272T;NV Fischer;4;28;12500.0;
2026-02-10;00:00;MP7;SA Verladung FV;2886273T;NV Fischer;16;34;3457.0;
2026-02-10;00:00;MP7;SA Verladung FV;2886274T;NV DS Transporte;9;56;11469.0;
2026-02-10;00:00;MP7;SA Verladung FV;2886275T;NV DS Transporte;9;9;980.0;
2026-02-10;00:00;MP7;SA Verladung FV;2886276T;NV Strauss;10;19;2557.0;
2026-02-10;00:00;MP7;SA Verladung FV;2886277T;NV Strauss;8;26;3328.0;
2026-02-10;00:00;MP7;SA Verladung FV;2886278T;NV Strauss;8;91;10630.8;
2026-02-10;00:00;MP7;SA Verladung FV;2886279T;NV Strauss;12;38;4708.0;
2026-02-10;00:00;MP7;SA Verladung FV;2886280T;NV Strauss;11;14;608.0;
2026-02-10;00:00;MP7;SA Verladung FV;2886281T;NV Strauss;7;8;642.0;
2026-02-10;00:00;MP7;SA Verladung FV;2886284T;NV Strauss;8;14;1474.0;
2026-02-10;00:00;MP7;SA Verladung FV;2886285T;NV Strauss;6;9;1444.0;
2026-02-10;00:00;MP7;SA Verladung FV;2886286T;NV DS Transporte;6;91;12374.0;
2026-02-10;00:00;MP7;SA Verladung FV;2886287T;NV DS Transporte;10;22;4591.0;
2026-02-10;00:00;MP7;SA Verladung FV;2886288T;NV AS Transporte;11;14;766.0;
2026-02-10;00:00;MP7;SA Verladung FV;2886289T;NV AS Transporte;14;23;3852.4;
2026-02-10;00:00;MP7;SA Verladung FV;2886292T;NV Fischer;10;48;4955.0;
2026-02-10;00:00;MP7;SA Verladung FV;2886313T;NV DS Transporte;12;33;5592.0;
2026-02-10;00:00;MP7;SA Verladung FV;2886314T;NV DS Transporte;8;27;5111.0;
2026-02-10;00:00;MP7;SA Verladung FV;2886315T;NV Strauss;8;22;11030.0;
2026-02-10;00:00;MP7;SA Verladung FV;2886316T;NV Strauss;9;23;2819.6;
2026-02-10;00:00;MP7;SA Verladung FV;2886317T;NV DS Transporte;9;65;1124.0;
2026-02-10;00:00;MP7;SA Verladung FV;2886318T;NV DS Transporte;10;31;7755.0;
2026-02-10;00:00;MP7;SA Verladung FV;2886319T;NV DS Transporte;11;37;10227.0;
2026-02-10;00:00;MP7;SA Verladung FV;2886320T;NV DS Transporte;10;25;10438.0;
2026-02-10;00:00;MP7;SA Verladung FV;2886321T;NV DS Transporte;8;39;11909.0;
2026-02-10;00:00;MP7;SA Verladung FV;2886323T;NV DS Transporte;11;19;745.0;
2026-02-10;00:00;MP7;SA Verladung FV;2886324T;NV Ciortan;13;16;2817.4;
2026-02-10;00:00;MP7;SA Verladung FV;2886327T;NV Ciortan;17;40;958.1;
2026-02-10;00:00;MP7;SA Verladung FV;2886328T;NV AS Transporte;18;62;5306.6;
2026-02-10;00:00;MP7;SA Verladung FV;2886329T;NV AS Transporte;10;56;2665.0;
2026-02-10;00:00;MP7;SA Verladung FV;2886333T;NV DS Transporte;6;70;5772.5;
2026-02-10;00:00;MP7;SA Verladung FV;2886334T;NV DS Transporte;6;65;7141.0;
2026-02-10;00:00;MP7;SA Verladung FV;2886335T;NV DS Transporte;10;48;991.0;
2026-02-10;00:00;MP7;SA Verladung FV;2886336T;NV AS Transporte;9;17;2152.2;
2026-02-10;00:00;MP7;SA Verladung FV;2886339T;NV Ciortan;22;39;10340.8;
2026-02-10;00:00;MP7;SA Verladung FV;2886341T;NV AS Transporte;21;119;3608.0;
2026-02-10;00:00;MP7;SA Verladung FV;2886343T;NV AS Transporte;18;27;2893.0;
2026-02-10;00:00;MP7;SA Verladung FV;2886346T;NV Tiroch;9;18;5316.0;
2026-02-10;00:00;MP7;SA Verladung FV;2886348T;NV Tiroch;7;10;2901.2;
2026-02-10;00:00;MP7;SA Verladung FV;2886349T;NV Tiroch;17;66;2049.0;
2026-02-10;00:00;MP7;SA Verladung FV;2886350T;NV Tiroch;6;15;4274.0;
2026-02-10;00:00;MP7;SA Verladung FV;2886353T;NV Tiroch;11;14;2800.0;
2026-02-10;00:00;MP7;SA Verladung FV;2886354T;NV Tiroch;11;11;1775.5;
2026-02-10;00:00;MP7;SA Verladung FV;2886355T;DM AS-Transport;11;67;14448.0;
2026-02-10;00:00;MP7;SA Verladung FV;2886356T;DM AS-Transport;10;96;14548.0;
2026-02-10;00:00;MP7;SA Verladung FV;2886357T;DM AS-Transport;13;159;14250.0;
2026-02-10;00:00;MP7;SA Verladung FV;2886359T;NV AS Transporte;16;41;4250.0;
2026-02-10;00:00;MP7;SA Verladung FV;2886363T;DM AS-Transport;12;133;15699.0;
2026-02-10;00:00;MP7;SA Verladung FV;2886366T;NV AS Transporte;9;9;2552.5;
2026-02-10;00:00;MP7;SA Verladung FV;2886376T;NV Alexandru;7;33;3707.0;
2026-02-10;00:00;MP7;SA Verladung FV;2886381T;Sonderfahrten;14;29;790.0;
2026-02-10;00:00;MP7;SA Verladung FV;2886383T;DM AS-Transport;7;121;11597.0;
2026-02-10;00:00;MP7;SA Verladung FV;2886384T;DM AS-Transport;10;177;16380.0;
2026-02-10;00:00;MP7;SA Verladung FV;2886385T;DM AS-Transport;10;43;7305.0;
2026-02-10;00:00;MP7;SA Verladung FV;2886386T;DM AS-Transport;13;79;13593.0;
2026-02-10;00:00;MP7;SA Verladung FV;2886388T;NV AS Transporte;12;35;5467.0;
2026-02-10;00:00;MP7;SA Verladung FV;2886389T;NV Bogos Transporte;16;30;6170.0;
2026-02-10;00:00;MP7;SA Verladung FV;2886391T;NV Bogos Transporte;15;36;4725.0;
2026-02-10;00:00;MP7;SA Verladung FV;2886393T;NV Bogos Transporte;9;32;3401.0;
2026-02-10;00:00;MP7;SA Verladung FV;2886394T;NV VP Logistik;10;33;1647.0;
2026-02-10;00:00;MP7;SA Verladung FV;2886395T;NV VP Logistik;12;127;7795.0;
2026-02-10;00:00;MP7;SA Verladung FV;2886396T;NV VP Logistik;6;30;3556.0;
2026-02-10;00:00;MP7;SA Verladung FV;2886398T;NV VP Logistik;9;21;6091.6;
2026-02-10;00:00;MP7;SA Verladung FV;2886401T;NV Tuncay;1;36;4680.0;
2026-02-10;00:00;MP7;SA Verladung FV;2886402T;NV Tuncay;14;22;2419.0;
2026-02-10;00:00;MP7;SA Verladung FV;2886403T;NV Tuncay;10;130;5869.0;
2026-02-10;00:00;MP7;SA Verladung FV;2886404T;NV Guth;8;11;3038.0;
2026-02-10;00:00;MP7;SA Verladung FV;2886405T;NV Guth;12;26;4299.0;
2026-02-10;00:00;MP7;SA Verladung FV;2886406T;NV Guth;11;35;3486.0;
2026-02-10;00:00;MP7;SA Verladung FV;2886407T;NV VP Logistik;12;29;7622.0;
2026-02-10;00:00;MP7;SA Verladung FV;2886408T;Sonderfahrten;5;5;1035.4;
2026-02-10;00:00;MP7;SA Verladung FV;2886409T;NV Silagi;13;16;1098.0;
2026-02-10;00:00;MP7;SA Verladung FV;2886570T;DM AS-Transport;21;259;36371.0;
2026-02-10;00:00;MP7;SA Verladung FV;2886572T;DM AS-Transport;19;260;33322.0;
2026-02-10;00:00;MP7;SA Verladung FV;2886574T;DM AS-Transport;22;109;25165.0;
2026-02-10;00:00;MP7;SA Verladung FV;2886576T;DM AS-Transport;15;402;41847.0;
2026-02-10;00:00;MP7;SA Verladung FV;2886578T;DM AS-Transport;25;163;23439.0;
2026-02-10;00:00;MP7;SA Verladung FV;2886580T;DM AS-Transport;17;226;35223.0;
2026-02-10;00:00;MP7;SA Verladung FV;2886582T;DM AS-Transport;20;208;28116.0;
2026-02-10;00:00;MP7;SA Verladung FV;2886584T;DM AS-Transport;19;159;44075.0;
2026-02-10;00:00;MP7;SA Verladung FV;2886586T;DM AS-Transport;20;125;26605.0;
2026-02-10;00:00;MP7;SA Verladung FV;2886588T;DM AS-Transport;21;198;28811.0;
2026-02-10;00:00;MP7;SA Verladung FV;2886642T;NV AS Transporte;19;263;15003.7;
2026-02-10;00:00;MP7;SA Verladung FV;2886644T;NV AS Transporte;22;62;9116.6;
2026-02-10;00:00;MP7;SA Verladung FV;2886646T;NV Ciortan;29;64;9069.4;
2026-02-10;00:00;MP7;SA Verladung FV;2886648T;NV Ciortan;23;108;38225.0;
2026-02-10;00:00;MP7;SA Verladung FV;2886650T;NV AS Transporte;17;26;3419.5;
2026-02-10;00:00;MP7;SA Verladung FV;2886653T;WAB NV - großer NV;2;50;15395.0;
2026-02-10;00:00;MP7;SA Verladung FV;2886695T;WAB NV - großer NV;12;46;19479.0;
2026-02-10;00:00;MP7;SA Verladung FV;2886707T;WAB NV - großer NV;8;138;46788.0;
2026-02-10;00:00;MP7;SA Verladung FV;2886717T;WAB NV - großer NV;2;17;4030.0;
2026-02-10;00:00;MP7;SA Verladung FV;2886727T;WAB NV - großer NV;3;70;38218.0;
2026-02-10;00:00;MP7;SA Verladung FV;2886737T;WAB NV - großer NV;10;24;15046.0;
2026-02-10;00:00;MP7;SA Verladung FV;2886743T;WAB NV - großer NV;7;340;62227.0;
2026-02-10;00:00;MP7;SA Verladung FV;2886771T;WAB NV - großer NV;15;170;22875.0;
2026-02-10;00:00;MP7;SA Verladung FV;2886781T;WAB NV - großer NV;3;11;554.0;
2026-02-10;00:00;MP7;SA Verladung FV;2886791T;WAB NV - großer NV;3;11;2015.0;
2026-02-10;00:00;MP7;SA Verladung FV;2886801T;WAB NV - großer NV;10;84;21312.0;
2026-02-10;00:00;MP7;SA Verladung FV;2886811T;WAB NV - großer NV;3;14;11136.0;
2026-02-10;00:00;MP7;SA Verladung FV;2886823T;WAB NV - großer NV;13;93;27244.0;
2026-02-10;00:00;MP7;SA Verladung FV;2886841T;WAB NV - großer NV;5;71;28315.1;
2026-02-10;00:00;MP7;SA Verladung FV;2886845T;WAB NV - großer NV;15;110;30965.4;
2026-02-10;00:00;MP7;SA Verladung FV;2886869T;WAB NV - großer NV;4;42;6787.0;
2026-02-10;00:00;MP7;SA Verladung FV;2886885T;WAB NV - großer NV;13;99;13604.7;
2026-02-10;00:00;MP7;SA Verladung FV;2886895T;WAB NV - großer NV;11;87;20817.0;
2026-02-10;00:00;MP7;SA Verladung FV;2886915T;WAB NV - großer NV;7;192;48634.0;
2026-02-10;00:00;MP7;SA Verladung FV;2886925T;WAB NV - großer NV;3;110;26276.0;
2026-02-10;00:00;MP7;SA Verladung FV;2886935T;Sonderfahrten;1;9;2154.0;
2026-02-10;00:00;MP7;SA Verladung FV;2886982T;NV Ciortan;14;52;6157.0;
2026-02-10;00:00;MP7;SA Verladung FV;2886994T;NV Yeritsyan;13;101;4437.0;
2026-02-10;00:00;MP7;SA Verladung FV;2886995T;Sonderfahrten;10;10;2716.0;
2026-02-10;00:00;MP7;SA Verladung FV;2886996T;NV Yeritsyan;16;43;3256.9;
2026-02-10;00:00;MP7;SA Verladung FV;2887021T;WAB NV - großer NV;2;5;2461.0;
2026-02-10;00:00;MP7;SA Verladung FV;2887115T;WAB NV - großer NV;5;58;36338.0;
2026-02-10;00:00;MP7;SA Verladung FV;2887152T;NV AS Transporte;16;57;9423.0;
2026-02-10;00:00;MP7;SA Verladung FV;2887154T;NV Yeritsyan;10;29;2140.0;
2026-02-10;00:00;MP7;SA Verladung FV;2887155T;Sonderfahrten;1;4;958.0;
2026-02-10;00:00;MP7;SA Verladung FV;2887156T;NV VP Logistik;6;30;911.0;
2026-02-10;00:00;MP7;SA Verladung FV;2887161T;NV Yeritsyan;15;21;3560.2;
2026-02-10;00:00;MP7;SA Verladung FV;2887162T;NV Yeritsyan;13;31;5687.4;
2026-02-10;00:00;MP7;SA Verladung FV;2887166T;NV LT Trans;13;24;4105.0;
2026-02-10;00:00;MP7;SA Verladung FV;2887167T;NV LT Trans;2;76;4178.0;
2026-02-10;00:00;MP7;SA Verladung FV;2887169T;NV LT Trans;16;58;9467.3;
2026-02-10;00:00;MP7;SA Verladung FV;2887171T;NV LT Trans;11;11;1163.1;
2026-02-10;00:00;MP7;SA Verladung FV;2887173T;NV Silagi;15;33;3187.6;
2026-02-10;00:00;MP7;SA Verladung FV;2887174T;NV Silagi;17;55;6751.0;
2026-02-10;00:00;MP7;SA Verladung FV;2887175T;Sonderfahrten;15;31;687.0;
2026-02-10;00:00;MP7;SA Verladung FV;2887176T;Sonderfahrten;7;43;4757.7;
2026-02-10;00:00;MP7;SA Verladung FV;2887188T;Sonderfahrten;11;22;3673.0;
2026-02-10;00:00;MP7;SA Verladung FV;2887218T;WAB NV - großer NV;14;92;13361.0;
2026-02-10;00:00;MP7;SA Verladung FV;2887228T;NV Silagi;12;45;10004.9;
2026-02-10;00:00;MP7;SA Verladung FV;2887229T;NV Silagi;15;64;5445.1;
2026-02-10;00:00;MP7;SA Verladung FV;2887368T;DM AS-Transport;13;69;8310.0;
2026-02-10;00:00;MP7;SA Verladung FV;2887558T;NV AS Transporte;1;1;84.0;
2026-02-10;00:00;MP7;SA Verladung FV;2887585T;NV DS Transporte;1;1;142.0;
2026-02-10;00:00;MP7;SA Verladung FV;2887588T;NV DS Transporte;1;1;70.0;
2026-02-10;00:00;MP7;SA Verladung FV;2887594T;NV DS Transporte;1;1;89.0;
2026-02-10;00:00;MP7;SA Verladung FV;2887598T;NV Ciortan;1;1;92.0;
2026-02-10;00:00;MP7;SA Verladung FV;2887599T;NV AS Transporte;1;1;162.0;
2026-02-10;00:00;MP7;SA Verladung FV;2887605T;NV DS Transporte;1;4;686.0;
2026-02-10;00:00;MP7;SA Verladung FV;2887612T;NV AS Transporte;1;1;37.0;
2026-02-10;00:00;MP7;SA Verladung FV;2887650T;NV Strauss;1;1;212.0;
2026-02-10;00:00;MP7;SA Verladung FV;2887652T;Sonderfahrten;1;1;29.0;
2026-02-10;00:00;MP7;SA Verladung FV;2887665T;NV VP Logistik;1;1;78.0;
2026-02-10;00:00;MP7;SA Verladung FV;2887680T;NV Silagi;1;1;60.0;
2026-02-10;00:00;MP7;SA Verladung FV;2887932T;WAB NV - großer NV;12;73;12194.7;
2026-02-10;00:00;MP7;SA Verladung FV;2887986T;WAB NV - großer NV;3;3;129.0;
2026-02-10;00:00;MP7;SA Verladung FV;2888070T;WAB NV - großer NV;3;42;10699.0;
2026-02-10;00:00;MP7;SA Verladung FV;2888110T;WAB NV - großer NV;1;36;36000.0;
2026-02-10;00:00;MP7;SA Verladung FV;2888138T;WAB NV - großer NV;1;1;653.0;
2026-02-10;00:00;MP7;SA Verladung FV;2888445T;Sonderfahrten;3;6;362.0;
2026-02-10;00:00;MP7;SA Verladung FV;2888501T;Sonderfahrten;6;9;1112.0;
2026-02-10;00:00;MP7;SA Verladung FV;2888502T;Sonderfahrten;2;2;148.0;
2026-02-10;00:00;MP7;SA Verladung FV;2888503T;NV AS Transporte;12;12;810.0;
2026-02-10;00:00;MP7;SA Verladung FV;2888506T;NV Fischer;12;39;5055.0;
2026-02-10;00:00;MP7;SA Verladung FV;2888507T;NV Fischer;9;20;3748.0;
2026-02-10;00:00;MP7;SA Verladung FV;2888508T;NV Fischer;5;423;13964.0;
2026-02-10;00:00;MP7;SA Verladung FV;2888509T;NV VP Logistik;7;124;10650.0;
2026-02-10;00:00;MP7;SA Verladung FV;2888510T;NV VP Logistik;4;7;503.0;
2026-02-10;00:00;MP7;SA Verladung FV;2888511T;NV VP Logistik;4;4;346.0;
2026-02-10;00:00;MP7;SA Verladung FV;2888512T;NV VP Logistik;6;9;782.0;
2026-02-10;00:00;MP7;SA Verladung FV;2888513T;NV Tiroch;8;92;7710.4;
2026-02-10;00:00;MP7;SA Verladung FV;2888514T;NV Tiroch;14;23;3964.0;
2026-02-10;00:00;MP7;SA Verladung FV;2888515T;NV Tiroch;3;3;60.0;
2026-02-10;00:00;MP7;SA Verladung FV;2888516T;NV Tiroch;4;8;2469.0;
2026-02-10;00:00;MP7;SA Verladung FV;2888517T;NV DS Transporte;9;12;633.3;
2026-02-10;00:00;MP7;SA Verladung FV;2888518T;NV Tiroch;9;9;1698.7;
2026-02-10;00:00;MP7;SA Verladung FV;2888522T;NV DS Transporte;7;48;8757.0;
2026-02-10;00:00;MP7;SA Verladung FV;2888526T;NV Ciortan;10;24;5309.0;
2026-02-10;00:00;MP7;SA Verladung FV;2888528T;WAB NV - großer NV;1;1;133.0;
2026-02-10;00:00;MP7;SA Verladung FV;2888553T;NV Tuncay;3;6;1173.0;
2026-02-10;00:00;MP7;SA Verladung FV;2888580T;WAB NV - großer NV;13;62;23072.0;
2026-02-10;00:00;MP7;SA Verladung FV;2888600T;WAB NV - großer NV;1;64;26024.0;
2026-02-10;00:00;MP7;SA Verladung FV;2888615T;WAB NV - großer NV;4;15;5575.0;
2026-02-10;00:00;MP7;SA Verladung FV;2888634T;NV DS Transporte;4;4;290.0;
2026-02-10;00:00;MP7;SA Verladung FV;2888635T;WAB NV - großer NV;2;37;33753.0;
2026-02-10;00:00;MP7;SA Verladung FV;2888641T;WAB NV - großer NV;3;14;2655.0;
2026-02-10;00:00;MP7;SA Verladung FV;2888718T;WAB NV - großer NV;1;1;102.0;
2026-02-10;00:00;MP7;SA Verladung FV;2888854T;Fallback;1;4;322.0;
2026-02-10;00:00;MP7;SA Verladung FV;2888956T;NV VP Logistik;1;1;395.0;
2026-02-10;00:00;MP7;SA Verladung FV;2888962T;NV Tuncay;1;1;200.0;
2026-02-10;00:00;MP7;SA Verladung FV;2889369T;WAB NV - großer NV;4;91;18551.0;
2026-02-10;00:00;MP7;SA Verladung FV;2889712T;NV Yeritsyan;1;1;260.0;
2026-02-10;00:00;MP7;SA Verladung FV;2889733T;Sonderfahrten;1;1;33.0;
2026-02-10;00:00;MP7;SA Verladung FV;2889789T;NV AS Transporte;1;1;152.0;
2026-02-10;00:00;MP7;SA Verladung FV;2889796T;NV VP Logistik;2;2;139.0;
2026-02-10;00:00;MP7;SA Verladung FV;2889860T;WAB NV - großer NV;1;16;4576.0;
2026-02-10;00:00;MP7;SA Verladung FV;2889888T;NV Tiroch;1;4;182.0;
2026-02-10;00:00;MP7;SA Verladung FV;2889940T;Direkt ab Gersthofen;1;25;13395.0;
2026-02-10;00:00;MP7;SA Verladung FV;2890155T;NV DS Transporte;1;1;105.0;
2026-02-10;00:00;MP7;SA Verladung FV;2890816T;NV Ciortan;1;1;49.0;
2026-02-10;00:00;MP9a;Sonderscan;;;8;11;1844.0;
2026-02-10;00:00;MP9b;NV Eingang;;;263;809;144267.6;
2026-02-11;00:00;MP2;Nat. Eingang;;;22;245;62233.4;
2026-02-11;00:00;MP2;Nat. Eingang;2886270T;NV Fischer;2;2;150.0;
2026-02-11;00:00;MP2;Nat. Eingang;2886329T;NV AS Transporte;1;1;85.0;
2026-02-11;00:00;MP2;Nat. Eingang;2886729T;WAB NV - Abholer;1;36;26622.0;
2026-02-11;00:00;MP2;Nat. Eingang;2886861T;WAB NV - Abholer;2;113;22600.0;
2026-02-11;00:00;MP2;Nat. Eingang;2887096T;WAB NV - Abholer;1;32;6976.0;
2026-02-11;00:00;MP2;Nat. Eingang;2887539T;NV Fischer;7;45;3658.0;
2026-02-11;00:00;MP2;Nat. Eingang;2887540T;NV Fischer;1;1;100.0;
2026-02-11;00:00;MP2;Nat. Eingang;2887541T;NV Fischer;3;38;5450.0;
2026-02-11;00:00;MP2;Nat. Eingang;2887542T;NV Fischer;11;24;1463.0;
2026-02-11;00:00;MP2;Nat. Eingang;2887543T;NV Fischer;25;42;7555.0;
2026-02-11;00:00;MP2;Nat. Eingang;2887544T;NV DS Transporte;14;35;2680.0;
2026-02-11;00:00;MP2;Nat. Eingang;2887548T;NV Strauss;2;8;5758.0;
2026-02-11;00:00;MP2;Nat. Eingang;2887549T;NV Strauss;3;41;6700.0;
2026-02-11;00:00;MP2;Nat. Eingang;2887551T;NV Strauss;4;4;203.0;
2026-02-11;00:00;MP2;Nat. Eingang;2887554T;NV Strauss;2;5;420.0;
2026-02-11;00:00;MP2;Nat. Eingang;2887555T;NV Strauss;9;9;2045.0;
2026-02-11;00:00;MP2;Nat. Eingang;2887557T;NV DS Transporte;8;35;8007.0;
2026-02-11;00:00;MP2;Nat. Eingang;2887558T;NV AS Transporte;3;3;920.0;
2026-02-11;00:00;MP2;Nat. Eingang;2887559T;NV AS Transporte;7;51;887.0;
2026-02-11;00:00;MP2;Nat. Eingang;2887562T;NV Fischer;10;25;5070.0;
2026-02-11;00:00;MP2;Nat. Eingang;2887585T;NV DS Transporte;9;15;2465.0;
2026-02-11;00:00;MP2;Nat. Eingang;2887586T;NV Strauss;4;4;1015.0;
2026-02-11;00:00;MP2;Nat. Eingang;2887587T;NV Strauss;9;24;3105.0;
2026-02-11;00:00;MP2;Nat. Eingang;2887588T;NV DS Transporte;1;1;43.0;
2026-02-11;00:00;MP2;Nat. Eingang;2887590T;NV DS Transporte;7;19;2158.0;
2026-02-11;00:00;MP2;Nat. Eingang;2887591T;NV DS Transporte;1;4;1710.0;
2026-02-11;00:00;MP2;Nat. Eingang;2887592T;NV DS Transporte;1;9;1089.0;
2026-02-11;00:00;MP2;Nat. Eingang;2887594T;NV DS Transporte;3;3;195.0;
2026-02-11;00:00;MP2;Nat. Eingang;2887595T;NV Ciortan;2;5;920.0;
2026-02-11;00:00;MP2;Nat. Eingang;2887598T;NV Ciortan;5;5;206.0;
2026-02-11;00:00;MP2;Nat. Eingang;2887599T;NV AS Transporte;1;1;250.0;
2026-02-11;00:00;MP2;Nat. Eingang;2887600T;NV AS Transporte;5;29;5330.0;
2026-02-11;00:00;MP2;Nat. Eingang;2887604T;NV DS Transporte;1;1;118.0;
2026-02-11;00:00;MP2;Nat. Eingang;2887605T;NV DS Transporte;6;24;2413.0;
2026-02-11;00:00;MP2;Nat. Eingang;2887607T;NV AS Transporte;3;6;531.0;
2026-02-11;00:00;MP2;Nat. Eingang;2887610T;NV Ciortan;3;6;3208.0;
2026-02-11;00:00;MP2;Nat. Eingang;2887612T;NV AS Transporte;1;36;8939.9;
2026-02-11;00:00;MP2;Nat. Eingang;2887614T;NV AS Transporte;3;3;410.9;
2026-02-11;00:00;MP2;Nat. Eingang;2887617T;NV Tiroch;10;10;820.0;
2026-02-11;00:00;MP2;Nat. Eingang;2887619T;NV Tiroch;6;9;2560.0;
2026-02-11;00:00;MP2;Nat. Eingang;2887620T;NV Tiroch;3;11;1355.0;
2026-02-11;00:00;MP2;Nat. Eingang;2887621T;NV Tiroch;5;85;2932.0;
2026-02-11;00:00;MP2;Nat. Eingang;2887624T;NV Tiroch;3;3;325.0;
2026-02-11;00:00;MP2;Nat. Eingang;2887625T;NV Tiroch;7;10;805.0;
2026-02-11;00:00;MP2;Nat. Eingang;2887630T;NV AS Transporte;7;19;4714.0;
2026-02-11;00:00;MP2;Nat. Eingang;2887637T;NV AS Transporte;4;4;1369.0;
2026-02-11;00:00;MP2;Nat. Eingang;2887647T;NV Alexandru;4;4;282.0;
2026-02-11;00:00;MP2;Nat. Eingang;2887650T;NV Strauss;3;3;875.0;
2026-02-11;00:00;MP2;Nat. Eingang;2887652T;Sonderfahrten;1;1;25.0;
2026-02-11;00:00;MP2;Nat. Eingang;2887659T;NV AS Transporte;5;8;1054.0;
2026-02-11;00:00;MP2;Nat. Eingang;2887660T;NV Bogos Transporte;5;20;4445.7;
2026-02-11;00:00;MP2;Nat. Eingang;2887662T;NV Bogos Transporte;10;16;6406.7;
2026-02-11;00:00;MP2;Nat. Eingang;2887664T;NV Bogos Transporte;12;46;4019.0;
2026-02-11;00:00;MP2;Nat. Eingang;2887665T;NV VP Logistik;4;12;2646.0;
2026-02-11;00:00;MP2;Nat. Eingang;2887666T;NV VP Logistik;6;48;8708.0;
2026-02-11;00:00;MP2;Nat. Eingang;2887667T;NV VP Logistik;1;1;95.0;
2026-02-11;00:00;MP2;Nat. Eingang;2887669T;NV VP Logistik;2;2;281.0;
2026-02-11;00:00;MP2;Nat. Eingang;2887672T;NV Tuncay;1;9;1710.0;
2026-02-11;00:00;MP2;Nat. Eingang;2887673T;NV Tuncay;4;4;855.0;
2026-02-11;00:00;MP2;Nat. Eingang;2887674T;NV Tuncay;2;3;234.0;
2026-02-11;00:00;MP2;Nat. Eingang;2887675T;NV Guth;1;9;3000.0;
2026-02-11;00:00;MP2;Nat. Eingang;2887677T;NV Guth;1;4;542.0;
2026-02-11;00:00;MP2;Nat. Eingang;2887678T;NV VP Logistik;3;3;380.0;
2026-02-11;00:00;MP2;Nat. Eingang;2887680T;NV Silagi;5;8;1004.0;
2026-02-11;00:00;MP2;Nat. Eingang;2887877T;Hofmanagement;23;123;60335.9;
2026-02-11;00:00;MP2;Nat. Eingang;2887911T;NV AS Transporte;4;18;1927.0;
2026-02-11;00:00;MP2;Nat. Eingang;2887913T;NV AS Transporte;12;18;3778.0;
2026-02-11;00:00;MP2;Nat. Eingang;2887915T;NV Ciortan;4;19;2365.0;
2026-02-11;00:00;MP2;Nat. Eingang;2887917T;NV Ciortan;5;13;7898.0;
2026-02-11;00:00;MP2;Nat. Eingang;2887919T;NV AS Transporte;7;28;10558.0;
2026-02-11;00:00;MP2;Nat. Eingang;2887924T;WAB NV - Abholer;3;351;108309.0;
2026-02-11;00:00;MP2;Nat. Eingang;2887928T;WAB NV - Abholer;13;418;3787.0;
2026-02-11;00:00;MP2;Nat. Eingang;2887934T;WAB NV - Abholer;36;588;23454.1;
2026-02-11;00:00;MP2;Nat. Eingang;2887956T;WAB NV - Abholer;11;35;6344.0;
2026-02-11;00:00;MP2;Nat. Eingang;2887966T;WAB NV - Abholer;1;324;22266.0;
2026-02-11;00:00;MP2;Nat. Eingang;2887978T;WAB NV - Abholer;10;36;8888.0;
2026-02-11;00:00;MP2;Nat. Eingang;2887988T;WAB NV - Abholer;34;163;11421.0;
2026-02-11;00:00;MP2;Nat. Eingang;2887992T;WAB NV - Abholer;19;58;2062.0;
2026-02-11;00:00;MP2;Nat. Eingang;2887998T;WAB NV - Abholer;19;19;2360.9;
2026-02-11;00:00;MP2;Nat. Eingang;2888002T;WAB NV - Abholer;6;12;1937.0;
2026-02-11;00:00;MP2;Nat. Eingang;2888008T;WAB NV - Abholer;40;72;15418.5;
2026-02-11;00:00;MP2;Nat. Eingang;2888014T;WAB NV - Abholer;9;36;3805.0;
2026-02-11;00:00;MP2;Nat. Eingang;2888022T;WAB NV - erweitert;7;262;18565.0;
2026-02-11;00:00;MP2;Nat. Eingang;2888028T;WAB NV - Abholer;1;25;5000.0;
2026-02-11;00:00;MP2;Nat. Eingang;2888052T;WAB NV - Abholer;15;139;17355.0;
2026-02-11;00:00;MP2;Nat. Eingang;2888062T;WAB NV - Abholer;6;53;2191.8;
2026-02-11;00:00;MP2;Nat. Eingang;2888072T;WAB NV - Abholer;29;37;3593.6;
2026-02-11;00:00;MP2;Nat. Eingang;2888094T;WAB NV - Abholer;21;44;6550.0;
2026-02-11;00:00;MP2;Nat. Eingang;2888102T;WAB NV - Abholer;18;112;40035.0;
2026-02-11;00:00;MP2;Nat. Eingang;2888116T;WAB NV - Abholer;34;40;12300.0;
2026-02-11;00:00;MP2;Nat. Eingang;2888130T;WAB NV - Abholer;9;123;24600.0;
2026-02-11;00:00;MP2;Nat. Eingang;2888140T;WAB NV - Abholer;7;28;6533.4;
2026-02-11;00:00;MP2;Nat. Eingang;2888156T;WAB NV - Abholer;43;81;29834.9;
2026-02-11;00:00;MP2;Nat. Eingang;2888166T;WAB NV - Abholer;14;82;40382.0;
2026-02-11;00:00;MP2;Nat. Eingang;2888176T;WAB NV - Abholer;2;26;7493.0;
2026-02-11;00:00;MP2;Nat. Eingang;2888186T;WAB NV - Abholer;16;43;5636.0;
2026-02-11;00:00;MP2;Nat. Eingang;2888196T;WAB NV - Abholer;25;54;11702.2;
2026-02-11;00:00;MP2;Nat. Eingang;2888204T;Sonderfahrten;5;5;410.0;
2026-02-11;00:00;MP2;Nat. Eingang;2888251T;NV Ciortan;5;14;967.0;
2026-02-11;00:00;MP2;Nat. Eingang;2888263T;NV Yeritsyan;3;6;3465.0;
2026-02-11;00:00;MP2;Nat. Eingang;2888265T;NV Yeritsyan;8;14;1575.7;
2026-02-11;00:00;MP2;Nat. Eingang;2888282T;WAB NV - Abholer;8;123;60978.0;
2026-02-11;00:00;MP2;Nat. Eingang;2888291T;WAB NV - Abholer;14;106;13519.2;
2026-02-11;00:00;MP2;Nat. Eingang;2888295T;WAB NV - Abholer;16;27;3112.4;
2026-02-11;00:00;MP2;Nat. Eingang;2888309T;WAB NV - Abholer;34;34;7351.4;
2026-02-11;00:00;MP2;Nat. Eingang;2888311T;WAB NV - Abholer;20;89;14938.2;
2026-02-11;00:00;MP2;Nat. Eingang;2888316T;WAB NV - Abholer;26;26;4075.2;
2026-02-11;00:00;MP2;Nat. Eingang;2888318T;WAB NV - Abholer;9;51;8639.4;
2026-02-11;00:00;MP2;Nat. Eingang;2888335T;WAB NV - Abholer;11;100;8415.0;
2026-02-11;00:00;MP2;Nat. Eingang;2888345T;WAB NV - Abholer;11;62;12005.6;
2026-02-11;00:00;MP2;Nat. Eingang;2888347T;WAB NV - Abholer;13;125;14765.5;
2026-02-11;00:00;MP2;Nat. Eingang;2888361T;WAB NV - Abholer;50;102;23914.9;
2026-02-11;00:00;MP2;Nat. Eingang;2888363T;WAB NV - Abholer;35;184;67798.8;
2026-02-11;00:00;MP2;Nat. Eingang;2888365T;WAB NV - Abholer;31;207;68034.5;
2026-02-11;00:00;MP2;Nat. Eingang;2888371T;WAB NV - Abholer;11;54;19750.0;
2026-02-11;00:00;MP2;Nat. Eingang;2888387T;WAB NV - Abholer;9;27;15557.2;
2026-02-11;00:00;MP2;Nat. Eingang;2888421T;NV AS Transporte;5;107;22097.3;
2026-02-11;00:00;MP2;Nat. Eingang;2888423T;NV Yeritsyan;3;3;229.0;
2026-02-11;00:00;MP2;Nat. Eingang;2888430T;NV Yeritsyan;4;4;591.0;
2026-02-11;00:00;MP2;Nat. Eingang;2888431T;NV Yeritsyan;5;37;1600.0;
2026-02-11;00:00;MP2;Nat. Eingang;2888436T;NV LT Trans;4;4;623.0;
2026-02-11;00:00;MP2;Nat. Eingang;2888439T;NV LT Trans;5;51;10163.0;
2026-02-11;00:00;MP2;Nat. Eingang;2888440T;NV LT Trans;3;3;235.0;
2026-02-11;00:00;MP2;Nat. Eingang;2888442T;NV Silagi;8;26;3822.0;
2026-02-11;00:00;MP2;Nat. Eingang;2888443T;NV Silagi;9;12;2745.0;
2026-02-11;00:00;MP2;Nat. Eingang;2888489T;WAB NV - Abholer;12;75;17595.7;
2026-02-11;00:00;MP2;Nat. Eingang;2888493T;WAB NV - Abholer;8;16;5467.8;
2026-02-11;00:00;MP2;Nat. Eingang;2888497T;NV Silagi;7;7;513.0;
2026-02-11;00:00;MP2;Nat. Eingang;2888498T;NV Silagi;3;7;2042.0;
2026-02-11;00:00;MP2;Nat. Eingang;2888739T;Charter;1;64;13184.0;
2026-02-11;00:00;MP2;Nat. Eingang;2888939T;NV Strauss;1;1;150.0;
2026-02-11;00:00;MP2;Nat. Eingang;2889540T;NV Ciortan;1;1;47.0;
2026-02-11;00:00;MP2;Nat. Eingang;2889652T;WAB NV - Abholer;1;4;1150.2;
2026-02-11;00:00;MP2;Nat. Eingang;2889789T;NV AS Transporte;2;5;824.0;
2026-02-11;00:00;MP2;Nat. Eingang;2889793T;NV VP Logistik;4;7;2561.0;
2026-02-11;00:00;MP2;Nat. Eingang;2889795T;NV VP Logistik;2;2;130.0;
2026-02-11;00:00;MP2;Nat. Eingang;2889798T;NV Tiroch;7;80;8395.0;
2026-02-11;00:00;MP2;Nat. Eingang;2889802T;NV Tiroch;7;13;3745.0;
2026-02-11;00:00;MP2;Nat. Eingang;2889841T;Sonderfahrten;4;4;374.0;
2026-02-11;00:00;MP2;Nat. Eingang;2889977T;NV DS Transporte;2;2;99.0;
2026-02-11;00:00;MP2;Nat. Eingang;2889985T;NV DS Transporte;2;2;106.0;
2026-02-11;00:00;MP2;Nat. Eingang;2889989T;NV DS Transporte;1;1;153.0;
2026-02-11;00:00;MP2;Nat. Eingang;2890049T;WAB NV - Abholer;15;34;3669.8;
2026-02-11;00:00;MP4;Nat. Ausgang;;;18;148;26112.6;
2026-02-11;00:00;MP4;Nat. Ausgang;2877587T;Linien International;1;2;48.0;
2026-02-11;00:00;MP4;Nat. Ausgang;2885291T;Linien International;1;10;510.0;
2026-02-11;00:00;MP4;Nat. Ausgang;2885319T;Linien Südwest;1;3;56.0;
2026-02-11;00:00;MP4;Nat. Ausgang;2886056T;WAB NV - großer NV;5;13;1442.0;
2026-02-11;00:00;MP4;Nat. Ausgang;2886958T;Linien Südwest;1;2;127.2;
2026-02-11;00:00;MP4;Nat. Ausgang;2886997T;Linien Süd;1;2;160.0;
2026-02-11;00:00;MP4;Nat. Ausgang;2887134T;Linien Nord;1;2;603.2;
2026-02-11;00:00;MP4;Nat. Ausgang;2887781T;Linien International;12;31;4568.8;
2026-02-11;00:00;MP4;Nat. Ausgang;2887783T;Linien International;25;43;8531.3;
2026-02-11;00:00;MP4;Nat. Ausgang;2887785T;Linien International;6;32;9708.5;
2026-02-11;00:00;MP4;Nat. Ausgang;2887789T;Linien International;20;159;23256.6;
2026-02-11;00:00;MP4;Nat. Ausgang;2887791T;Linien Mitte;4;55;7995.0;
2026-02-11;00:00;MP4;Nat. Ausgang;2887793T;Linien Süd;15;459;6587.1;
2026-02-11;00:00;MP4;Nat. Ausgang;2887795T;Linien Süd;14;29;3938.0;
2026-02-11;00:00;MP4;Nat. Ausgang;2887797T;Linien Süd;38;121;36084.8;
2026-02-11;00:00;MP4;Nat. Ausgang;2887801T;Linien Süd;24;101;21740.1;
2026-02-11;00:00;MP4;Nat. Ausgang;2887805T;Linien Süd;37;126;30225.7;
2026-02-11;00:00;MP4;Nat. Ausgang;2887807T;Linien Süd;13;36;6148.4;
2026-02-11;00:00;MP4;Nat. Ausgang;2887809T;Linien Südwest;29;61;9117.2;
2026-02-11;00:00;MP4;Nat. Ausgang;2887871T;Fernverkehr AS;21;286;15750.9;
2026-02-11;00:00;MP4;Nat. Ausgang;2887875T;Fernverkehr AS;19;28;3845.5;
2026-02-11;00:00;MP4;Nat. Ausgang;2888205T;Linien Ruhr;32;119;31946.8;
2026-02-11;00:00;MP4;Nat. Ausgang;2888209T;Linien Ruhr;35;98;22343.1;
2026-02-11;00:00;MP4;Nat. Ausgang;2888213T;Linien Ruhr;34;142;24262.8;
2026-02-11;00:00;MP4;Nat. Ausgang;2888217T;Linien Mitte;32;249;61833.5;
2026-02-11;00:00;MP4;Nat. Ausgang;2888221T;Linien Mitte;23;53;10116.1;
2026-02-11;00:00;MP4;Nat. Ausgang;2888223T;Linien Ost;24;172;66323.0;
2026-02-11;00:00;MP4;Nat. Ausgang;2888227T;Linien Südwest;42;95;16661.5;
2026-02-11;00:00;MP4;Nat. Ausgang;2888231T;Linien Südwest;34;152;38333.8;
2026-02-11;00:00;MP4;Nat. Ausgang;2888235T;Linien Süd;40;289;41760.8;
2026-02-11;00:00;MP4;Nat. Ausgang;2888239T;Linien Süd;37;87;13199.8;
2026-02-11;00:00;MP4;Nat. Ausgang;2888243T;Linien Süd;43;70;13023.0;
2026-02-11;00:00;MP4;Nat. Ausgang;2888247T;Linien Ost;25;105;28048.9;
2026-02-11;00:00;MP4;Nat. Ausgang;2888253T;Linien Süd;22;96;7769.7;
2026-02-11;00:00;MP4;Nat. Ausgang;2888257T;Linien Mitte;33;103;13827.1;
2026-02-11;00:00;MP4;Nat. Ausgang;2888261T;Linien Mitte;11;22;4035.0;
2026-02-11;00:00;MP4;Nat. Ausgang;2888266T;Linien Süd;25;86;12020.0;
2026-02-11;00:00;MP4;Nat. Ausgang;2888268T;Linien Südwest;49;158;32860.2;
2026-02-11;00:00;MP4;Nat. Ausgang;2888272T;Linien International;20;41;4404.6;
2026-02-11;00:00;MP4;Nat. Ausgang;2888276T;Linien Ost;23;435;58935.8;
2026-02-11;00:00;MP4;Nat. Ausgang;2888393T;Linien International;41;136;27449.2;
2026-02-11;00:00;MP4;Nat. Ausgang;2888395T;Linien International;4;4;745.8;
2026-02-11;00:00;MP4;Nat. Ausgang;2888399T;Linien International;3;27;3342.0;
2026-02-11;00:00;MP4;Nat. Ausgang;2888401T;Linien International;6;41;5671.4;
2026-02-11;00:00;MP4;Nat. Ausgang;2888403T;Linien Nord;35;64;12565.2;
2026-02-11;00:00;MP4;Nat. Ausgang;2888407T;Linien Nord;12;39;1956.9;
2026-02-11;00:00;MP4;Nat. Ausgang;2888409T;Linien Süd;37;104;22287.1;
2026-02-11;00:00;MP4;Nat. Ausgang;2888413T;Linien Süd;5;5;1135.2;
2026-02-11;00:00;MP4;Nat. Ausgang;2888415T;Linien Süd;22;77;15589.3;
2026-02-11;00:00;MP4;Nat. Ausgang;2888419T;Linien Süd;10;24;7290.6;
2026-02-11;00:00;MP4;Nat. Ausgang;2888426T;Linien Mitte;34;197;39160.6;
2026-02-11;00:00;MP4;Nat. Ausgang;2888458T;Linien Nord;19;28;2863.3;
2026-02-11;00:00;MP4;Nat. Ausgang;2888462T;Linien Mitte;30;149;29283.0;
2026-02-11;00:00;MP4;Nat. Ausgang;2888466T;Linien Süd;20;53;13843.6;
2026-02-11;00:00;MP4;Nat. Ausgang;2888470T;Linien Süd;5;40;4598.8;
2026-02-11;00:00;MP4;Nat. Ausgang;2888474T;Linien Süd;4;7;919.1;
2026-02-11;00:00;MP4;Nat. Ausgang;2888849T;Fernverkehr AS;4;12;676.9;
2026-02-11;00:00;MP4;Nat. Ausgang;2889101T;Linien Südwest;5;5;791.0;
2026-02-11;00:00;MP4;Nat. Ausgang;2889105T;Linien Ruhr;35;167;30461.2;
2026-02-11;00:00;MP4;Nat. Ausgang;2889160T;Fernverkehr AS;10;40;10740.7;
2026-02-11;00:00;MP4;Nat. Ausgang;2889494T;Linien Ruhr;5;28;9431.4;
2026-02-11;00:00;MP4;Nat. Ausgang;2889498T;Linien Ruhr;14;41;13736.0;
2026-02-11;00:00;MP4;Nat. Ausgang;2889502T;Linien Ruhr;8;70;15250.6;
2026-02-11;00:00;MP4;Nat. Ausgang;2889546T;Linien Mitte;18;32;4091.7;
2026-02-11;00:00;MP4;Nat. Ausgang;2889565T;Linien Ost;8;66;14943.5;
2026-02-11;00:00;MP4;Nat. Ausgang;2889747T;Linien Nord;18;45;17071.7;
2026-02-11;00:00;MP4;Nat. Ausgang;2889751T;Linien Mitte;7;15;1888.6;
2026-02-11;00:00;MP4;Nat. Ausgang;2889759T;Linien Süd;13;16;1742.9;
2026-02-11;00:00;MP4;Nat. Ausgang;2889824T;Linien Südwest;24;55;13281.6;
2026-02-11;00:00;MP4;Nat. Ausgang;2889869T;Linien Ruhr;23;292;101897.2;
2026-02-11;00:00;MP4;Nat. Ausgang;2889925T;Linien Mitte;44;212;36035.1;
2026-02-11;00:00;MP4;Nat. Ausgang;2890072T;Fallback;3;3;441.0;
2026-02-11;00:00;MP4;Nat. Ausgang;2891192T;Linien International;13;52;9766.7;
2026-02-11;00:00;MP4a;Sonderausgang;2875736T;NV Ciortan;1;1;190.0;
2026-02-11;00:00;MP4a;Sonderausgang;2878652T;NV DS Transporte;1;1;74.0;
2026-02-11;00:00;MP4a;Sonderausgang;2880321T;WAB NV - großer NV;1;16;2388.0;
2026-02-11;00:00;MP4a;Sonderausgang;2882080T;NV LT Trans;1;1;1.6;
2026-02-11;00:00;MP4a;Sonderausgang;2882496T;Fallback;1;1;346.0;
2026-02-11;00:00;MP4a;Sonderausgang;2882970T;WAB NV - großer NV;1;1;22.0;
2026-02-11;00:00;MP4a;Sonderausgang;2883022T;WAB NV - großer NV;1;3;1894.0;
2026-02-11;00:00;MP4a;Sonderausgang;2883375T;NV Silagi;1;2;365.0;
2026-02-11;00:00;MP4a;Sonderausgang;2883695T;NV Tuncay;1;1;126.0;
2026-02-11;00:00;MP4a;Sonderausgang;2884669T;NV Yeritsyan;1;1;60.0;
2026-02-11;00:00;MP4a;Sonderausgang;2884885T;Direkt ab Gersthofen;3;121;30350.0;
2026-02-11;00:00;MP4a;Sonderausgang;2885065T;NV DS Transporte;1;36;7890.0;
2026-02-11;00:00;MP4a;Sonderausgang;2885072T;Fallback;1;1;1.0;
2026-02-11;00:00;MP4a;Sonderausgang;2885116T;NV AS Transporte;1;1;177.0;
2026-02-11;00:00;MP4a;Sonderausgang;2885649T;WAB NV - großer NV;1;1;145.0;
2026-02-11;00:00;MP4a;Sonderausgang;2885774T;NV Yeritsyan;1;3;210.0;
2026-02-11;00:00;MP4a;Sonderausgang;2886293T;Fallback;1;1;1.0;
2026-02-11;00:00;MP4a;Sonderausgang;2887538T;NV DS Transporte;1;1;30.0;
2026-02-11;00:00;MP4a;Sonderausgang;2887540T;NV Fischer;1;4;482.0;
2026-02-11;00:00;MP4a;Sonderausgang;2887541T;NV Fischer;2;5;625.0;
2026-02-11;00:00;MP4a;Sonderausgang;2887546T;NV Strauss;1;1;114.0;
2026-02-11;00:00;MP4a;Sonderausgang;2887555T;NV Strauss;4;13;1367.0;
2026-02-11;00:00;MP4a;Sonderausgang;2887556T;NV DS Transporte;1;36;7890.0;
2026-02-11;00:00;MP4a;Sonderausgang;2887558T;NV AS Transporte;1;1;310.0;
2026-02-11;00:00;MP4a;Sonderausgang;2887559T;NV AS Transporte;5;13;4725.0;
2026-02-11;00:00;MP4a;Sonderausgang;2887562T;NV Fischer;2;2;873.0;
2026-02-11;00:00;MP4a;Sonderausgang;2887565T;Fallback;1;1;100.0;
2026-02-11;00:00;MP4a;Sonderausgang;2887586T;NV Strauss;1;2;178.0;
2026-02-11;00:00;MP4a;Sonderausgang;2887587T;NV Strauss;1;1;105.4;
2026-02-11;00:00;MP4a;Sonderausgang;2887588T;NV DS Transporte;1;1;32.0;
2026-02-11;00:00;MP4a;Sonderausgang;2887589T;NV DS Transporte;1;1;631.3;
2026-02-11;00:00;MP4a;Sonderausgang;2887590T;NV DS Transporte;1;1;200.0;
2026-02-11;00:00;MP4a;Sonderausgang;2887591T;NV DS Transporte;1;1;118.0;
2026-02-11;00:00;MP4a;Sonderausgang;2887594T;NV DS Transporte;1;1;43.0;
2026-02-11;00:00;MP4a;Sonderausgang;2887595T;NV Ciortan;1;1;140.0;
2026-02-11;00:00;MP4a;Sonderausgang;2887606T;NV DS Transporte;1;1;150.0;
2026-02-11;00:00;MP4a;Sonderausgang;2887607T;NV AS Transporte;3;18;885.0;
2026-02-11;00:00;MP4a;Sonderausgang;2887610T;NV Ciortan;2;2;402.5;
2026-02-11;00:00;MP4a;Sonderausgang;2887614T;NV AS Transporte;3;3;645.6;
2026-02-11;00:00;MP4a;Sonderausgang;2887619T;NV Tiroch;1;1;140.0;
2026-02-11;00:00;MP4a;Sonderausgang;2887621T;NV Tiroch;18;78;1320.0;
2026-02-11;00:00;MP4a;Sonderausgang;2887624T;NV Tiroch;1;1;162.0;
2026-02-11;00:00;MP4a;Sonderausgang;2887625T;NV Tiroch;2;2;166.4;
2026-02-11;00:00;MP4a;Sonderausgang;2887629T;NV AS Transporte;1;4;1528.0;
2026-02-11;00:00;MP4a;Sonderausgang;2887630T;NV AS Transporte;1;1;312.0;
2026-02-11;00:00;MP4a;Sonderausgang;2887637T;NV AS Transporte;2;2;1173.7;
2026-02-11;00:00;MP4a;Sonderausgang;2887647T;NV Alexandru;1;1;250.0;
2026-02-11;00:00;MP4a;Sonderausgang;2887652T;Sonderfahrten;1;4;46.0;
2026-02-11;00:00;MP4a;Sonderausgang;2887659T;NV AS Transporte;1;1;66.0;
2026-02-11;00:00;MP4a;Sonderausgang;2887660T;NV Bogos Transporte;3;11;1978.0;
2026-02-11;00:00;MP4a;Sonderausgang;2887662T;NV Bogos Transporte;3;11;1909.0;
2026-02-11;00:00;MP4a;Sonderausgang;2887664T;NV Bogos Transporte;2;2;219.0;
2026-02-11;00:00;MP4a;Sonderausgang;2887666T;NV VP Logistik;2;2;385.9;
2026-02-11;00:00;MP4a;Sonderausgang;2887667T;NV VP Logistik;4;28;920.0;
2026-02-11;00:00;MP4a;Sonderausgang;2887669T;NV VP Logistik;1;9;1899.0;
2026-02-11;00:00;MP4a;Sonderausgang;2887672T;NV Tuncay;1;1;46.0;
2026-02-11;00:00;MP4a;Sonderausgang;2887674T;NV Tuncay;2;10;1614.0;
2026-02-11;00:00;MP4a;Sonderausgang;2887675T;NV Guth;1;9;1488.0;
2026-02-11;00:00;MP4a;Sonderausgang;2887677T;NV Guth;1;9;1320.0;
2026-02-11;00:00;MP4a;Sonderausgang;2887678T;NV VP Logistik;1;1;31.0;
2026-02-11;00:00;MP4a;Sonderausgang;2887911T;NV AS Transporte;2;2;343.9;
2026-02-11;00:00;MP4a;Sonderausgang;2887917T;NV Ciortan;3;6;2110.0;
2026-02-11;00:00;MP4a;Sonderausgang;2887922T;WAB NV - großer NV;1;4;800.0;
2026-02-11;00:00;MP4a;Sonderausgang;2887954T;WAB NV - großer NV;1;36;8850.0;
2026-02-11;00:00;MP4a;Sonderausgang;2887964T;WAB NV - großer NV;2;13;7690.0;
2026-02-11;00:00;MP4a;Sonderausgang;2887976T;WAB NV - großer NV;1;1;110.3;
2026-02-11;00:00;MP4a;Sonderausgang;2887986T;WAB NV - großer NV;2;104;9110.0;
2026-02-11;00:00;MP4a;Sonderausgang;2887996T;WAB NV - großer NV;17;18;2999.0;
2026-02-11;00:00;MP4a;Sonderausgang;2888026T;WAB NV - großer NV;1;49;6370.0;
2026-02-11;00:00;MP4a;Sonderausgang;2888060T;WAB NV - großer NV;1;4;4900.0;
2026-02-11;00:00;MP4a;Sonderausgang;2888080T;WAB NV - großer NV;2;40;6823.9;
2026-02-11;00:00;MP4a;Sonderausgang;2888090T;WAB NV - großer NV;1;1;61.0;
2026-02-11;00:00;MP4a;Sonderausgang;2888164T;WAB NV - großer NV;3;35;5446.2;
2026-02-11;00:00;MP4a;Sonderausgang;2888184T;WAB NV - großer NV;4;31;5630.0;
2026-02-11;00:00;MP4a;Sonderausgang;2888263T;NV Yeritsyan;1;1;70.0;
2026-02-11;00:00;MP4a;Sonderausgang;2888384T;WAB NV - großer NV;4;42;27849.4;
2026-02-11;00:00;MP4a;Sonderausgang;2888421T;NV AS Transporte;1;4;3476.0;
2026-02-11;00:00;MP4a;Sonderausgang;2888423T;NV Yeritsyan;1;1;60.0;
2026-02-11;00:00;MP4a;Sonderausgang;2888431T;NV Yeritsyan;2;2;292.0;
2026-02-11;00:00;MP4a;Sonderausgang;2888436T;NV LT Trans;1;1;217.0;
2026-02-11;00:00;MP4a;Sonderausgang;2888439T;NV LT Trans;1;1;205.0;
2026-02-11;00:00;MP4a;Sonderausgang;2888440T;NV LT Trans;2;402;2120.0;
2026-02-11;00:00;MP4a;Sonderausgang;2888442T;NV Silagi;2;17;451.1;
2026-02-11;00:00;MP4a;Sonderausgang;2888444T;Sonderfahrten;3;3;58.2;
2026-02-11;00:00;MP4a;Sonderausgang;2888445T;Sonderfahrten;1;1;282.0;
2026-02-11;00:00;MP4a;Sonderausgang;2888498T;NV Silagi;1;1;150.0;
2026-02-11;00:00;MP4a;Sonderausgang;2889552T;NV Yeritsyan;1;1;145.0;
2026-02-11;00:00;MP4a;Sonderausgang;2889579T;WAB NV - großer NV;2;2;39.0;
2026-02-11;00:00;MP4a;Sonderausgang;2889790T;NV Ciortan;2;2;376.0;
2026-02-11;00:00;MP4a;Sonderausgang;2889792T;NV Fischer;1;1;60.0;
2026-02-11;00:00;MP4a;Sonderausgang;2889798T;NV Tiroch;1;1;210.0;
2026-02-11;00:00;MP4a;Sonderausgang;2889799T;NV Tiroch;3;19;2948.0;
2026-02-11;00:00;MP4a;Sonderausgang;2889800T;NV Tiroch;3;9;200.0;
2026-02-11;00:00;MP4a;Sonderausgang;2889802T;NV Tiroch;1;4;440.0;
2026-02-11;00:00;MP4a;Sonderausgang;2889860T;WAB NV - großer NV;1;25;11900.0;
2026-02-11;00:00;MP4a;Sonderausgang;2889879T;WAB NV - großer NV;1;1;125.2;
2026-02-11;00:00;MP4a;Sonderausgang;2889886T;WAB NV - großer NV;1;1;1060.0;
2026-02-11;00:00;MP4a;Sonderausgang;2889935T;WAB NV - großer NV;6;72;16940.0;
2026-02-11;00:00;MP4a;Sonderausgang;2889942T;WAB NV - großer NV;6;33;6830.4;
2026-02-11;00:00;MP4a;Sonderausgang;2890018T;WAB NV - großer NV;4;54;5759.2;
2026-02-11;00:00;MP4a;Sonderausgang;2891070T;NV Tiroch;1;1;93.3;
2026-02-11;00:00;MP4a;Sonderausgang;2892137T;WAB NV - großer NV;1;1;575.0;
2026-02-11;00:00;MP5;SE Entladung FV;;;2094;9779;1988756.2;
2026-02-11;00:00;MP7;SA Verladung FV;;;2;5;87.0;
2026-02-11;00:00;MP7;SA Verladung FV;2886056T;WAB NV - großer NV;6;6;4.2;
2026-02-11;00:00;MP7;SA Verladung FV;2886737T;WAB NV - großer NV;1;4;2248.0;
2026-02-11;00:00;MP7;SA Verladung FV;2887537T;NV DS Transporte;12;26;4827.6;
2026-02-11;00:00;MP7;SA Verladung FV;2887538T;NV DS Transporte;4;15;1524.0;
2026-02-11;00:00;MP7;SA Verladung FV;2887539T;NV Fischer;17;38;3277.0;
2026-02-11;00:00;MP7;SA Verladung FV;2887540T;NV Fischer;12;48;4679.8;
2026-02-11;00:00;MP7;SA Verladung FV;2887541T;NV Fischer;15;53;2717.9;
2026-02-11;00:00;MP7;SA Verladung FV;2887542T;NV Fischer;4;27;6850.0;
2026-02-11;00:00;MP7;SA Verladung FV;2887543T;NV Fischer;13;65;6218.0;
2026-02-11;00:00;MP7;SA Verladung FV;2887544T;NV DS Transporte;6;52;10913.0;
2026-02-11;00:00;MP7;SA Verladung FV;2887545T;NV DS Transporte;6;9;759.0;
2026-02-11;00:00;MP7;SA Verladung FV;2887546T;NV Strauss;9;17;3182.0;
2026-02-11;00:00;MP7;SA Verladung FV;2887547T;NV Strauss;10;37;5991.0;
2026-02-11;00:00;MP7;SA Verladung FV;2887548T;NV Strauss;6;88;14800.6;
2026-02-11;00:00;MP7;SA Verladung FV;2887549T;NV Strauss;11;37;5486.5;
2026-02-11;00:00;MP7;SA Verladung FV;2887550T;NV Strauss;12;58;547.0;
2026-02-11;00:00;MP7;SA Verladung FV;2887551T;NV Strauss;4;7;531.0;
2026-02-11;00:00;MP7;SA Verladung FV;2887554T;NV Strauss;11;29;5343.0;
2026-02-11;00:00;MP7;SA Verladung FV;2887555T;NV Strauss;6;14;3704.0;
2026-02-11;00:00;MP7;SA Verladung FV;2887556T;NV DS Transporte;8;32;2900.6;
2026-02-11;00:00;MP7;SA Verladung FV;2887557T;NV DS Transporte;12;239;13790.0;
2026-02-11;00:00;MP7;SA Verladung FV;2887558T;NV AS Transporte;13;30;7451.2;
2026-02-11;00:00;MP7;SA Verladung FV;2887559T;NV AS Transporte;9;20;1163.8;
2026-02-11;00:00;MP7;SA Verladung FV;2887562T;NV Fischer;13;16;3903.4;
2026-02-11;00:00;MP7;SA Verladung FV;2887584T;NV DS Transporte;12;38;6787.0;
2026-02-11;00:00;MP7;SA Verladung FV;2887585T;NV DS Transporte;10;47;9892.9;
2026-02-11;00:00;MP7;SA Verladung FV;2887586T;NV Strauss;14;17;2109.0;
2026-02-11;00:00;MP7;SA Verladung FV;2887587T;NV Strauss;7;15;7109.0;
2026-02-11;00:00;MP7;SA Verladung FV;2887588T;NV DS Transporte;11;17;667.0;
2026-02-11;00:00;MP7;SA Verladung FV;2887589T;NV DS Transporte;7;36;11913.0;
2026-02-11;00:00;MP7;SA Verladung FV;2887590T;NV DS Transporte;10;37;4150.6;
2026-02-11;00:00;MP7;SA Verladung FV;2887591T;NV DS Transporte;12;18;2712.0;
2026-02-11;00:00;MP7;SA Verladung FV;2887592T;NV DS Transporte;11;406;13918.0;
2026-02-11;00:00;MP7;SA Verladung FV;2887593T;NV Ciortan;12;138;10086.3;
2026-02-11;00:00;MP7;SA Verladung FV;2887594T;NV DS Transporte;12;18;581.0;
2026-02-11;00:00;MP7;SA Verladung FV;2887595T;NV Ciortan;13;34;4677.0;
2026-02-11;00:00;MP7;SA Verladung FV;2887598T;NV Ciortan;16;41;1448.9;
2026-02-11;00:00;MP7;SA Verladung FV;2887599T;NV AS Transporte;18;41;4140.0;
2026-02-11;00:00;MP7;SA Verladung FV;2887600T;NV AS Transporte;14;28;3498.0;
2026-02-11;00:00;MP7;SA Verladung FV;2887604T;NV DS Transporte;12;30;4990.8;
2026-02-11;00:00;MP7;SA Verladung FV;2887605T;NV DS Transporte;10;24;8178.0;
2026-02-11;00:00;MP7;SA Verladung FV;2887606T;NV DS Transporte;6;57;1531.0;
2026-02-11;00:00;MP7;SA Verladung FV;2887607T;NV AS Transporte;14;23;7649.8;
2026-02-11;00:00;MP7;SA Verladung FV;2887610T;NV Ciortan;17;31;5457.9;
2026-02-11;00:00;MP7;SA Verladung FV;2887612T;NV AS Transporte;17;35;5510.0;
2026-02-11;00:00;MP7;SA Verladung FV;2887614T;NV AS Transporte;8;14;4324.8;
2026-02-11;00:00;MP7;SA Verladung FV;2887618T;NV Tiroch;4;12;2341.0;
2026-02-11;00:00;MP7;SA Verladung FV;2887619T;NV Tiroch;13;43;3637.0;
2026-02-11;00:00;MP7;SA Verladung FV;2887620T;NV Tiroch;12;47;7800.8;
2026-02-11;00:00;MP7;SA Verladung FV;2887621T;NV Tiroch;1;4;1184.0;
2026-02-11;00:00;MP7;SA Verladung FV;2887624T;NV Tiroch;12;29;5207.6;
2026-02-11;00:00;MP7;SA Verladung FV;2887625T;NV Tiroch;11;17;3227.4;
2026-02-11;00:00;MP7;SA Verladung FV;2887630T;NV AS Transporte;15;50;3710.7;
2026-02-11;00:00;MP7;SA Verladung FV;2887634T;DM AS-Transport;12;150;22284.0;
2026-02-11;00:00;MP7;SA Verladung FV;2887637T;NV AS Transporte;13;21;5908.7;
2026-02-11;00:00;MP7;SA Verladung FV;2887647T;NV Alexandru;12;23;5023.0;
2026-02-11;00:00;MP7;SA Verladung FV;2887649T;NV Strauss;10;13;1449.0;
2026-02-11;00:00;MP7;SA Verladung FV;2887650T;NV Strauss;6;108;9357.0;
2026-02-11;00:00;MP7;SA Verladung FV;2887652T;Sonderfahrten;16;54;1497.0;
2026-02-11;00:00;MP7;SA Verladung FV;2887654T;DM AS-Transport;12;92;13781.0;
2026-02-11;00:00;MP7;SA Verladung FV;2887655T;DM AS-Transport;10;97;13944.0;
2026-02-11;00:00;MP7;SA Verladung FV;2887656T;DM AS-Transport;7;133;8962.0;
2026-02-11;00:00;MP7;SA Verladung FV;2887657T;DM AS-Transport;10;75;19073.0;
2026-02-11;00:00;MP7;SA Verladung FV;2887659T;NV AS Transporte;14;53;2978.5;
2026-02-11;00:00;MP7;SA Verladung FV;2887660T;NV Bogos Transporte;12;47;2342.3;
2026-02-11;00:00;MP7;SA Verladung FV;2887662T;NV Bogos Transporte;11;25;1991.0;
2026-02-11;00:00;MP7;SA Verladung FV;2887664T;NV Bogos Transporte;12;33;3836.8;
2026-02-11;00:00;MP7;SA Verladung FV;2887665T;NV VP Logistik;11;19;2134.0;
2026-02-11;00:00;MP7;SA Verladung FV;2887666T;NV VP Logistik;10;36;6776.0;
2026-02-11;00:00;MP7;SA Verladung FV;2887667T;NV VP Logistik;10;25;5500.0;
2026-02-11;00:00;MP7;SA Verladung FV;2887669T;NV VP Logistik;3;9;4164.0;
2026-02-11;00:00;MP7;SA Verladung FV;2887672T;NV Tuncay;11;17;2204.0;
2026-02-11;00:00;MP7;SA Verladung FV;2887673T;NV Tuncay;16;36;3508.0;
2026-02-11;00:00;MP7;SA Verladung FV;2887674T;NV Tuncay;9;57;2172.0;
2026-02-11;00:00;MP7;SA Verladung FV;2887675T;NV Guth;11;25;4602.0;
2026-02-11;00:00;MP7;SA Verladung FV;2887676T;NV Guth;8;53;6196.0;
2026-02-11;00:00;MP7;SA Verladung FV;2887677T;NV Guth;12;18;2639.0;
2026-02-11;00:00;MP7;SA Verladung FV;2887678T;NV VP Logistik;14;21;5572.6;
2026-02-11;00:00;MP7;SA Verladung FV;2887679T;Sonderfahrten;10;11;1172.0;
2026-02-11;00:00;MP7;SA Verladung FV;2887680T;NV Silagi;10;21;1673.1;
2026-02-11;00:00;MP7;SA Verladung FV;2887839T;DM AS-Transport;18;162;33920.0;
2026-02-11;00:00;MP7;SA Verladung FV;2887841T;DM AS-Transport;12;153;15055.0;
2026-02-11;00:00;MP7;SA Verladung FV;2887843T;DM AS-Transport;23;368;34907.0;
2026-02-11;00:00;MP7;SA Verladung FV;2887845T;DM AS-Transport;15;142;28783.0;
2026-02-11;00:00;MP7;SA Verladung FV;2887851T;DM AS-Transport;19;395;51194.0;
2026-02-11;00:00;MP7;SA Verladung FV;2887853T;DM AS-Transport;10;120;20457.0;
2026-02-11;00:00;MP7;SA Verladung FV;2887855T;DM AS-Transport;18;220;30250.0;
2026-02-11;00:00;MP7;SA Verladung FV;2887857T;DM AS-Transport;11;148;21048.0;
2026-02-11;00:00;MP7;SA Verladung FV;2887910T;WAB NV - großer NV;4;19;4336.0;
2026-02-11;00:00;MP7;SA Verladung FV;2887911T;NV AS Transporte;21;69;3727.6;
2026-02-11;00:00;MP7;SA Verladung FV;2887913T;NV AS Transporte;23;183;15705.9;
2026-02-11;00:00;MP7;SA Verladung FV;2887915T;NV Ciortan;25;110;15147.0;
2026-02-11;00:00;MP7;SA Verladung FV;2887917T;NV Ciortan;19;116;20177.0;
2026-02-11;00:00;MP7;SA Verladung FV;2887919T;NV AS Transporte;15;46;9670.1;
2026-02-11;00:00;MP7;SA Verladung FV;2887922T;WAB NV - großer NV;9;15;4948.0;
2026-02-11;00:00;MP7;SA Verladung FV;2887954T;WAB NV - großer NV;8;359;46090.0;
2026-02-11;00:00;MP7;SA Verladung FV;2887964T;WAB NV - großer NV;7;100;23152.0;
2026-02-11;00:00;MP7;SA Verladung FV;2887976T;WAB NV - großer NV;7;153;29421.0;
2026-02-11;00:00;MP7;SA Verladung FV;2887986T;WAB NV - großer NV;8;70;10787.0;
2026-02-11;00:00;MP7;SA Verladung FV;2887996T;WAB NV - großer NV;4;34;19915.0;
2026-02-11;00:00;MP7;SA Verladung FV;2888006T;WAB NV - großer NV;21;100;32949.0;
2026-02-11;00:00;MP7;SA Verladung FV;2888012T;WAB NV - großer NV;4;66;23831.0;
2026-02-11;00:00;MP7;SA Verladung FV;2888026T;WAB NV - großer NV;10;45;18432.3;
2026-02-11;00:00;MP7;SA Verladung FV;2888040T;WAB NV - großer NV;4;80;18464.0;
2026-02-11;00:00;MP7;SA Verladung FV;2888060T;WAB NV - großer NV;5;32;7310.8;
2026-02-11;00:00;MP7;SA Verladung FV;2888080T;WAB NV - großer NV;13;77;13564.0;
2026-02-11;00:00;MP7;SA Verladung FV;2888090T;WAB NV - großer NV;20;301;16864.0;
2026-02-11;00:00;MP7;SA Verladung FV;2888092T;WAB NV - großer NV;3;46;39313.0;
2026-02-11;00:00;MP7;SA Verladung FV;2888110T;WAB NV - großer NV;7;120;46930.0;
2026-02-11;00:00;MP7;SA Verladung FV;2888114T;WAB NV - großer NV;14;112;58302.8;
2026-02-11;00:00;MP7;SA Verladung FV;2888138T;WAB NV - großer NV;8;50;23439.0;
2026-02-11;00:00;MP7;SA Verladung FV;2888154T;WAB NV - großer NV;15;250;49691.5;
2026-02-11;00:00;MP7;SA Verladung FV;2888164T;WAB NV - großer NV;10;113;41735.0;
2026-02-11;00:00;MP7;SA Verladung FV;2888184T;WAB NV - großer NV;7;52;18000.0;
2026-02-11;00:00;MP7;SA Verladung FV;2888194T;WAB NV - großer NV;1;64;70432.0;
2026-02-11;00:00;MP7;SA Verladung FV;2888204T;Sonderfahrten;5;11;301.0;
2026-02-11;00:00;MP7;SA Verladung FV;2888251T;NV Ciortan;15;18;2228.0;
2026-02-11;00:00;MP7;SA Verladung FV;2888263T;NV Yeritsyan;12;24;3147.0;
2026-02-11;00:00;MP7;SA Verladung FV;2888265T;NV Yeritsyan;16;25;4349.0;
2026-02-11;00:00;MP7;SA Verladung FV;2888290T;WAB NV - großer NV;2;106;13938.0;
2026-02-11;00:00;MP7;SA Verladung FV;2888384T;WAB NV - großer NV;3;453;59364.4;
2026-02-11;00:00;MP7;SA Verladung FV;2888421T;NV AS Transporte;9;113;16690.0;
2026-02-11;00:00;MP7;SA Verladung FV;2888423T;NV Yeritsyan;14;36;6251.4;
2026-02-11;00:00;MP7;SA Verladung FV;2888424T;Sonderfahrten;2;5;666.0;
2026-02-11;00:00;MP7;SA Verladung FV;2888425T;NV VP Logistik;6;9;481.0;
2026-02-11;00:00;MP7;SA Verladung FV;2888430T;NV Yeritsyan;16;33;8179.6;
2026-02-11;00:00;MP7;SA Verladung FV;2888431T;NV Yeritsyan;13;16;2527.0;
2026-02-11;00:00;MP7;SA Verladung FV;2888434T;Sonderfahrten;5;8;1873.3;
2026-02-11;00:00;MP7;SA Verladung FV;2888435T;NV LT Trans;10;13;2868.0;
2026-02-11;00:00;MP7;SA Verladung FV;2888436T;NV LT Trans;6;21;3502.0;
2026-02-11;00:00;MP7;SA Verladung FV;2888437T;Sonderfahrten;7;54;6228.0;
2026-02-11;00:00;MP7;SA Verladung FV;2888438T;NV LT Trans;4;938;9063.0;
2026-02-11;00:00;MP7;SA Verladung FV;2888439T;NV LT Trans;14;99;3785.0;
2026-02-11;00:00;MP7;SA Verladung FV;2888440T;NV LT Trans;16;19;2092.0;
2026-02-11;00:00;MP7;SA Verladung FV;2888442T;NV Silagi;14;51;12499.0;
2026-02-11;00:00;MP7;SA Verladung FV;2888443T;NV Silagi;16;58;10252.0;
2026-02-11;00:00;MP7;SA Verladung FV;2888444T;Sonderfahrten;13;16;818.0;
2026-02-11;00:00;MP7;SA Verladung FV;2888445T;Sonderfahrten;13;32;1855.0;
2026-02-11;00:00;MP7;SA Verladung FV;2888457T;Sonderfahrten;4;23;7800.0;
2026-02-11;00:00;MP7;SA Verladung FV;2888497T;NV Silagi;14;55;17521.6;
2026-02-11;00:00;MP7;SA Verladung FV;2888498T;NV Silagi;15;21;2798.5;
2026-02-11;00:00;MP7;SA Verladung FV;2888499T;Sonderfahrten;5;11;2988.0;
2026-02-11;00:00;MP7;SA Verladung FV;2888832T;NV Fischer;1;6;1054.0;
2026-02-11;00:00;MP7;SA Verladung FV;2888837T;NV Strauss;2;2;280.0;
2026-02-11;00:00;MP7;SA Verladung FV;2888877T;NV DS Transporte;1;1;109.0;
2026-02-11;00:00;MP7;SA Verladung FV;2888879T;NV DS Transporte;1;1;77.0;
2026-02-11;00:00;MP7;SA Verladung FV;2888962T;NV Tuncay;1;1;200.0;
2026-02-11;00:00;MP7;SA Verladung FV;2889221T;WAB NV - großer NV;11;76;20438.0;
2026-02-11;00:00;MP7;SA Verladung FV;2889243T;WAB NV - großer NV;2;26;3476.0;
2026-02-11;00:00;MP7;SA Verladung FV;2889285T;WAB NV - großer NV;1;9;1410.0;
2026-02-11;00:00;MP7;SA Verladung FV;2889301T;WAB NV - großer NV;1;9;5550.0;
2026-02-11;00:00;MP7;SA Verladung FV;2889483T;WAB NV - großer NV;6;21;601.6;
2026-02-11;00:00;MP7;SA Verladung FV;2889540T;NV Ciortan;1;1;140.0;
2026-02-11;00:00;MP7;SA Verladung FV;2889710T;NV AS Transporte;2;8;3430.0;
2026-02-11;00:00;MP7;SA Verladung FV;2889713T;Sonderfahrten;1;1;51.0;
2026-02-11;00:00;MP7;SA Verladung FV;2889734T;Sonderfahrten;1;1;65.0;
2026-02-11;00:00;MP7;SA Verladung FV;2889789T;NV AS Transporte;10;34;1233.0;
2026-02-11;00:00;MP7;SA Verladung FV;2889790T;NV Ciortan;19;25;6395.7;
2026-02-11;00:00;MP7;SA Verladung FV;2889792T;NV Fischer;11;14;3795.0;
2026-02-11;00:00;MP7;SA Verladung FV;2889793T;NV VP Logistik;9;16;4308.0;
2026-02-11;00:00;MP7;SA Verladung FV;2889794T;NV VP Logistik;4;4;246.0;
2026-02-11;00:00;MP7;SA Verladung FV;2889795T;NV VP Logistik;3;18;324.2;
2026-02-11;00:00;MP7;SA Verladung FV;2889796T;NV VP Logistik;8;16;609.4;
2026-02-11;00:00;MP7;SA Verladung FV;2889797T;NV DS Transporte;10;10;967.7;
2026-02-11;00:00;MP7;SA Verladung FV;2889798T;NV Tiroch;12;20;2870.5;
2026-02-11;00:00;MP7;SA Verladung FV;2889799T;NV Tiroch;5;20;5908.9;
2026-02-11;00:00;MP7;SA Verladung FV;2889800T;NV Tiroch;6;9;1554.0;
2026-02-11;00:00;MP7;SA Verladung FV;2889802T;NV Tiroch;9;26;2604.0;
2026-02-11;00:00;MP7;SA Verladung FV;2889803T;NV DS Transporte;7;7;628.0;
2026-02-11;00:00;MP7;SA Verladung FV;2889806T;WAB NV - großer NV;5;68;4123.0;
2026-02-11;00:00;MP7;SA Verladung FV;2889841T;Sonderfahrten;5;8;724.0;
2026-02-11;00:00;MP7;SA Verladung FV;2889842T;Sonderfahrten;2;5;3299.0;
2026-02-11;00:00;MP7;SA Verladung FV;2889865T;WAB NV - großer NV;8;11;3286.0;
2026-02-11;00:00;MP7;SA Verladung FV;2889879T;WAB NV - großer NV;4;171;37940.0;
2026-02-11;00:00;MP7;SA Verladung FV;2889886T;WAB NV - großer NV;10;39;19816.0;
2026-02-11;00:00;MP7;SA Verladung FV;2889935T;WAB NV - großer NV;14;67;11320.0;
2026-02-11;00:00;MP7;SA Verladung FV;2889942T;WAB NV - großer NV;4;25;5866.0;
2026-02-11;00:00;MP7;SA Verladung FV;2890018T;WAB NV - großer NV;3;66;20622.0;
2026-02-11;00:00;MP7;SA Verladung FV;2890231T;NV VP Logistik;1;1;27.0;
2026-02-11;00:00;MP7;SA Verladung FV;2890529T;WAB NV - großer NV;3;51;4517.0;
2026-02-11;00:00;MP7;SA Verladung FV;2890577T;WAB NV - großer NV;2;40;18520.0;
2026-02-11;00:00;MP7;SA Verladung FV;2890605T;WAB NV - großer NV;1;4;716.0;
2026-02-11;00:00;MP7;SA Verladung FV;2890816T;NV Ciortan;1;1;49.0;
2026-02-11;00:00;MP7;SA Verladung FV;2890830T;NV Yeritsyan;1;1;171.0;
2026-02-11;00:00;MP7;SA Verladung FV;2891070T;NV Tiroch;1;1;262.5;
2026-02-11;00:00;MP7;SA Verladung FV;2891077T;NV Ciortan;1;1;124.0;
2026-02-11;00:00;MP7;SA Verladung FV;2891266T;WAB NV - großer NV;1;1;203.0;
2026-02-11;00:00;MP7;SA Verladung FV;2891873T;WAB NV - großer NV;1;55;27500.0;
2026-02-11;00:00;MP7;SA Verladung FV;2892268T;NV AS Transporte;1;1;80.0;
2026-02-11;00:00;MP7;SA Verladung FV;2895222T;NV Strauss;1;1;150.0;
2026-02-11;00:00;MP9a;Sonderscan;;;1;6;1296.0;
2026-02-11;00:00;MP9b;NV Eingang;;;254;948;151575.2;
2026-02-12;00:00;MP2;Nat. Eingang;;;10;154;22211.4;
2026-02-12;00:00;MP2;Nat. Eingang;2887877T;Hofmanagement;2;20;21360.0;
2026-02-12;00:00;MP2;Nat. Eingang;2887966T;WAB NV - Abholer;8;24;4135.0;
2026-02-12;00:00;MP2;Nat. Eingang;2888318T;WAB NV - Abholer;1;12;860.1;
2026-02-12;00:00;MP2;Nat. Eingang;2888345T;WAB NV - Abholer;1;2;122.7;
2026-02-12;00:00;MP2;Nat. Eingang;2888361T;WAB NV - Abholer;1;42;16495.3;
2026-02-12;00:00;MP2;Nat. Eingang;2888365T;WAB NV - Abholer;2;12;5592.4;
2026-02-12;00:00;MP2;Nat. Eingang;2888827T;NV DS Transporte;1;256;10240.0;
2026-02-12;00:00;MP2;Nat. Eingang;2888828T;NV Fischer;9;18;1004.0;
2026-02-12;00:00;MP2;Nat. Eingang;2888830T;NV Fischer;2;21;2905.0;
2026-02-12;00:00;MP2;Nat. Eingang;2888831T;NV Fischer;11;35;2199.1;
2026-02-12;00:00;MP2;Nat. Eingang;2888832T;NV Fischer;5;10;3585.0;
2026-02-12;00:00;MP2;Nat. Eingang;2888833T;NV DS Transporte;7;37;10066.0;
2026-02-12;00:00;MP2;Nat. Eingang;2888835T;NV Strauss;1;4;920.0;
2026-02-12;00:00;MP2;Nat. Eingang;2888836T;NV Strauss;5;5;345.0;
2026-02-12;00:00;MP2;Nat. Eingang;2888837T;NV Strauss;1;1;8.6;
2026-02-12;00:00;MP2;Nat. Eingang;2888838T;NV Strauss;3;21;4137.0;
2026-02-12;00:00;MP2;Nat. Eingang;2888839T;NV Strauss;3;6;81.0;
2026-02-12;00:00;MP2;Nat. Eingang;2888844T;NV Strauss;8;33;11166.0;
2026-02-12;00:00;MP2;Nat. Eingang;2888846T;NV DS Transporte;4;4;913.0;
2026-02-12;00:00;MP2;Nat. Eingang;2888847T;NV AS Transporte;2;2;357.0;
2026-02-12;00:00;MP2;Nat. Eingang;2888848T;NV AS Transporte;3;3;618.0;
2026-02-12;00:00;MP2;Nat. Eingang;2888851T;NV Fischer;1;1;130.0;
2026-02-12;00:00;MP2;Nat. Eingang;2888874T;NV DS Transporte;6;52;9368.0;
2026-02-12;00:00;MP2;Nat. Eingang;2888876T;NV Strauss;4;12;2011.0;
2026-02-12;00:00;MP2;Nat. Eingang;2888877T;NV DS Transporte;1;1;25.0;
2026-02-12;00:00;MP2;Nat. Eingang;2888879T;NV DS Transporte;9;9;1723.0;
2026-02-12;00:00;MP2;Nat. Eingang;2888887T;NV Ciortan;3;11;698.0;
2026-02-12;00:00;MP2;Nat. Eingang;2888888T;NV AS Transporte;2;5;769.0;
2026-02-12;00:00;MP2;Nat. Eingang;2888889T;NV AS Transporte;12;57;13634.0;
2026-02-12;00:00;MP2;Nat. Eingang;2888893T;NV DS Transporte;3;27;3410.0;
2026-02-12;00:00;MP2;Nat. Eingang;2888895T;NV DS Transporte;6;9;650.0;
2026-02-12;00:00;MP2;Nat. Eingang;2888896T;NV AS Transporte;3;4;270.0;
2026-02-12;00:00;MP2;Nat. Eingang;2888901T;NV AS Transporte;3;3;428.0;
2026-02-12;00:00;MP2;Nat. Eingang;2888903T;NV AS Transporte;6;6;2042.0;
2026-02-12;00:00;MP2;Nat. Eingang;2888906T;NV Tiroch;10;12;940.0;
2026-02-12;00:00;MP2;Nat. Eingang;2888908T;NV Tiroch;9;15;3734.0;
2026-02-12;00:00;MP2;Nat. Eingang;2888909T;NV Tiroch;6;32;19739.0;
2026-02-12;00:00;MP2;Nat. Eingang;2888910T;NV Tiroch;5;29;3571.0;
2026-02-12;00:00;MP2;Nat. Eingang;2888913T;NV Tiroch;3;30;6630.0;
2026-02-12;00:00;MP2;Nat. Eingang;2888914T;NV Tiroch;4;12;1477.0;
2026-02-12;00:00;MP2;Nat. Eingang;2888919T;NV AS Transporte;6;6;723.0;
2026-02-12;00:00;MP2;Nat. Eingang;2888926T;NV AS Transporte;7;142;5714.4;
2026-02-12;00:00;MP2;Nat. Eingang;2888936T;NV Alexandru;3;5;498.0;
2026-02-12;00:00;MP2;Nat. Eingang;2888939T;NV Strauss;2;2;220.0;
2026-02-12;00:00;MP2;Nat. Eingang;2888941T;Sonderfahrten;2;2;45.0;
2026-02-12;00:00;MP2;Nat. Eingang;2888948T;NV AS Transporte;4;56;12204.0;
2026-02-12;00:00;MP2;Nat. Eingang;2888949T;NV Bogos Transporte;3;11;1490.9;
2026-02-12;00:00;MP2;Nat. Eingang;2888951T;NV Bogos Transporte;2;2;500.0;
2026-02-12;00:00;MP2;Nat. Eingang;2888953T;NV Bogos Transporte;7;10;817.0;
2026-02-12;00:00;MP2;Nat. Eingang;2888954T;NV VP Logistik;2;2;87.0;
2026-02-12;00:00;MP2;Nat. Eingang;2888955T;NV VP Logistik;3;6;2023.0;
2026-02-12;00:00;MP2;Nat. Eingang;2888956T;NV VP Logistik;7;10;1653.0;
2026-02-12;00:00;MP2;Nat. Eingang;2888962T;NV Tuncay;3;3;809.0;
2026-02-12;00:00;MP2;Nat. Eingang;2888963T;NV Tuncay;1;1;80.0;
2026-02-12;00:00;MP2;Nat. Eingang;2888964T;NV Guth;3;11;2574.0;
2026-02-12;00:00;MP2;Nat. Eingang;2888965T;NV Guth;1;1;15.0;
2026-02-12;00:00;MP2;Nat. Eingang;2888967T;NV VP Logistik;2;2;750.0;
2026-02-12;00:00;MP2;Nat. Eingang;2888969T;NV Silagi;2;2;89.0;
2026-02-12;00:00;MP2;Nat. Eingang;2889170T;Hofmanagement;11;45;9585.8;
2026-02-12;00:00;MP2;Nat. Eingang;2889204T;NV AS Transporte;6;9;1796.0;
2026-02-12;00:00;MP2;Nat. Eingang;2889206T;NV AS Transporte;13;22;3584.0;
2026-02-12;00:00;MP2;Nat. Eingang;2889208T;NV Ciortan;3;3;760.0;
2026-02-12;00:00;MP2;Nat. Eingang;2889212T;NV AS Transporte;3;3;157.5;
2026-02-12;00:00;MP2;Nat. Eingang;2889217T;WAB NV - Abholer;4;54;3838.0;
2026-02-12;00:00;MP2;Nat. Eingang;2889223T;WAB NV - Abholer;17;73;5431.0;
2026-02-12;00:00;MP2;Nat. Eingang;2889227T;WAB NV - Abholer;21;58;2995.0;
2026-02-12;00:00;MP2;Nat. Eingang;2889233T;WAB NV - erweitert;4;15;8011.0;
2026-02-12;00:00;MP2;Nat. Eingang;2889255T;WAB NV - Abholer;5;54;19459.0;
2026-02-12;00:00;MP2;Nat. Eingang;2889267T;WAB NV - Abholer;15;134;21196.0;
2026-02-12;00:00;MP2;Nat. Eingang;2889277T;WAB NV - Abholer;36;197;20540.2;
2026-02-12;00:00;MP2;Nat. Eingang;2889281T;WAB NV - Abholer;25;52;21410.4;
2026-02-12;00:00;MP2;Nat. Eingang;2889287T;WAB NV - Abholer;9;45;6875.0;
2026-02-12;00:00;MP2;Nat. Eingang;2889297T;WAB NV - Abholer;21;44;21024.0;
2026-02-12;00:00;MP2;Nat. Eingang;2889311T;WAB NV - erweitert;1;1;345.0;
2026-02-12;00:00;MP2;Nat. Eingang;2889331T;WAB NV - Abholer;15;26;3164.0;
2026-02-12;00:00;MP2;Nat. Eingang;2889341T;WAB NV - Abholer;18;40;8033.0;
2026-02-12;00:00;MP2;Nat. Eingang;2889371T;WAB NV - Abholer;10;184;25222.0;
2026-02-12;00:00;MP2;Nat. Eingang;2889383T;WAB NV - Abholer;15;79;24761.0;
2026-02-12;00:00;MP2;Nat. Eingang;2889391T;WAB NV - Abholer;11;14;1029.7;
2026-02-12;00:00;MP2;Nat. Eingang;2889395T;WAB NV - Abholer;8;14;3221.0;
2026-02-12;00:00;MP2;Nat. Eingang;2889405T;WAB NV - Abholer;30;39;4864.8;
2026-02-12;00:00;MP2;Nat. Eingang;2889419T;WAB NV - Abholer;8;8;720.0;
2026-02-12;00:00;MP2;Nat. Eingang;2889445T;WAB NV - Abholer;11;14;4910.0;
2026-02-12;00:00;MP2;Nat. Eingang;2889455T;WAB NV - Abholer;11;33;7427.2;
2026-02-12;00:00;MP2;Nat. Eingang;2889475T;WAB NV - Abholer;23;64;31163.0;
2026-02-12;00:00;MP2;Nat. Eingang;2889479T;WAB NV - Abholer;28;292;10375.5;
2026-02-12;00:00;MP2;Nat. Eingang;2889485T;WAB NV - Abholer;17;50;4549.7;
2026-02-12;00:00;MP2;Nat. Eingang;2889493T;Sonderfahrten;1;1;45.0;
2026-02-12;00:00;MP2;Nat. Eingang;2889540T;NV Ciortan;3;3;229.0;
2026-02-12;00:00;MP2;Nat. Eingang;2889552T;NV Yeritsyan;5;23;3535.0;
2026-02-12;00:00;MP2;Nat. Eingang;2889554T;NV Yeritsyan;6;15;1002.0;
2026-02-12;00:00;MP2;Nat. Eingang;2889573T;WAB NV - Abholer;8;14;1673.0;
2026-02-12;00:00;MP2;Nat. Eingang;2889580T;WAB NV - Abholer;31;31;7185.9;
2026-02-12;00:00;MP2;Nat. Eingang;2889584T;WAB NV - Abholer;15;27;2697.0;
2026-02-12;00:00;MP2;Nat. Eingang;2889598T;WAB NV - Abholer;19;83;7246.2;
2026-02-12;00:00;MP2;Nat. Eingang;2889634T;WAB NV - Abholer;13;87;12819.8;
2026-02-12;00:00;MP2;Nat. Eingang;2889636T;WAB NV - Abholer;15;97;14380.2;
2026-02-12;00:00;MP2;Nat. Eingang;2889650T;WAB NV - Abholer;41;107;29208.2;
2026-02-12;00:00;MP2;Nat. Eingang;2889652T;WAB NV - Abholer;44;121;43449.8;
2026-02-12;00:00;MP2;Nat. Eingang;2889654T;WAB NV - Abholer;32;32;4956.2;
2026-02-12;00:00;MP2;Nat. Eingang;2889660T;WAB NV - Abholer;14;168;17587.0;
2026-02-12;00:00;MP2;Nat. Eingang;2889662T;WAB NV - Abholer;17;29;1040.0;
2026-02-12;00:00;MP2;Nat. Eingang;2889676T;WAB NV - Abholer;17;74;5624.0;
2026-02-12;00:00;MP2;Nat. Eingang;2889678T;WAB NV - Abholer;13;54;23046.2;
2026-02-12;00:00;MP2;Nat. Eingang;2889710T;NV AS Transporte;2;5;508.0;
2026-02-12;00:00;MP2;Nat. Eingang;2889712T;NV Yeritsyan;6;9;1710.0;
2026-02-12;00:00;MP2;Nat. Eingang;2889713T;Sonderfahrten;6;6;570.0;
2026-02-12;00:00;MP2;Nat. Eingang;2889719T;NV Yeritsyan;6;13;3698.0;
2026-02-12;00:00;MP2;Nat. Eingang;2889720T;NV Yeritsyan;8;41;9941.0;
2026-02-12;00:00;MP2;Nat. Eingang;2889725T;NV LT Trans;10;10;1591.7;
2026-02-12;00:00;MP2;Nat. Eingang;2889728T;NV LT Trans;6;65;4334.0;
2026-02-12;00:00;MP2;Nat. Eingang;2889729T;NV LT Trans;3;40;1470.0;
2026-02-12;00:00;MP2;Nat. Eingang;2889731T;NV Silagi;6;9;1235.0;
2026-02-12;00:00;MP2;Nat. Eingang;2889732T;NV Silagi;6;9;947.0;
2026-02-12;00:00;MP2;Nat. Eingang;2889734T;Sonderfahrten;1;1;60.0;
2026-02-12;00:00;MP2;Nat. Eingang;2889746T;Sonderfahrten;6;14;2072.0;
2026-02-12;00:00;MP2;Nat. Eingang;2889778T;WAB NV - Abholer;4;10;2503.0;
2026-02-12;00:00;MP2;Nat. Eingang;2889782T;WAB NV - Abholer;22;499;23529.6;
2026-02-12;00:00;MP2;Nat. Eingang;2889786T;NV Silagi;2;2;1150.0;
2026-02-12;00:00;MP2;Nat. Eingang;2889787T;NV Silagi;2;5;2655.0;
2026-02-12;00:00;MP2;Nat. Eingang;2889848T;Charter;1;441;48930.0;
2026-02-12;00:00;MP2;Nat. Eingang;2890026T;WAB NV - erweitert;10;76;18631.3;
2026-02-12;00:00;MP2;Nat. Eingang;2890194T;NV Tiroch;1;3;420.0;
2026-02-12;00:00;MP2;Nat. Eingang;2890617T;WAB NV - Abholer;1;2;136.2;
2026-02-12;00:00;MP2;Nat. Eingang;2890996T;NV Yeritsyan;3;3;1595.0;
2026-02-12;00:00;MP2;Nat. Eingang;2891066T;NV VP Logistik;5;8;758.0;
2026-02-12;00:00;MP2;Nat. Eingang;2891069T;NV DS Transporte;1;1;240.0;
2026-02-12;00:00;MP2;Nat. Eingang;2891070T;NV Tiroch;6;42;4130.0;
2026-02-12;00:00;MP2;Nat. Eingang;2891072T;NV Tiroch;10;17;2312.0;
2026-02-12;00:00;MP2;Nat. Eingang;2891073T;NV Tiroch;3;9;1170.0;
2026-02-12;00:00;MP2;Nat. Eingang;2891075T;NV Tiroch;7;13;4316.0;
2026-02-12;00:00;MP2;Nat. Eingang;2891077T;NV Ciortan;6;47;12550.0;
2026-02-12;00:00;MP2;Nat. Eingang;2891078T;NV DS Transporte;6;9;1035.0;
2026-02-12;00:00;MP2;Nat. Eingang;2891125T;NV DS Transporte;10;31;4174.0;
2026-02-12;00:00;MP2;Nat. Eingang;2891338T;WAB NV - Abholer;7;56;11019.8;
2026-02-12;00:00;MP2;Nat. Eingang;2891363T;WAB NV - Abholer;27;30;7970.0;
2026-02-12;00:00;MP2;Nat. Eingang;2892353T;NV Fischer;1;25;16300.0;
2026-02-12;00:00;MP4;Nat. Ausgang;;;22;71;12967.4;
2026-02-12;00:00;MP4;Nat. Ausgang;2885750T;Linien Süd;1;1;133.0;
2026-02-12;00:00;MP4;Nat. Ausgang;2886952T;Linien Mitte;1;1;1.0;
2026-02-12;00:00;MP4;Nat. Ausgang;2886988T;Linien Mitte;1;2;156.8;
2026-02-12;00:00;MP4;Nat. Ausgang;2888217T;Linien Mitte;1;10;1442.7;
2026-02-12;00:00;MP4;Nat. Ausgang;2888239T;Linien Süd;1;18;7167.0;
2026-02-12;00:00;MP4;Nat. Ausgang;2888409T;Linien Süd;1;3;1690.2;
2026-02-12;00:00;MP4;Nat. Ausgang;2888849T;Fernverkehr AS;21;44;7333.9;
2026-02-12;00:00;MP4;Nat. Ausgang;2889071T;Linien International;7;24;3961.8;
2026-02-12;00:00;MP4;Nat. Ausgang;2889073T;Linien International;25;25;2553.9;
2026-02-12;00:00;MP4;Nat. Ausgang;2889075T;Linien International;36;566;75637.0;
2026-02-12;00:00;MP4;Nat. Ausgang;2889077T;Linien International;12;93;18490.7;
2026-02-12;00:00;MP4;Nat. Ausgang;2889081T;Linien International;19;221;104798.1;
2026-02-12;00:00;MP4;Nat. Ausgang;2889083T;Linien Mitte;2;82;14012.0;
2026-02-12;00:00;MP4;Nat. Ausgang;2889085T;Linien Süd;13;43;12469.3;
2026-02-12;00:00;MP4;Nat. Ausgang;2889087T;Linien Süd;2;2;495.0;
2026-02-12;00:00;MP4;Nat. Ausgang;2889089T;Linien Süd;28;84;24276.0;
2026-02-12;00:00;MP4;Nat. Ausgang;2889093T;Linien Süd;18;70;7260.2;
2026-02-12;00:00;MP4;Nat. Ausgang;2889097T;Linien Süd;24;147;22388.0;
2026-02-12;00:00;MP4;Nat. Ausgang;2889099T;Linien Süd;5;68;11069.0;
2026-02-12;00:00;MP4;Nat. Ausgang;2889101T;Linien Südwest;33;139;31161.1;
2026-02-12;00:00;MP4;Nat. Ausgang;2889156T;Fernverkehr AS;31;127;19335.5;
2026-02-12;00:00;MP4;Nat. Ausgang;2889160T;Fernverkehr AS;23;70;11699.3;
2026-02-12;00:00;MP4;Nat. Ausgang;2889494T;Linien Ruhr;22;252;19403.8;
2026-02-12;00:00;MP4;Nat. Ausgang;2889498T;Linien Ruhr;20;37;10866.2;
2026-02-12;00:00;MP4;Nat. Ausgang;2889502T;Linien Ruhr;26;94;15072.1;
2026-02-12;00:00;MP4;Nat. Ausgang;2889506T;Linien Mitte;40;96;12164.2;
2026-02-12;00:00;MP4;Nat. Ausgang;2889510T;Linien Mitte;34;74;11506.9;
2026-02-12;00:00;MP4;Nat. Ausgang;2889512T;Linien Ost;32;55;11853.2;
2026-02-12;00:00;MP4;Nat. Ausgang;2889516T;Linien Südwest;32;240;17401.5;
2026-02-12;00:00;MP4;Nat. Ausgang;2889520T;Linien Südwest;32;160;27213.2;
2026-02-12;00:00;MP4;Nat. Ausgang;2889524T;Linien Süd;55;178;26833.7;
2026-02-12;00:00;MP4;Nat. Ausgang;2889528T;Linien Süd;31;180;53925.1;
2026-02-12;00:00;MP4;Nat. Ausgang;2889532T;Linien Süd;27;50;10688.1;
2026-02-12;00:00;MP4;Nat. Ausgang;2889536T;Linien Ost;28;110;23169.0;
2026-02-12;00:00;MP4;Nat. Ausgang;2889542T;Linien Süd;18;44;3047.2;
2026-02-12;00:00;MP4;Nat. Ausgang;2889546T;Linien Mitte;28;101;24914.0;
2026-02-12;00:00;MP4;Nat. Ausgang;2889550T;Linien Mitte;32;110;24185.6;
2026-02-12;00:00;MP4;Nat. Ausgang;2889555T;Linien Süd;27;122;31879.5;
2026-02-12;00:00;MP4;Nat. Ausgang;2889557T;Linien Südwest;51;145;26187.7;
2026-02-12;00:00;MP4;Nat. Ausgang;2889561T;Linien International;26;174;31907.1;
2026-02-12;00:00;MP4;Nat. Ausgang;2889565T;Linien Ost;21;58;7642.7;
2026-02-12;00:00;MP4;Nat. Ausgang;2889682T;Linien International;38;50;11903.3;
2026-02-12;00:00;MP4;Nat. Ausgang;2889684T;Linien International;8;11;1035.4;
2026-02-12;00:00;MP4;Nat. Ausgang;2889688T;Linien International;9;15;1738.8;
2026-02-12;00:00;MP4;Nat. Ausgang;2889690T;Linien International;1;64;8979.4;
2026-02-12;00:00;MP4;Nat. Ausgang;2889692T;Linien Nord;27;70;13880.1;
2026-02-12;00:00;MP4;Nat. Ausgang;2889696T;Linien Nord;6;9;1781.4;
2026-02-12;00:00;MP4;Nat. Ausgang;2889698T;Linien Süd;20;87;28798.8;
2026-02-12;00:00;MP4;Nat. Ausgang;2889702T;Linien Süd;15;30;7929.0;
2026-02-12;00:00;MP4;Nat. Ausgang;2889704T;Linien Süd;24;102;17037.8;
2026-02-12;00:00;MP4;Nat. Ausgang;2889708T;Linien Süd;11;20;2456.9;
2026-02-12;00:00;MP4;Nat. Ausgang;2889715T;Linien Mitte;28;229;67182.1;
2026-02-12;00:00;MP4;Nat. Ausgang;2889747T;Linien Nord;22;86;21517.6;
2026-02-12;00:00;MP4;Nat. Ausgang;2889749T;Linien Ruhr;17;79;28883.8;
2026-02-12;00:00;MP4;Nat. Ausgang;2889751T;Linien Mitte;23;58;10672.8;
2026-02-12;00:00;MP4;Nat. Ausgang;2889755T;Linien Süd;12;73;17797.5;
2026-02-12;00:00;MP4;Nat. Ausgang;2889759T;Linien Süd;15;37;5974.1;
2026-02-12;00:00;MP4;Nat. Ausgang;2889763T;Linien Süd;11;76;5098.0;
2026-02-12;00:00;MP4;Nat. Ausgang;2890374T;Linien Südwest;8;11;1726.5;
2026-02-12;00:00;MP4;Nat. Ausgang;2890436T;Fernverkehr AS;4;4;820.0;
2026-02-12;00:00;MP4;Nat. Ausgang;2890774T;Linien Ruhr;15;69;17547.9;
2026-02-12;00:00;MP4;Nat. Ausgang;2890822T;Linien Mitte;14;41;10698.1;
2026-02-12;00:00;MP4;Nat. Ausgang;2890833T;Linien Südwest;13;45;5346.2;
2026-02-12;00:00;MP4;Nat. Ausgang;2890837T;Linien International;10;77;11310.8;
2026-02-12;00:00;MP4;Nat. Ausgang;2891023T;Linien Nord;10;29;8424.6;
2026-02-12;00:00;MP4;Nat. Ausgang;2891027T;Linien Mitte;9;9;1641.6;
2026-02-12;00:00;MP4;Nat. Ausgang;2891063T;WAB NV - großer NV;6;9;886.0;
2026-02-12;00:00;MP4;Nat. Ausgang;2891107T;Linien International;5;8;1134.0;
2026-02-12;00:00;MP4;Nat. Ausgang;2891201T;Linien International;12;670;50196.6;
2026-02-12;00:00;MP4;Nat. Ausgang;2891224T;Linien Süd;12;673;56790.8;
2026-02-12;00:00;MP4;Nat. Ausgang;2891341T;Linien International;2;466;54010.0;
2026-02-12;00:00;MP4a;Sonderausgang;2876118T;NV Tiroch;1;4;254.0;
2026-02-12;00:00;MP4a;Sonderausgang;2878627T;Fallback;1;1;1.0;
2026-02-12;00:00;MP4a;Sonderausgang;2882851T;NV Ciortan;1;1;112.0;
2026-02-12;00:00;MP4a;Sonderausgang;2884318T;WAB NV - großer NV;1;6;1000.0;
2026-02-12;00:00;MP4a;Sonderausgang;2885649T;WAB NV - großer NV;1;1;145.0;
2026-02-12;00:00;MP4a;Sonderausgang;2886009T;NV Silagi;1;9;1281.0;
2026-02-12;00:00;MP4a;Sonderausgang;2886327T;NV Ciortan;1;1;20.0;
2026-02-12;00:00;MP4a;Sonderausgang;2886336T;NV AS Transporte;1;1;228.0;
2026-02-12;00:00;MP4a;Sonderausgang;2887161T;NV Yeritsyan;1;1;65.0;
2026-02-12;00:00;MP4a;Sonderausgang;2887176T;Sonderfahrten;1;4;92.0;
2026-02-12;00:00;MP4a;Sonderausgang;2888553T;NV Tuncay;1;2;371.0;
2026-02-12;00:00;MP4a;Sonderausgang;2888829T;NV Fischer;2;2;339.0;
2026-02-12;00:00;MP4a;Sonderausgang;2888830T;NV Fischer;2;2;1384.3;
2026-02-12;00:00;MP4a;Sonderausgang;2888845T;NV DS Transporte;1;1;118.0;
2026-02-12;00:00;MP4a;Sonderausgang;2888847T;NV AS Transporte;3;18;1002.0;
2026-02-12;00:00;MP4a;Sonderausgang;2888851T;NV Fischer;2;2;247.0;
2026-02-12;00:00;MP4a;Sonderausgang;2888853T;Fallback;1;1;70.0;
2026-02-12;00:00;MP4a;Sonderausgang;2888873T;NV DS Transporte;1;1;146.7;
2026-02-12;00:00;MP4a;Sonderausgang;2888877T;NV DS Transporte;1;1;83.6;
2026-02-12;00:00;MP4a;Sonderausgang;2888881T;NV DS Transporte;1;1;94.0;
2026-02-12;00:00;MP4a;Sonderausgang;2888883T;NV DS Transporte;1;1;95.0;
2026-02-12;00:00;MP4a;Sonderausgang;2888887T;NV Ciortan;1;1;20.0;
2026-02-12;00:00;MP4a;Sonderausgang;2888888T;NV AS Transporte;1;1;93.0;
2026-02-12;00:00;MP4a;Sonderausgang;2888889T;NV AS Transporte;4;4;711.3;
2026-02-12;00:00;MP4a;Sonderausgang;2888896T;NV AS Transporte;1;9;99.0;
2026-02-12;00:00;MP4a;Sonderausgang;2888899T;NV Ciortan;2;10;1242.0;
2026-02-12;00:00;MP4a;Sonderausgang;2888901T;NV AS Transporte;3;6;2069.0;
2026-02-12;00:00;MP4a;Sonderausgang;2888909T;NV Tiroch;1;1;625.0;
2026-02-12;00:00;MP4a;Sonderausgang;2888910T;NV Tiroch;26;47;1380.0;
2026-02-12;00:00;MP4a;Sonderausgang;2888918T;NV AS Transporte;1;1;298.0;
2026-02-12;00:00;MP4a;Sonderausgang;2888919T;NV AS Transporte;3;18;1294.0;
2026-02-12;00:00;MP4a;Sonderausgang;2888936T;NV Alexandru;1;1;122.0;
2026-02-12;00:00;MP4a;Sonderausgang;2888939T;NV Strauss;1;1;100.0;
2026-02-12;00:00;MP4a;Sonderausgang;2888949T;NV Bogos Transporte;2;2;267.0;
2026-02-12;00:00;MP4a;Sonderausgang;2888951T;NV Bogos Transporte;3;6;883.3;
2026-02-12;00:00;MP4a;Sonderausgang;2888954T;NV VP Logistik;1;1;342.0;
2026-02-12;00:00;MP4a;Sonderausgang;2888955T;NV VP Logistik;2;2;659.0;
2026-02-12;00:00;MP4a;Sonderausgang;2888956T;NV VP Logistik;4;13;4270.0;
2026-02-12;00:00;MP4a;Sonderausgang;2888962T;NV Tuncay;1;1;720.0;
2026-02-12;00:00;MP4a;Sonderausgang;2888963T;NV Tuncay;1;4;420.0;
2026-02-12;00:00;MP4a;Sonderausgang;2888964T;NV Guth;3;66;1411.0;
2026-02-12;00:00;MP4a;Sonderausgang;2888965T;NV Guth;1;1;150.0;
2026-02-12;00:00;MP4a;Sonderausgang;2888967T;NV VP Logistik;2;2;516.0;
2026-02-12;00:00;MP4a;Sonderausgang;2888968T;Sonderfahrten;2;2;493.0;
2026-02-12;00:00;MP4a;Sonderausgang;2889204T;NV AS Transporte;1;1;120.0;
2026-02-12;00:00;MP4a;Sonderausgang;2889206T;NV AS Transporte;1;1;40.0;
2026-02-12;00:00;MP4a;Sonderausgang;2889212T;NV AS Transporte;2;2;352.0;
2026-02-12;00:00;MP4a;Sonderausgang;2889215T;WAB NV - großer NV;1;1;276.9;
2026-02-12;00:00;MP4a;Sonderausgang;2889253T;WAB NV - großer NV;1;25;7375.0;
2026-02-12;00:00;MP4a;Sonderausgang;2889275T;WAB NV - großer NV;1;1;228.0;
2026-02-12;00:00;MP4a;Sonderausgang;2889285T;WAB NV - großer NV;1;1;160.0;
2026-02-12;00:00;MP4a;Sonderausgang;2889301T;WAB NV - großer NV;2;5;1909.0;
2026-02-12;00:00;MP4a;Sonderausgang;2889315T;WAB NV - großer NV;1;2;710.0;
2026-02-12;00:00;MP4a;Sonderausgang;2889359T;WAB NV - großer NV;1;1;173.0;
2026-02-12;00:00;MP4a;Sonderausgang;2889381T;WAB NV - großer NV;1;1;267.0;
2026-02-12;00:00;MP4a;Sonderausgang;2889399T;WAB NV - großer NV;6;6;552.0;
2026-02-12;00:00;MP4a;Sonderausgang;2889443T;WAB NV - großer NV;2;10;5028.0;
2026-02-12;00:00;MP4a;Sonderausgang;2889540T;NV Ciortan;1;1;185.5;
2026-02-12;00:00;MP4a;Sonderausgang;2889552T;NV Yeritsyan;1;1;145.0;
2026-02-12;00:00;MP4a;Sonderausgang;2889579T;WAB NV - großer NV;3;3;58.0;
2026-02-12;00:00;MP4a;Sonderausgang;2889710T;NV AS Transporte;1;1;35.0;
2026-02-12;00:00;MP4a;Sonderausgang;2889713T;Sonderfahrten;2;2;112.0;
2026-02-12;00:00;MP4a;Sonderausgang;2889719T;NV Yeritsyan;1;1;200.0;
2026-02-12;00:00;MP4a;Sonderausgang;2889724T;NV LT Trans;1;1;266.4;
2026-02-12;00:00;MP4a;Sonderausgang;2889726T;Sonderfahrten;1;1;150.0;
2026-02-12;00:00;MP4a;Sonderausgang;2889731T;NV Silagi;4;20;5061.6;
2026-02-12;00:00;MP4a;Sonderausgang;2889733T;Sonderfahrten;1;1;90.0;
2026-02-12;00:00;MP4a;Sonderausgang;2889734T;Sonderfahrten;2;26;11795.0;
2026-02-12;00:00;MP4a;Sonderausgang;2889746T;Sonderfahrten;1;1;100.0;
2026-02-12;00:00;MP4a;Sonderausgang;2889786T;NV Silagi;2;2;189.0;
2026-02-12;00:00;MP4a;Sonderausgang;2889787T;NV Silagi;2;2;327.0;
2026-02-12;00:00;MP4a;Sonderausgang;2889788T;Sonderfahrten;1;1;182.0;
2026-02-12;00:00;MP4a;Sonderausgang;2890237T;NV Tuncay;1;1;142.0;
2026-02-12;00:00;MP4a;Sonderausgang;2890240T;NV Guth;1;9;114.0;
2026-02-12;00:00;MP4a;Sonderausgang;2890749T;WAB NV - großer NV;2;10;1521.0;
2026-02-12;00:00;MP4a;Sonderausgang;2890995T;NV Yeritsyan;1;1;65.0;
2026-02-12;00:00;MP4a;Sonderausgang;2891065T;NV VP Logistik;1;64;696.0;
2026-02-12;00:00;MP4a;Sonderausgang;2891066T;NV VP Logistik;1;4;2620.0;
2026-02-12;00:00;MP4a;Sonderausgang;2891068T;NV VP Logistik;1;1;132.0;
2026-02-12;00:00;MP4a;Sonderausgang;2891070T;NV Tiroch;1;1;93.3;
2026-02-12;00:00;MP4a;Sonderausgang;2891071T;NV Tiroch;2;3;400.0;
2026-02-12;00:00;MP4a;Sonderausgang;2891073T;NV Tiroch;2;145;7362.0;
2026-02-12;00:00;MP4a;Sonderausgang;2891074T;NV Tiroch;5;53;870.0;
2026-02-12;00:00;MP4a;Sonderausgang;2891075T;NV Tiroch;1;2;1040.0;
2026-02-12;00:00;MP4a;Sonderausgang;2891077T;NV Ciortan;1;1;112.0;
2026-02-12;00:00;MP4a;Sonderausgang;2891112T;WAB NV - großer NV;1;36;26550.0;
2026-02-12;00:00;MP4a;Sonderausgang;2891122T;WAB NV - großer NV;1;9;7725.0;
2026-02-12;00:00;MP4a;Sonderausgang;2891125T;NV DS Transporte;2;9;1851.0;
2026-02-12;00:00;MP4a;Sonderausgang;2891141T;WAB NV - großer NV;1;25;24200.0;
2026-02-12;00:00;MP4a;Sonderausgang;2891188T;WAB NV - großer NV;2;65;15999.6;
2026-02-12;00:00;MP4a;Sonderausgang;2891202T;WAB NV - großer NV;7;90;17184.0;
2026-02-12;00:00;MP4a;Sonderausgang;2891250T;Sonderfahrten;1;16;3480.0;
2026-02-12;00:00;MP4a;Sonderausgang;2891266T;WAB NV - großer NV;4;21;3412.0;
2026-02-12;00:00;MP4a;Sonderausgang;2891985T;WAB NV - großer NV;1;25;12210.0;
2026-02-12;00:00;MP4a;Sonderausgang;2892137T;WAB NV - großer NV;1;1;575.0;
2026-02-12;00:00;MP5;SE Entladung FV;;;2064;15286;2532096.7;
2026-02-12;00:00;MP7;SA Verladung FV;2885774T;NV Yeritsyan;1;2;160.0;
2026-02-12;00:00;MP7;SA Verladung FV;2887922T;WAB NV - großer NV;1;2;1648.0;
2026-02-12;00:00;MP7;SA Verladung FV;2888826T;NV DS Transporte;9;30;10906.0;
2026-02-12;00:00;MP7;SA Verladung FV;2888827T;NV DS Transporte;9;9;661.0;
2026-02-12;00:00;MP7;SA Verladung FV;2888828T;NV Fischer;23;42;3246.0;
2026-02-12;00:00;MP7;SA Verladung FV;2888829T;NV Fischer;7;22;5446.0;
2026-02-12;00:00;MP7;SA Verladung FV;2888830T;NV Fischer;10;28;3542.0;
2026-02-12;00:00;MP7;SA Verladung FV;2888831T;NV Fischer;16;30;2833.5;
2026-02-12;00:00;MP7;SA Verladung FV;2888832T;NV Fischer;10;32;5318.0;
2026-02-12;00:00;MP7;SA Verladung FV;2888833T;NV DS Transporte;10;37;10222.0;
2026-02-12;00:00;MP7;SA Verladung FV;2888834T;NV DS Transporte;8;43;1480.0;
2026-02-12;00:00;MP7;SA Verladung FV;2888835T;NV Strauss;8;22;6117.0;
2026-02-12;00:00;MP7;SA Verladung FV;2888836T;NV Strauss;7;21;5767.0;
2026-02-12;00:00;MP7;SA Verladung FV;2888837T;NV Strauss;8;29;3224.0;
2026-02-12;00:00;MP7;SA Verladung FV;2888838T;NV Strauss;10;21;3297.1;
2026-02-12;00:00;MP7;SA Verladung FV;2888839T;NV Strauss;10;25;721.0;
2026-02-12;00:00;MP7;SA Verladung FV;2888840T;NV Strauss;3;3;122.0;
2026-02-12;00:00;MP7;SA Verladung FV;2888843T;NV Strauss;9;20;5872.7;
2026-02-12;00:00;MP7;SA Verladung FV;2888844T;NV Strauss;4;70;13761.0;
2026-02-12;00:00;MP7;SA Verladung FV;2888845T;NV DS Transporte;8;49;6739.0;
2026-02-12;00:00;MP7;SA Verladung FV;2888846T;NV DS Transporte;11;51;5426.0;
2026-02-12;00:00;MP7;SA Verladung FV;2888847T;NV AS Transporte;14;14;3307.0;
2026-02-12;00:00;MP7;SA Verladung FV;2888848T;NV AS Transporte;14;39;6917.0;
2026-02-12;00:00;MP7;SA Verladung FV;2888851T;NV Fischer;16;69;10375.2;
2026-02-12;00:00;MP7;SA Verladung FV;2888873T;NV DS Transporte;10;37;9625.0;
2026-02-12;00:00;MP7;SA Verladung FV;2888874T;NV DS Transporte;9;40;8031.0;
2026-02-12;00:00;MP7;SA Verladung FV;2888875T;NV Strauss;11;40;12804.0;
2026-02-12;00:00;MP7;SA Verladung FV;2888876T;NV Strauss;5;13;10024.0;
2026-02-12;00:00;MP7;SA Verladung FV;2888877T;NV DS Transporte;7;7;376.0;
2026-02-12;00:00;MP7;SA Verladung FV;2888878T;NV DS Transporte;10;49;10361.9;
2026-02-12;00:00;MP7;SA Verladung FV;2888879T;NV DS Transporte;10;57;6204.0;
2026-02-12;00:00;MP7;SA Verladung FV;2888880T;NV DS Transporte;7;46;11025.0;
2026-02-12;00:00;MP7;SA Verladung FV;2888881T;NV DS Transporte;8;40;5921.5;
2026-02-12;00:00;MP7;SA Verladung FV;2888883T;NV DS Transporte;10;27;970.0;
2026-02-12;00:00;MP7;SA Verladung FV;2888884T;NV Ciortan;10;27;3478.3;
2026-02-12;00:00;MP7;SA Verladung FV;2888887T;NV Ciortan;15;18;803.0;
2026-02-12;00:00;MP7;SA Verladung FV;2888888T;NV AS Transporte;14;65;13565.4;
2026-02-12;00:00;MP7;SA Verladung FV;2888889T;NV AS Transporte;12;45;3523.0;
2026-02-12;00:00;MP7;SA Verladung FV;2888893T;NV DS Transporte;7;53;8328.0;
2026-02-12;00:00;MP7;SA Verladung FV;2888894T;NV DS Transporte;7;55;6224.0;
2026-02-12;00:00;MP7;SA Verladung FV;2888895T;NV DS Transporte;8;8;852.0;
2026-02-12;00:00;MP7;SA Verladung FV;2888896T;NV AS Transporte;16;74;4957.4;
2026-02-12;00:00;MP7;SA Verladung FV;2888899T;NV Ciortan;21;41;9174.0;
2026-02-12;00:00;MP7;SA Verladung FV;2888901T;NV AS Transporte;7;13;1656.0;
2026-02-12;00:00;MP7;SA Verladung FV;2888903T;NV AS Transporte;16;16;2138.9;
2026-02-12;00:00;MP7;SA Verladung FV;2888908T;NV Tiroch;17;28;2022.1;
2026-02-12;00:00;MP7;SA Verladung FV;2888909T;NV Tiroch;13;34;4822.4;
2026-02-12;00:00;MP7;SA Verladung FV;2888913T;NV Tiroch;7;141;9409.0;
2026-02-12;00:00;MP7;SA Verladung FV;2888914T;NV Tiroch;5;64;14168.0;
2026-02-12;00:00;MP7;SA Verladung FV;2888915T;DM AS-Transport;13;61;13266.0;
2026-02-12;00:00;MP7;SA Verladung FV;2888916T;DM AS-Transport;11;32;9977.0;
2026-02-12;00:00;MP7;SA Verladung FV;2888917T;DM AS-Transport;13;22;8212.0;
2026-02-12;00:00;MP7;SA Verladung FV;2888919T;NV AS Transporte;9;42;4078.0;
2026-02-12;00:00;MP7;SA Verladung FV;2888923T;DM AS-Transport;11;30;7298.0;
2026-02-12;00:00;MP7;SA Verladung FV;2888924T;DM AS-Transport;12;51;10909.0;
2026-02-12;00:00;MP7;SA Verladung FV;2888925T;DM AS-Transport;9;18;5836.0;
2026-02-12;00:00;MP7;SA Verladung FV;2888926T;NV AS Transporte;13;24;3359.4;
2026-02-12;00:00;MP7;SA Verladung FV;2888936T;NV Alexandru;10;84;4482.0;
2026-02-12;00:00;MP7;SA Verladung FV;2888938T;NV Strauss;7;13;3805.0;
2026-02-12;00:00;MP7;SA Verladung FV;2888939T;NV Strauss;8;59;2436.6;
2026-02-12;00:00;MP7;SA Verladung FV;2888941T;Sonderfahrten;11;37;691.4;
2026-02-12;00:00;MP7;SA Verladung FV;2888943T;DM AS-Transport;9;23;7472.0;
2026-02-12;00:00;MP7;SA Verladung FV;2888944T;DM AS-Transport;7;21;8080.0;
2026-02-12;00:00;MP7;SA Verladung FV;2888945T;DM AS-Transport;6;87;30857.0;
2026-02-12;00:00;MP7;SA Verladung FV;2888948T;NV AS Transporte;11;20;4952.0;
2026-02-12;00:00;MP7;SA Verladung FV;2888949T;NV Bogos Transporte;13;99;7409.0;
2026-02-12;00:00;MP7;SA Verladung FV;2888951T;NV Bogos Transporte;13;34;2588.0;
2026-02-12;00:00;MP7;SA Verladung FV;2888953T;NV Bogos Transporte;8;23;2838.0;
2026-02-12;00:00;MP7;SA Verladung FV;2888954T;NV VP Logistik;7;13;2161.7;
2026-02-12;00:00;MP7;SA Verladung FV;2888955T;NV VP Logistik;12;20;1664.0;
2026-02-12;00:00;MP7;SA Verladung FV;2888956T;NV VP Logistik;9;24;2325.0;
2026-02-12;00:00;MP7;SA Verladung FV;2888958T;NV VP Logistik;8;16;5514.0;
2026-02-12;00:00;MP7;SA Verladung FV;2888962T;NV Tuncay;18;32;2184.0;
2026-02-12;00:00;MP7;SA Verladung FV;2888963T;NV Tuncay;10;19;3854.0;
2026-02-12;00:00;MP7;SA Verladung FV;2888964T;NV Guth;7;31;1919.0;
2026-02-12;00:00;MP7;SA Verladung FV;2888965T;NV Guth;12;21;3974.0;
2026-02-12;00:00;MP7;SA Verladung FV;2888966T;NV Guth;13;24;5820.0;
2026-02-12;00:00;MP7;SA Verladung FV;2888967T;NV VP Logistik;13;30;3261.0;
2026-02-12;00:00;MP7;SA Verladung FV;2888968T;Sonderfahrten;6;9;893.3;
2026-02-12;00:00;MP7;SA Verladung FV;2888969T;NV Silagi;10;34;1256.7;
2026-02-12;00:00;MP7;SA Verladung FV;2889132T;DM AS-Transport;24;98;25115.0;
2026-02-12;00:00;MP7;SA Verladung FV;2889134T;DM AS-Transport;13;46;12909.0;
2026-02-12;00:00;MP7;SA Verladung FV;2889136T;DM AS-Transport;24;108;24926.0;
2026-02-12;00:00;MP7;SA Verladung FV;2889138T;DM AS-Transport;22;93;30500.0;
2026-02-12;00:00;MP7;SA Verladung FV;2889140T;DM AS-Transport;19;102;39720.0;
2026-02-12;00:00;MP7;SA Verladung FV;2889142T;DM AS-Transport;14;72;25393.0;
2026-02-12;00:00;MP7;SA Verladung FV;2889144T;DM AS-Transport;24;125;27918.0;
2026-02-12;00:00;MP7;SA Verladung FV;2889146T;DM AS-Transport;22;119;43445.0;
2026-02-12;00:00;MP7;SA Verladung FV;2889148T;DM AS-Transport;16;110;41254.0;
2026-02-12;00:00;MP7;SA Verladung FV;2889150T;DM AS-Transport;11;67;19980.0;
2026-02-12;00:00;MP7;SA Verladung FV;2889203T;WAB NV - großer NV;2;2;334.0;
2026-02-12;00:00;MP7;SA Verladung FV;2889204T;NV AS Transporte;17;42;7823.3;
2026-02-12;00:00;MP7;SA Verladung FV;2889206T;NV AS Transporte;21;46;11229.0;
2026-02-12;00:00;MP7;SA Verladung FV;2889208T;NV Ciortan;24;88;6651.5;
2026-02-12;00:00;MP7;SA Verladung FV;2889212T;NV AS Transporte;16;39;5858.0;
2026-02-12;00:00;MP7;SA Verladung FV;2889215T;WAB NV - großer NV;17;109;11860.0;
2026-02-12;00:00;MP7;SA Verladung FV;2889243T;WAB NV - großer NV;9;87;29660.5;
2026-02-12;00:00;MP7;SA Verladung FV;2889253T;WAB NV - großer NV;10;31;3072.0;
2026-02-12;00:00;MP7;SA Verladung FV;2889265T;WAB NV - großer NV;7;171;52889.3;
2026-02-12;00:00;MP7;SA Verladung FV;2889275T;WAB NV - großer NV;5;38;17624.0;
2026-02-12;00:00;MP7;SA Verladung FV;2889285T;WAB NV - großer NV;5;16;6331.0;
2026-02-12;00:00;MP7;SA Verladung FV;2889295T;WAB NV - großer NV;8;94;21111.0;
2026-02-12;00:00;MP7;SA Verladung FV;2889301T;WAB NV - großer NV;6;155;29859.0;
2026-02-12;00:00;MP7;SA Verladung FV;2889315T;WAB NV - großer NV;5;23;4656.0;
2026-02-12;00:00;MP7;SA Verladung FV;2889339T;WAB NV - großer NV;1;81;7452.0;
2026-02-12;00:00;MP7;SA Verladung FV;2889359T;WAB NV - großer NV;4;30;23340.0;
2026-02-12;00:00;MP7;SA Verladung FV;2889369T;WAB NV - großer NV;5;96;9299.0;
2026-02-12;00:00;MP7;SA Verladung FV;2889381T;WAB NV - großer NV;16;432;28880.5;
2026-02-12;00:00;MP7;SA Verladung FV;2889399T;WAB NV - großer NV;10;42;16716.0;
2026-02-12;00:00;MP7;SA Verladung FV;2889403T;WAB NV - großer NV;9;132;41359.0;
2026-02-12;00:00;MP7;SA Verladung FV;2889427T;WAB NV - großer NV;1;64;12360.0;
2026-02-12;00:00;MP7;SA Verladung FV;2889443T;WAB NV - großer NV;11;129;60468.1;
2026-02-12;00:00;MP7;SA Verladung FV;2889453T;WAB NV - großer NV;4;72;18690.0;
2026-02-12;00:00;MP7;SA Verladung FV;2889473T;WAB NV - großer NV;5;37;11405.0;
2026-02-12;00:00;MP7;SA Verladung FV;2889483T;WAB NV - großer NV;10;246;62761.6;
2026-02-12;00:00;MP7;SA Verladung FV;2889493T;Sonderfahrten;5;8;757.0;
2026-02-12;00:00;MP7;SA Verladung FV;2889540T;NV Ciortan;14;28;4054.5;
2026-02-12;00:00;MP7;SA Verladung FV;2889552T;NV Yeritsyan;12;21;2507.0;
2026-02-12;00:00;MP7;SA Verladung FV;2889554T;NV Yeritsyan;15;99;4468.9;
2026-02-12;00:00;MP7;SA Verladung FV;2889579T;WAB NV - großer NV;5;53;11409.0;
2026-02-12;00:00;MP7;SA Verladung FV;2889647T;WAB NV - großer NV;1;1;499.0;
2026-02-12;00:00;MP7;SA Verladung FV;2889673T;WAB NV - großer NV;2;17;7165.0;
2026-02-12;00:00;MP7;SA Verladung FV;2889710T;NV AS Transporte;11;79;11906.0;
2026-02-12;00:00;MP7;SA Verladung FV;2889712T;NV Yeritsyan;12;12;1526.7;
2026-02-12;00:00;MP7;SA Verladung FV;2889713T;Sonderfahrten;15;48;1043.0;
2026-02-12;00:00;MP7;SA Verladung FV;2889714T;NV VP Logistik;4;4;580.6;
2026-02-12;00:00;MP7;SA Verladung FV;2889719T;NV Yeritsyan;12;12;3103.0;
2026-02-12;00:00;MP7;SA Verladung FV;2889720T;NV Yeritsyan;9;44;2671.0;
2026-02-12;00:00;MP7;SA Verladung FV;2889724T;NV LT Trans;7;31;1759.0;
2026-02-12;00:00;MP7;SA Verladung FV;2889725T;NV LT Trans;8;78;5880.0;
2026-02-12;00:00;MP7;SA Verladung FV;2889726T;Sonderfahrten;4;460;18536.0;
2026-02-12;00:00;MP7;SA Verladung FV;2889727T;NV LT Trans;6;17;2050.0;
2026-02-12;00:00;MP7;SA Verladung FV;2889728T;NV LT Trans;9;24;4089.0;
2026-02-12;00:00;MP7;SA Verladung FV;2889729T;NV LT Trans;14;20;3582.2;
2026-02-12;00:00;MP7;SA Verladung FV;2889731T;NV Silagi;8;30;7437.0;
2026-02-12;00:00;MP7;SA Verladung FV;2889732T;NV Silagi;19;201;11063.0;
2026-02-12;00:00;MP7;SA Verladung FV;2889733T;Sonderfahrten;5;8;233.0;
2026-02-12;00:00;MP7;SA Verladung FV;2889734T;Sonderfahrten;7;45;1725.0;
2026-02-12;00:00;MP7;SA Verladung FV;2889746T;Sonderfahrten;9;28;8227.3;
2026-02-12;00:00;MP7;SA Verladung FV;2889776T;WAB NV - großer NV;7;59;17145.0;
2026-02-12;00:00;MP7;SA Verladung FV;2889786T;NV Silagi;14;116;11716.2;
2026-02-12;00:00;MP7;SA Verladung FV;2889787T;NV Silagi;13;54;6770.9;
2026-02-12;00:00;MP7;SA Verladung FV;2889788T;Sonderfahrten;5;38;10537.3;
2026-02-12;00:00;MP7;SA Verladung FV;2890115T;NV DS Transporte;1;1;402.0;
2026-02-12;00:00;MP7;SA Verladung FV;2890120T;NV Strauss;1;1;165.0;
2026-02-12;00:00;MP7;SA Verladung FV;2890121T;NV Strauss;1;1;45.0;
2026-02-12;00:00;MP7;SA Verladung FV;2890128T;NV DS Transporte;1;36;680.4;
2026-02-12;00:00;MP7;SA Verladung FV;2890158T;NV DS Transporte;1;1;105.0;
2026-02-12;00:00;MP7;SA Verladung FV;2890163T;NV Ciortan;1;1;176.0;
2026-02-12;00:00;MP7;SA Verladung FV;2890168T;NV Ciortan;1;1;18.0;
2026-02-12;00:00;MP7;SA Verladung FV;2890180T;NV Ciortan;1;1;77.0;
2026-02-12;00:00;MP7;SA Verladung FV;2890239T;NV Tuncay;1;1;300.0;
2026-02-12;00:00;MP7;SA Verladung FV;2890242T;NV Guth;1;1;107.0;
2026-02-12;00:00;MP7;SA Verladung FV;2890480T;NV Ciortan;2;2;323.0;
2026-02-12;00:00;MP7;SA Verladung FV;2890497T;WAB NV - großer NV;13;43;3453.0;
2026-02-12;00:00;MP7;SA Verladung FV;2890551T;WAB NV - großer NV;2;5;2376.0;
2026-02-12;00:00;MP7;SA Verladung FV;2890577T;WAB NV - großer NV;1;9;5800.0;
2026-02-12;00:00;MP7;SA Verladung FV;2890605T;WAB NV - großer NV;3;11;4377.0;
2026-02-12;00:00;MP7;SA Verladung FV;2890645T;WAB NV - großer NV;1;1;381.0;
2026-02-12;00:00;MP7;SA Verladung FV;2890657T;WAB NV - großer NV;1;1;177.0;
2026-02-12;00:00;MP7;SA Verladung FV;2890703T;WAB NV - großer NV;2;2;234.0;
2026-02-12;00:00;MP7;SA Verladung FV;2890729T;WAB NV - großer NV;1;1;440.0;
2026-02-12;00:00;MP7;SA Verladung FV;2890749T;WAB NV - großer NV;2;3;1252.1;
2026-02-12;00:00;MP7;SA Verladung FV;2890816T;NV Ciortan;3;4;727.5;
2026-02-12;00:00;MP7;SA Verladung FV;2890830T;NV Yeritsyan;1;1;171.0;
2026-02-12;00:00;MP7;SA Verladung FV;2890988T;NV Yeritsyan;1;1;46.0;
2026-02-12;00:00;MP7;SA Verladung FV;2891050T;WAB NV - großer NV;3;18;3853.0;
2026-02-12;00:00;MP7;SA Verladung FV;2891063T;WAB NV - großer NV;2;2;99.0;
2026-02-12;00:00;MP7;SA Verladung FV;2891064T;NV Bogos Transporte;1;4;2772.0;
2026-02-12;00:00;MP7;SA Verladung FV;2891065T;NV VP Logistik;3;3;190.0;
2026-02-12;00:00;MP7;SA Verladung FV;2891066T;NV VP Logistik;3;11;2747.0;
2026-02-12;00:00;MP7;SA Verladung FV;2891067T;NV VP Logistik;1;1;164.0;
2026-02-12;00:00;MP7;SA Verladung FV;2891068T;NV VP Logistik;3;3;958.0;
2026-02-12;00:00;MP7;SA Verladung FV;2891069T;NV DS Transporte;9;17;1086.4;
2026-02-12;00:00;MP7;SA Verladung FV;2891070T;NV Tiroch;14;59;5436.3;
2026-02-12;00:00;MP7;SA Verladung FV;2891071T;NV Tiroch;3;46;6182.0;
2026-02-12;00:00;MP7;SA Verladung FV;2891072T;NV Tiroch;11;38;2243.8;
2026-02-12;00:00;MP7;SA Verladung FV;2891073T;NV Tiroch;3;6;1683.7;
2026-02-12;00:00;MP7;SA Verladung FV;2891074T;NV Tiroch;5;24;10055.0;
2026-02-12;00:00;MP7;SA Verladung FV;2891075T;NV Tiroch;15;33;1599.6;
2026-02-12;00:00;MP7;SA Verladung FV;2891077T;NV Ciortan;11;25;4619.0;
2026-02-12;00:00;MP7;SA Verladung FV;2891078T;NV DS Transporte;7;7;456.0;
2026-02-12;00:00;MP7;SA Verladung FV;2891089T;WAB NV - großer NV;4;111;25543.0;
2026-02-12;00:00;MP7;SA Verladung FV;2891096T;NV AS Transporte;11;19;1153.9;
2026-02-12;00:00;MP7;SA Verladung FV;2891105T;DM AS-Transport;7;21;7650.0;
2026-02-12;00:00;MP7;SA Verladung FV;2891112T;WAB NV - großer NV;17;38;16422.1;
2026-02-12;00:00;MP7;SA Verladung FV;2891122T;WAB NV - großer NV;6;58;45630.0;
2026-02-12;00:00;MP7;SA Verladung FV;2891125T;NV DS Transporte;2;54;8788.0;
2026-02-12;00:00;MP7;SA Verladung FV;2891188T;WAB NV - großer NV;3;81;22762.0;
2026-02-12;00:00;MP7;SA Verladung FV;2891202T;WAB NV - großer NV;5;34;11481.0;
2026-02-12;00:00;MP7;SA Verladung FV;2891247T;NV LT Trans;1;4;1290.0;
2026-02-12;00:00;MP7;SA Verladung FV;2891266T;WAB NV - großer NV;1;1;203.0;
2026-02-12;00:00;MP7;SA Verladung FV;2891293T;WAB NV - großer NV;2;26;19981.0;
2026-02-12;00:00;MP7;SA Verladung FV;2891296T;WAB NV - großer NV;6;68;31299.0;
2026-02-12;00:00;MP7;SA Verladung FV;2891524T;NV Guth;1;4;520.0;
2026-02-12;00:00;MP7;SA Verladung FV;2891526T;Sonderfahrten;2;5;397.0;
2026-02-12;00:00;MP7;SA Verladung FV;2891766T;NV Ciortan;2;2;106.0;
2026-02-12;00:00;MP7;SA Verladung FV;2891779T;WAB NV - großer NV;1;1;330.0;
2026-02-12;00:00;MP7;SA Verladung FV;2891859T;WAB NV - großer NV;1;9;2553.0;
2026-02-12;00:00;MP7;SA Verladung FV;2892268T;NV AS Transporte;3;21;13447.0;
2026-02-12;00:00;MP7;SA Verladung FV;2892278T;NV Yeritsyan;1;1;355.0;
2026-02-12;00:00;MP7;SA Verladung FV;2892348T;NV Ciortan;1;16;2364.0;
2026-02-12;00:00;MP7;SA Verladung FV;2892385T;WAB NV - großer NV;1;49;6125.0;
2026-02-12;00:00;MP7;SA Verladung FV;2892464T;WAB NV - großer NV;1;1;105.0;
2026-02-12;00:00;MP7;SA Verladung FV;2892679T;NV AS Transporte;1;1;225.0;
2026-02-12;00:00;MP7;SA Verladung FV;2893714T;WAB NV - großer NV;2;8;1272.0;
2026-02-12;00:00;MP7;SA Verladung FV;2893928T;NV Tiroch;1;1;9.0;
2026-02-12;00:00;MP7;SA Verladung FV;2895222T;NV Strauss;1;1;150.0;
2026-02-12;00:00;MP7;SA Verladung FV;2904112T;NV Strauss;1;1;96.0;
2026-02-12;00:00;MP9a;Sonderscan;;;1;6;1296.0;
2026-02-12;00:00;MP9b;NV Eingang;;;271;1571;190630.6;
2026-02-13;00:00;MP2;Nat. Eingang;;;19;384;27654.8;
2026-02-13;00:00;MP2;Nat. Eingang;2888829T;NV Fischer;2;10;1370.0;
2026-02-13;00:00;MP2;Nat. Eingang;2889170T;Hofmanagement;1;1;200.0;
2026-02-13;00:00;MP2;Nat. Eingang;2889455T;WAB NV - Abholer;1;100;45003.2;
2026-02-13;00:00;MP2;Nat. Eingang;2890108T;NV DS Transporte;5;5;388.0;
2026-02-13;00:00;MP2;Nat. Eingang;2890110T;NV Fischer;11;55;2272.0;
2026-02-13;00:00;MP2;Nat. Eingang;2890113T;NV Fischer;6;64;14231.2;
2026-02-13;00:00;MP2;Nat. Eingang;2890114T;NV Fischer;5;13;4830.0;
2026-02-13;00:00;MP2;Nat. Eingang;2890115T;NV DS Transporte;3;3;380.0;
2026-02-13;00:00;MP2;Nat. Eingang;2890116T;NV DS Transporte;3;6;419.0;
2026-02-13;00:00;MP2;Nat. Eingang;2890117T;NV Strauss;1;1;650.0;
2026-02-13;00:00;MP2;Nat. Eingang;2890119T;NV Strauss;1;2;98.0;
2026-02-13;00:00;MP2;Nat. Eingang;2890120T;NV Strauss;2;2;140.0;
2026-02-13;00:00;MP2;Nat. Eingang;2890121T;NV Strauss;1;1;28.0;
2026-02-13;00:00;MP2;Nat. Eingang;2890126T;NV Strauss;13;19;5275.0;
2026-02-13;00:00;MP2;Nat. Eingang;2890128T;NV DS Transporte;4;31;20132.0;
2026-02-13;00:00;MP2;Nat. Eingang;2890130T;NV AS Transporte;9;12;1276.0;
2026-02-13;00:00;MP2;Nat. Eingang;2890155T;NV DS Transporte;6;11;980.0;
2026-02-13;00:00;MP2;Nat. Eingang;2890157T;NV Strauss;7;24;3017.0;
2026-02-13;00:00;MP2;Nat. Eingang;2890158T;NV DS Transporte;1;1;19.0;
2026-02-13;00:00;MP2;Nat. Eingang;2890160T;NV DS Transporte;8;13;5320.0;
2026-02-13;00:00;MP2;Nat. Eingang;2890161T;NV DS Transporte;1;1;66.0;
2026-02-13;00:00;MP2;Nat. Eingang;2890162T;NV DS Transporte;2;5;380.0;
2026-02-13;00:00;MP2;Nat. Eingang;2890164T;NV DS Transporte;1;1;65.0;
2026-02-13;00:00;MP2;Nat. Eingang;2890165T;NV Ciortan;3;3;352.0;
2026-02-13;00:00;MP2;Nat. Eingang;2890168T;NV Ciortan;3;3;223.0;
2026-02-13;00:00;MP2;Nat. Eingang;2890170T;NV AS Transporte;1;1;28.0;
2026-02-13;00:00;MP2;Nat. Eingang;2890174T;NV DS Transporte;4;8;1040.0;
2026-02-13;00:00;MP2;Nat. Eingang;2890175T;NV DS Transporte;8;14;2989.0;
2026-02-13;00:00;MP2;Nat. Eingang;2890176T;NV DS Transporte;3;6;161.0;
2026-02-13;00:00;MP2;Nat. Eingang;2890177T;NV AS Transporte;1;1;48.0;
2026-02-13;00:00;MP2;Nat. Eingang;2890180T;NV Ciortan;5;22;1816.0;
2026-02-13;00:00;MP2;Nat. Eingang;2890182T;NV AS Transporte;11;42;7970.6;
2026-02-13;00:00;MP2;Nat. Eingang;2890184T;NV AS Transporte;4;7;512.0;
2026-02-13;00:00;MP2;Nat. Eingang;2890187T;NV Tiroch;3;3;430.0;
2026-02-13;00:00;MP2;Nat. Eingang;2890189T;NV Tiroch;3;3;273.0;
2026-02-13;00:00;MP2;Nat. Eingang;2890190T;NV Tiroch;8;77;6710.0;
2026-02-13;00:00;MP2;Nat. Eingang;2890191T;NV Tiroch;3;6;330.0;
2026-02-13;00:00;MP2;Nat. Eingang;2890193T;NV Tiroch;2;3;410.0;
2026-02-13;00:00;MP2;Nat. Eingang;2890194T;NV Tiroch;12;14;2034.0;
2026-02-13;00:00;MP2;Nat. Eingang;2890199T;NV AS Transporte;4;10;1310.0;
2026-02-13;00:00;MP2;Nat. Eingang;2890206T;NV AS Transporte;1;4;360.0;
2026-02-13;00:00;MP2;Nat. Eingang;2890213T;NV Alexandru;2;2;294.0;
2026-02-13;00:00;MP2;Nat. Eingang;2890215T;NV Strauss;2;3;260.0;
2026-02-13;00:00;MP2;Nat. Eingang;2890216T;NV Strauss;1;1;150.0;
2026-02-13;00:00;MP2;Nat. Eingang;2890217T;Sonderfahrten;1;1;30.0;
2026-02-13;00:00;MP2;Nat. Eingang;2890225T;NV Bogos Transporte;2;2;550.0;
2026-02-13;00:00;MP2;Nat. Eingang;2890227T;NV Bogos Transporte;2;12;3140.2;
2026-02-13;00:00;MP2;Nat. Eingang;2890229T;NV Bogos Transporte;7;10;1619.0;
2026-02-13;00:00;MP2;Nat. Eingang;2890230T;NV VP Logistik;5;11;5419.0;
2026-02-13;00:00;MP2;Nat. Eingang;2890231T;NV VP Logistik;6;17;3497.0;
2026-02-13;00:00;MP2;Nat. Eingang;2890232T;NV VP Logistik;2;8;1366.0;
2026-02-13;00:00;MP2;Nat. Eingang;2890234T;NV VP Logistik;2;17;5500.0;
2026-02-13;00:00;MP2;Nat. Eingang;2890238T;NV Tuncay;6;27;2102.0;
2026-02-13;00:00;MP2;Nat. Eingang;2890240T;NV Guth;6;11;870.0;
2026-02-13;00:00;MP2;Nat. Eingang;2890241T;NV Guth;1;1;130.0;
2026-02-13;00:00;MP2;Nat. Eingang;2890242T;NV Guth;3;38;1930.0;
2026-02-13;00:00;MP2;Nat. Eingang;2890245T;NV Silagi;2;2;106.0;
2026-02-13;00:00;MP2;Nat. Eingang;2890442T;Hofmanagement;13;701;201818.0;
2026-02-13;00:00;MP2;Nat. Eingang;2890476T;NV AS Transporte;3;6;817.0;
2026-02-13;00:00;MP2;Nat. Eingang;2890478T;NV AS Transporte;11;105;18122.0;
2026-02-13;00:00;MP2;Nat. Eingang;2890480T;NV Ciortan;3;31;2324.0;
2026-02-13;00:00;MP2;Nat. Eingang;2890484T;NV AS Transporte;1;1;57.0;
2026-02-13;00:00;MP2;Nat. Eingang;2890489T;WAB NV - Abholer;20;45;11908.2;
2026-02-13;00:00;MP2;Nat. Eingang;2890499T;WAB NV - Abholer;4;174;30974.0;
2026-02-13;00:00;MP2;Nat. Eingang;2890511T;WAB NV - Abholer;11;11;2576.7;
2026-02-13;00:00;MP2;Nat. Eingang;2890531T;WAB NV - Abholer;17;188;42458.0;
2026-02-13;00:00;MP2;Nat. Eingang;2890543T;WAB NV - Abholer;8;32;8148.8;
2026-02-13;00:00;MP2;Nat. Eingang;2890553T;WAB NV - Abholer;24;47;9468.0;
2026-02-13;00:00;MP2;Nat. Eingang;2890557T;WAB NV - Abholer;33;33;4332.0;
2026-02-13;00:00;MP2;Nat. Eingang;2890563T;WAB NV - Abholer;36;36;4736.0;
2026-02-13;00:00;MP2;Nat. Eingang;2890573T;WAB NV - Abholer;29;55;32221.0;
2026-02-13;00:00;MP2;Nat. Eingang;2890579T;WAB NV - Abholer;21;144;31744.0;
2026-02-13;00:00;MP2;Nat. Eingang;2890587T;WAB NV - erweitert;12;88;11214.4;
2026-02-13;00:00;MP2;Nat. Eingang;2890593T;WAB NV - Abholer;8;30;4515.0;
2026-02-13;00:00;MP2;Nat. Eingang;2890607T;WAB NV - Abholer;7;71;9700.0;
2026-02-13;00:00;MP2;Nat. Eingang;2890617T;WAB NV - Abholer;14;14;1207.1;
2026-02-13;00:00;MP2;Nat. Eingang;2890627T;WAB NV - Abholer;19;22;1649.0;
2026-02-13;00:00;MP2;Nat. Eingang;2890637T;WAB NV - Abholer;34;385;17190.7;
2026-02-13;00:00;MP2;Nat. Eingang;2890647T;WAB NV - Abholer;4;4;176.0;
2026-02-13;00:00;MP2;Nat. Eingang;2890659T;WAB NV - Abholer;22;48;2551.6;
2026-02-13;00:00;MP2;Nat. Eingang;2890667T;WAB NV - Abholer;25;138;10956.1;
2026-02-13;00:00;MP2;Nat. Eingang;2890681T;WAB NV - Abholer;35;41;7748.0;
2026-02-13;00:00;MP2;Nat. Eingang;2890695T;WAB NV - Abholer;9;147;35450.0;
2026-02-13;00:00;MP2;Nat. Eingang;2890721T;WAB NV - Abholer;6;206;36156.0;
2026-02-13;00:00;MP2;Nat. Eingang;2890731T;WAB NV - Abholer;24;58;35427.0;
2026-02-13;00:00;MP2;Nat. Eingang;2890751T;WAB NV - Abholer;32;35;13668.0;
2026-02-13;00:00;MP2;Nat. Eingang;2890755T;WAB NV - Abholer;7;42;6405.0;
2026-02-13;00:00;MP2;Nat. Eingang;2890761T;WAB NV - Abholer;9;9;1000.0;
2026-02-13;00:00;MP2;Nat. Eingang;2890816T;NV Ciortan;2;2;115.0;
2026-02-13;00:00;MP2;Nat. Eingang;2890828T;NV Yeritsyan;2;2;411.0;
2026-02-13;00:00;MP2;Nat. Eingang;2890830T;NV Yeritsyan;4;15;1786.0;
2026-02-13;00:00;MP2;Nat. Eingang;2890856T;WAB NV - Abholer;17;70;5320.0;
2026-02-13;00:00;MP2;Nat. Eingang;2890860T;WAB NV - Abholer;21;65;7500.0;
2026-02-13;00:00;MP2;Nat. Eingang;2890872T;WAB NV - Abholer;16;140;17513.9;
2026-02-13;00:00;MP2;Nat. Eingang;2890874T;WAB NV - Abholer;23;26;10689.5;
2026-02-13;00:00;MP2;Nat. Eingang;2890876T;WAB NV - Abholer;25;25;10539.4;
2026-02-13;00:00;MP2;Nat. Eingang;2890881T;WAB NV - Abholer;7;37;4154.6;
2026-02-13;00:00;MP2;Nat. Eingang;2890900T;WAB NV - Abholer;19;85;7378.0;
2026-02-13;00:00;MP2;Nat. Eingang;2890926T;WAB NV - Abholer;37;162;43631.3;
2026-02-13;00:00;MP2;Nat. Eingang;2890928T;WAB NV - Abholer;27;56;12076.1;
2026-02-13;00:00;MP2;Nat. Eingang;2890930T;WAB NV - Abholer;16;72;7915.7;
2026-02-13;00:00;MP2;Nat. Eingang;2890932T;WAB NV - Abholer;18;172;43278.4;
2026-02-13;00:00;MP2;Nat. Eingang;2890936T;WAB NV - Abholer;8;132;70864.0;
2026-02-13;00:00;MP2;Nat. Eingang;2890938T;WAB NV - Abholer;21;77;10012.0;
2026-02-13;00:00;MP2;Nat. Eingang;2890940T;WAB NV - Abholer;24;25;11526.6;
2026-02-13;00:00;MP2;Nat. Eingang;2890952T;WAB NV - Abholer;12;113;107994.0;
2026-02-13;00:00;MP2;Nat. Eingang;2890986T;NV AS Transporte;11;11;1271.0;
2026-02-13;00:00;MP2;Nat. Eingang;2890988T;NV Yeritsyan;4;5;411.0;
2026-02-13;00:00;MP2;Nat. Eingang;2890989T;Sonderfahrten;1;4;846.0;
2026-02-13;00:00;MP2;Nat. Eingang;2890995T;NV Yeritsyan;3;3;662.0;
2026-02-13;00:00;MP2;Nat. Eingang;2890996T;NV Yeritsyan;6;9;2140.0;
2026-02-13;00:00;MP2;Nat. Eingang;2891001T;NV LT Trans;5;11;1958.0;
2026-02-13;00:00;MP2;Nat. Eingang;2891006T;NV LT Trans;2;2;64.0;
2026-02-13;00:00;MP2;Nat. Eingang;2891007T;NV Silagi;6;42;12293.0;
2026-02-13;00:00;MP2;Nat. Eingang;2891008T;NV Silagi;5;10;1808.0;
2026-02-13;00:00;MP2;Nat. Eingang;2891052T;WAB NV - Abholer;15;23;1855.6;
2026-02-13;00:00;MP2;Nat. Eingang;2891061T;NV Silagi;4;36;1935.0;
2026-02-13;00:00;MP2;Nat. Eingang;2891265T;Charter;12;106;37376.0;
2026-02-13;00:00;MP2;Nat. Eingang;2891291T;WAB NV - erweitert;33;33;4185.6;
2026-02-13;00:00;MP2;Nat. Eingang;2891338T;WAB NV - Abholer;2;9;2233.1;
2026-02-13;00:00;MP2;Nat. Eingang;2891766T;NV Ciortan;1;36;10002.0;
2026-02-13;00:00;MP2;Nat. Eingang;2892348T;NV Ciortan;7;18;4397.0;
2026-02-13;00:00;MP2;Nat. Eingang;2892350T;NV VP Logistik;4;4;221.4;
2026-02-13;00:00;MP2;Nat. Eingang;2892351T;NV VP Logistik;1;1;100.0;
2026-02-13;00:00;MP2;Nat. Eingang;2892352T;NV VP Logistik;1;1;90.0;
2026-02-13;00:00;MP2;Nat. Eingang;2892353T;NV Fischer;3;3;252.0;
2026-02-13;00:00;MP2;Nat. Eingang;2892355T;NV DS Transporte;1;1;30.0;
2026-02-13;00:00;MP2;Nat. Eingang;2892359T;NV Tiroch;5;5;873.0;
2026-02-13;00:00;MP2;Nat. Eingang;2892496T;WAB NV - Abholer;18;107;38808.0;
2026-02-13;00:00;MP2;Nat. Eingang;2892500T;WAB NV - Abholer;7;34;7610.0;
2026-02-13;00:00;MP2;Nat. Eingang;2892550T;WAB NV - Abholer;5;47;10748.5;
2026-02-13;00:00;MP2;Nat. Eingang;2893119T;WAB NV - Abholer;1;1;132.0;
2026-02-13;00:00;MP2;Nat. Eingang;2893394T;WAB NV - Abholer;1;25;635.0;
2026-02-13;00:00;MP2;Nat. Eingang;2893722T;WAB NV - Abholer;19;115;39548.5;
2026-02-13;00:00;MP2;Nat. Eingang;2894687T;WAB NV - Abholer;1;1;522.4;
2026-02-13;00:00;MP4;Nat. Ausgang;;;25;56;8112.0;
2026-02-13;00:00;MP4;Nat. Ausgang;2883799T;Fernverkehr AS;1;1;28.0;
2026-02-13;00:00;MP4;Nat. Ausgang;2885783T;Linien International;1;10;650.0;
2026-02-13;00:00;MP4;Nat. Ausgang;2887189T;Linien Nord;1;5;4408.0;
2026-02-13;00:00;MP4;Nat. Ausgang;2889494T;Linien Ruhr;1;6;398.2;
2026-02-13;00:00;MP4;Nat. Ausgang;2889516T;Linien Südwest;1;2;447.0;
2026-02-13;00:00;MP4;Nat. Ausgang;2889555T;Linien Süd;1;2;185.0;
2026-02-13;00:00;MP4;Nat. Ausgang;2889692T;Linien Nord;1;3;61.1;
2026-02-13;00:00;MP4;Nat. Ausgang;2890346T;Linien International;13;58;6344.2;
2026-02-13;00:00;MP4;Nat. Ausgang;2890348T;Linien International;20;100;36336.0;
2026-02-13;00:00;MP4;Nat. Ausgang;2890350T;Linien International;10;28;9375.0;
2026-02-13;00:00;MP4;Nat. Ausgang;2890354T;Linien International;16;166;60508.9;
2026-02-13;00:00;MP4;Nat. Ausgang;2890356T;Linien Mitte;4;70;12451.2;
2026-02-13;00:00;MP4;Nat. Ausgang;2890358T;Linien Süd;16;79;8542.4;
2026-02-13;00:00;MP4;Nat. Ausgang;2890360T;Linien Süd;12;23;2981.5;
2026-02-13;00:00;MP4;Nat. Ausgang;2890362T;Linien Süd;44;100;28040.8;
2026-02-13;00:00;MP4;Nat. Ausgang;2890366T;Linien Süd;26;81;18727.0;
2026-02-13;00:00;MP4;Nat. Ausgang;2890370T;Linien Süd;34;219;46395.1;
2026-02-13;00:00;MP4;Nat. Ausgang;2890374T;Linien Südwest;37;123;18606.3;
2026-02-13;00:00;MP4;Nat. Ausgang;2890436T;Fernverkehr AS;42;90;20755.3;
2026-02-13;00:00;MP4;Nat. Ausgang;2890770T;Linien Ruhr;36;3220;37385.5;
2026-02-13;00:00;MP4;Nat. Ausgang;2890774T;Linien Ruhr;17;59;16648.0;
2026-02-13;00:00;MP4;Nat. Ausgang;2890778T;Linien Ruhr;25;178;13883.0;
2026-02-13;00:00;MP4;Nat. Ausgang;2890782T;Linien Mitte;39;688;61119.9;
2026-02-13;00:00;MP4;Nat. Ausgang;2890786T;Linien Mitte;28;43;10061.6;
2026-02-13;00:00;MP4;Nat. Ausgang;2890788T;Linien Ost;30;106;17310.4;
2026-02-13;00:00;MP4;Nat. Ausgang;2890792T;Linien Südwest;25;57;12032.6;
2026-02-13;00:00;MP4;Nat. Ausgang;2890796T;Linien Südwest;34;97;17278.5;
2026-02-13;00:00;MP4;Nat. Ausgang;2890800T;Linien Süd;59;172;31315.6;
2026-02-13;00:00;MP4;Nat. Ausgang;2890804T;Linien Süd;38;272;46083.5;
2026-02-13;00:00;MP4;Nat. Ausgang;2890808T;Linien Süd;30;103;25771.3;
2026-02-13;00:00;MP4;Nat. Ausgang;2890812T;Linien Ost;30;61;8833.5;
2026-02-13;00:00;MP4;Nat. Ausgang;2890818T;Linien Süd;21;62;10865.8;
2026-02-13;00:00;MP4;Nat. Ausgang;2890822T;Linien Mitte;28;116;10591.0;
2026-02-13;00:00;MP4;Nat. Ausgang;2890826T;Linien Mitte;15;15;3998.3;
2026-02-13;00:00;MP4;Nat. Ausgang;2890831T;Linien Süd;32;85;9693.8;
2026-02-13;00:00;MP4;Nat. Ausgang;2890833T;Linien Südwest;11;17;4080.1;
2026-02-13;00:00;MP4;Nat. Ausgang;2890837T;Linien International;1;12;2166.7;
2026-02-13;00:00;MP4;Nat. Ausgang;2890958T;Linien International;29;88;14254.4;
2026-02-13;00:00;MP4;Nat. Ausgang;2890960T;Linien International;4;15;4516.2;
2026-02-13;00:00;MP4;Nat. Ausgang;2890964T;Linien International;3;56;44959.8;
2026-02-13;00:00;MP4;Nat. Ausgang;2890966T;Linien International;5;32;7905.5;
2026-02-13;00:00;MP4;Nat. Ausgang;2890968T;Linien Nord;29;95;10656.3;
2026-02-13;00:00;MP4;Nat. Ausgang;2890972T;Linien Nord;9;30;4291.4;
2026-02-13;00:00;MP4;Nat. Ausgang;2890974T;Linien Süd;30;100;43341.9;
2026-02-13;00:00;MP4;Nat. Ausgang;2890978T;Linien Süd;3;3;424.0;
2026-02-13;00:00;MP4;Nat. Ausgang;2890980T;Linien Süd;21;234;96138.2;
2026-02-13;00:00;MP4;Nat. Ausgang;2890984T;Linien Süd;10;10;2094.0;
2026-02-13;00:00;MP4;Nat. Ausgang;2890991T;Linien Mitte;30;82;21434.4;
2026-02-13;00:00;MP4;Nat. Ausgang;2891023T;Linien Nord;14;26;5025.4;
2026-02-13;00:00;MP4;Nat. Ausgang;2891027T;Linien Mitte;32;107;9961.5;
2026-02-13;00:00;MP4;Nat. Ausgang;2891031T;Linien Süd;15;90;11215.0;
2026-02-13;00:00;MP4;Nat. Ausgang;2891035T;Linien Süd;27;110;18738.0;
2026-02-13;00:00;MP4;Nat. Ausgang;2891039T;Linien Süd;6;14;1657.6;
2026-02-13;00:00;MP4;Nat. Ausgang;2891063T;WAB NV - großer NV;7;48;9500.1;
2026-02-13;00:00;MP4;Nat. Ausgang;2891201T;Linien International;2;2;108.0;
2026-02-13;00:00;MP4;Nat. Ausgang;2891340T;Linien International;9;43;25483.6;
2026-02-13;00:00;MP4;Nat. Ausgang;2891372T;Linien International;15;27;6888.0;
2026-02-13;00:00;MP4;Nat. Ausgang;2891720T;Fernverkehr AS;4;4;1176.8;
2026-02-13;00:00;MP4;Nat. Ausgang;2891885T;WAB NV - erweitert;12;26;4574.1;
2026-02-13;00:00;MP4;Nat. Ausgang;2892052T;Linien Ruhr;9;36;14538.5;
2026-02-13;00:00;MP4;Nat. Ausgang;2892056T;Linien Ruhr;3;3;529.0;
2026-02-13;00:00;MP4;Nat. Ausgang;2892086T;Linien Süd;4;19;2732.5;
2026-02-13;00:00;MP4;Nat. Ausgang;2892100T;Linien Süd;4;36;6320.8;
2026-02-13;00:00;MP4;Nat. Ausgang;2892104T;Linien Mitte;11;48;13616.0;
2026-02-13;00:00;MP4;Nat. Ausgang;2892123T;Linien Ost;7;25;2609.3;
2026-02-13;00:00;MP4;Nat. Ausgang;2892246T;Linien International;1;1;238.0;
2026-02-13;00:00;MP4;Nat. Ausgang;2892248T;Linien International;5;44;5604.0;
2026-02-13;00:00;MP4;Nat. Ausgang;2892381T;Linien Ruhr;22;89;12253.9;
2026-02-13;00:00;MP4;Nat. Ausgang;2892412T;Linien Südwest;40;112;19745.0;
2026-02-13;00:00;MP4;Nat. Ausgang;2892421T;Linien Ost;42;119;22244.9;
2026-02-13;00:00;MP4;Nat. Ausgang;2892425T;Linien Ost;7;13;3038.2;
2026-02-13;00:00;MP4;Nat. Ausgang;2893505T;Linien Nord;18;34;9445.1;
2026-02-13;00:00;MP4;Nat. Ausgang;2893682T;Linien International;6;30;10058.0;
2026-02-13;00:00;MP4a;Sonderausgang;2881185T;Fallback;1;1;1.0;
2026-02-13;00:00;MP4a;Sonderausgang;2884155T;NV Ciortan;1;10;2325.0;
2026-02-13;00:00;MP4a;Sonderausgang;2884753T;NV Tiroch;1;4;642.0;
2026-02-13;00:00;MP4a;Sonderausgang;2885072T;Fallback;1;4;20.0;
2026-02-13;00:00;MP4a;Sonderausgang;2885074T;Fallback;1;1;33.0;
2026-02-13;00:00;MP4a;Sonderausgang;2885433T;WAB NV - großer NV;1;1;29.0;
2026-02-13;00:00;MP4a;Sonderausgang;2886293T;Fallback;1;1;5.0;
2026-02-13;00:00;MP4a;Sonderausgang;2886317T;NV DS Transporte;1;1;94.0;
2026-02-13;00:00;MP4a;Sonderausgang;2887161T;NV Yeritsyan;1;1;65.0;
2026-02-13;00:00;MP4a;Sonderausgang;2887545T;NV DS Transporte;1;1;132.0;
2026-02-13;00:00;MP4a;Sonderausgang;2887563T;Fallback;2;2;11.0;
2026-02-13;00:00;MP4a;Sonderausgang;2887674T;NV Tuncay;1;1;70.0;
2026-02-13;00:00;MP4a;Sonderausgang;2888854T;Fallback;2;6;780.0;
2026-02-13;00:00;MP4a;Sonderausgang;2888948T;NV AS Transporte;1;2;1180.0;
2026-02-13;00:00;MP4a;Sonderausgang;2889301T;WAB NV - großer NV;6;160;33775.0;
2026-02-13;00:00;MP4a;Sonderausgang;2889399T;WAB NV - großer NV;1;1;138.0;
2026-02-13;00:00;MP4a;Sonderausgang;2890111T;NV Fischer;2;2;429.0;
2026-02-13;00:00;MP4a;Sonderausgang;2890113T;NV Fischer;1;1;16.0;
2026-02-13;00:00;MP4a;Sonderausgang;2890114T;NV Fischer;4;4;237.0;
2026-02-13;00:00;MP4a;Sonderausgang;2890115T;NV DS Transporte;2;2;161.0;
2026-02-13;00:00;MP4a;Sonderausgang;2890125T;NV Strauss;2;2;453.0;
2026-02-13;00:00;MP4a;Sonderausgang;2890126T;NV Strauss;1;1;510.0;
2026-02-13;00:00;MP4a;Sonderausgang;2890127T;NV DS Transporte;1;1;173.0;
2026-02-13;00:00;MP4a;Sonderausgang;2890130T;NV AS Transporte;4;4;672.0;
2026-02-13;00:00;MP4a;Sonderausgang;2890154T;NV DS Transporte;1;9;2877.0;
2026-02-13;00:00;MP4a;Sonderausgang;2890157T;NV Strauss;1;1;167.0;
2026-02-13;00:00;MP4a;Sonderausgang;2890158T;NV DS Transporte;1;1;60.0;
2026-02-13;00:00;MP4a;Sonderausgang;2890160T;NV DS Transporte;1;1;70.0;
2026-02-13;00:00;MP4a;Sonderausgang;2890163T;NV Ciortan;1;1;138.0;
2026-02-13;00:00;MP4a;Sonderausgang;2890165T;NV Ciortan;2;18;840.0;
2026-02-13;00:00;MP4a;Sonderausgang;2890168T;NV Ciortan;1;1;50.0;
2026-02-13;00:00;MP4a;Sonderausgang;2890170T;NV AS Transporte;2;2;682.0;
2026-02-13;00:00;MP4a;Sonderausgang;2890177T;NV AS Transporte;1;1;459.0;
2026-02-13;00:00;MP4a;Sonderausgang;2890182T;NV AS Transporte;1;1;91.0;
2026-02-13;00:00;MP4a;Sonderausgang;2890184T;NV AS Transporte;3;6;415.0;
2026-02-13;00:00;MP4a;Sonderausgang;2890187T;NV Tiroch;1;4;594.0;
2026-02-13;00:00;MP4a;Sonderausgang;2890190T;NV Tiroch;1;1;402.0;
2026-02-13;00:00;MP4a;Sonderausgang;2890191T;NV Tiroch;23;43;1230.0;
2026-02-13;00:00;MP4a;Sonderausgang;2890193T;NV Tiroch;5;77;1523.0;
2026-02-13;00:00;MP4a;Sonderausgang;2890194T;NV Tiroch;2;73;8790.0;
2026-02-13;00:00;MP4a;Sonderausgang;2890198T;Sonderfahrten;2;10;1559.0;
2026-02-13;00:00;MP4a;Sonderausgang;2890199T;NV AS Transporte;1;1;13.0;
2026-02-13;00:00;MP4a;Sonderausgang;2890213T;NV Alexandru;1;4;1950.0;
2026-02-13;00:00;MP4a;Sonderausgang;2890216T;NV Strauss;1;1;214.0;
2026-02-13;00:00;MP4a;Sonderausgang;2890227T;NV Bogos Transporte;3;27;493.0;
2026-02-13;00:00;MP4a;Sonderausgang;2890230T;NV VP Logistik;1;1;80.0;
2026-02-13;00:00;MP4a;Sonderausgang;2890234T;NV VP Logistik;2;2;310.0;
2026-02-13;00:00;MP4a;Sonderausgang;2890237T;NV Tuncay;1;1;142.0;
2026-02-13;00:00;MP4a;Sonderausgang;2890239T;NV Tuncay;2;2;78.0;
2026-02-13;00:00;MP4a;Sonderausgang;2890240T;NV Guth;1;9;114.0;
2026-02-13;00:00;MP4a;Sonderausgang;2890241T;NV Guth;2;2;310.0;
2026-02-13;00:00;MP4a;Sonderausgang;2890440T;Fernverkehr AS;2;629;195250.0;
2026-02-13;00:00;MP4a;Sonderausgang;2890478T;NV AS Transporte;1;4;348.0;
2026-02-13;00:00;MP4a;Sonderausgang;2890484T;NV AS Transporte;2;20;3558.0;
2026-02-13;00:00;MP4a;Sonderausgang;2890487T;WAB NV - großer NV;1;2;600.0;
2026-02-13;00:00;MP4a;Sonderausgang;2890519T;WAB NV - großer NV;6;160;33775.0;
2026-02-13;00:00;MP4a;Sonderausgang;2890529T;WAB NV - großer NV;2;34;6139.0;
2026-02-13;00:00;MP4a;Sonderausgang;2890551T;WAB NV - großer NV;3;42;7209.0;
2026-02-13;00:00;MP4a;Sonderausgang;2890571T;WAB NV - großer NV;1;4;666.4;
2026-02-13;00:00;MP4a;Sonderausgang;2890591T;WAB NV - großer NV;3;11;883.0;
2026-02-13;00:00;MP4a;Sonderausgang;2890655T;WAB NV - großer NV;13;13;1397.0;
2026-02-13;00:00;MP4a;Sonderausgang;2890657T;WAB NV - großer NV;1;1;79.2;
2026-02-13;00:00;MP4a;Sonderausgang;2890749T;WAB NV - großer NV;1;50;5710.0;
2026-02-13;00:00;MP4a;Sonderausgang;2890830T;NV Yeritsyan;2;2;419.0;
2026-02-13;00:00;MP4a;Sonderausgang;2890995T;NV Yeritsyan;1;1;65.0;
2026-02-13;00:00;MP4a;Sonderausgang;2890996T;NV Yeritsyan;1;9;2370.0;
2026-02-13;00:00;MP4a;Sonderausgang;2891004T;NV LT Trans;3;3;535.0;
2026-02-13;00:00;MP4a;Sonderausgang;2891006T;NV LT Trans;1;1;101.6;
2026-02-13;00:00;MP4a;Sonderausgang;2891007T;NV Silagi;4;60;1140.0;
2026-02-13;00:00;MP4a;Sonderausgang;2891008T;NV Silagi;3;9;1169.9;
2026-02-13;00:00;MP4a;Sonderausgang;2891061T;NV Silagi;1;4;1000.0;
2026-02-13;00:00;MP4a;Sonderausgang;2891062T;Sonderfahrten;1;1;66.0;
2026-02-13;00:00;MP4a;Sonderausgang;2891202T;WAB NV - großer NV;1;36;4182.0;
2026-02-13;00:00;MP4a;Sonderausgang;2891526T;Sonderfahrten;1;1;590.0;
2026-02-13;00:00;MP4a;Sonderausgang;2892351T;NV VP Logistik;1;1;273.3;
2026-02-13;00:00;MP4a;Sonderausgang;2892352T;NV VP Logistik;1;9;870.0;
2026-02-13;00:00;MP4a;Sonderausgang;2892355T;NV DS Transporte;1;1;80.0;
2026-02-13;00:00;MP4a;Sonderausgang;2892359T;NV Tiroch;1;9;4230.0;
2026-02-13;00:00;MP4a;Sonderausgang;2892360T;NV Tiroch;2;2;70.0;
2026-02-13;00:00;MP4a;Sonderausgang;2892368T;Sonderfahrten;1;1;87.0;
2026-02-13;00:00;MP4a;Sonderausgang;2892450T;WAB NV - großer NV;11;47;14228.0;
2026-02-13;00:00;MP4a;Sonderausgang;2893033T;WAB NV - großer NV;1;49;13860.0;
2026-02-13;00:00;MP4a;Sonderausgang;2893714T;WAB NV - großer NV;2;17;221.0;
2026-02-13;00:00;MP4a;Sonderausgang;2894412T;WAB NV - großer NV;1;36;4182.0;
2026-02-13;00:00;MP5;SE Entladung FV;;;1804;11588;1707347.9;
2026-02-13;00:00;MP7;SA Verladung FV;2886349T;NV Tiroch;1;6;178.0;
2026-02-13;00:00;MP7;SA Verladung FV;2890108T;NV DS Transporte;9;47;7476.1;
2026-02-13;00:00;MP7;SA Verladung FV;2890109T;NV DS Transporte;7;7;685.0;
2026-02-13;00:00;MP7;SA Verladung FV;2890110T;NV Fischer;15;50;5029.8;
2026-02-13;00:00;MP7;SA Verladung FV;2890111T;NV Fischer;11;30;3738.1;
2026-02-13;00:00;MP7;SA Verladung FV;2890112T;NV Fischer;14;32;4267.8;
2026-02-13;00:00;MP7;SA Verladung FV;2890113T;NV Fischer;8;38;6900.0;
2026-02-13;00:00;MP7;SA Verladung FV;2890114T;NV Fischer;9;170;49330.1;
2026-02-13;00:00;MP7;SA Verladung FV;2890115T;NV DS Transporte;11;14;1727.0;
2026-02-13;00:00;MP7;SA Verladung FV;2890116T;NV DS Transporte;9;12;737.0;
2026-02-13;00:00;MP7;SA Verladung FV;2890117T;NV Strauss;8;34;7651.0;
2026-02-13;00:00;MP7;SA Verladung FV;2890118T;NV Strauss;4;63;18573.0;
2026-02-13;00:00;MP7;SA Verladung FV;2890119T;NV Strauss;10;22;5488.0;
2026-02-13;00:00;MP7;SA Verladung FV;2890120T;NV Strauss;9;44;6719.7;
2026-02-13;00:00;MP7;SA Verladung FV;2890121T;NV Strauss;13;13;412.1;
2026-02-13;00:00;MP7;SA Verladung FV;2890122T;NV Strauss;8;8;319.0;
2026-02-13;00:00;MP7;SA Verladung FV;2890125T;NV Strauss;12;12;1321.9;
2026-02-13;00:00;MP7;SA Verladung FV;2890126T;NV Strauss;9;23;3313.0;
2026-02-13;00:00;MP7;SA Verladung FV;2890127T;NV DS Transporte;10;28;4535.0;
2026-02-13;00:00;MP7;SA Verladung FV;2890128T;NV DS Transporte;6;56;5460.4;
2026-02-13;00:00;MP7;SA Verladung FV;2890130T;NV AS Transporte;14;31;4332.0;
2026-02-13;00:00;MP7;SA Verladung FV;2890133T;NV Fischer;10;13;3612.0;
2026-02-13;00:00;MP7;SA Verladung FV;2890154T;NV DS Transporte;8;44;3723.0;
2026-02-13;00:00;MP7;SA Verladung FV;2890155T;NV DS Transporte;9;18;3613.0;
2026-02-13;00:00;MP7;SA Verladung FV;2890156T;NV Strauss;9;32;6601.0;
2026-02-13;00:00;MP7;SA Verladung FV;2890157T;NV Strauss;5;11;2781.0;
2026-02-13;00:00;MP7;SA Verladung FV;2890158T;NV DS Transporte;8;19;566.0;
2026-02-13;00:00;MP7;SA Verladung FV;2890159T;NV DS Transporte;9;61;11799.0;
2026-02-13;00:00;MP7;SA Verladung FV;2890160T;NV DS Transporte;5;35;6584.0;
2026-02-13;00:00;MP7;SA Verladung FV;2890161T;NV DS Transporte;10;48;4866.7;
2026-02-13;00:00;MP7;SA Verladung FV;2890162T;NV DS Transporte;11;32;2611.2;
2026-02-13;00:00;MP7;SA Verladung FV;2890163T;NV Ciortan;10;79;3414.0;
2026-02-13;00:00;MP7;SA Verladung FV;2890164T;NV DS Transporte;8;16;805.0;
2026-02-13;00:00;MP7;SA Verladung FV;2890165T;NV Ciortan;15;22;2275.6;
2026-02-13;00:00;MP7;SA Verladung FV;2890168T;NV Ciortan;19;25;823.6;
2026-02-13;00:00;MP7;SA Verladung FV;2890169T;NV AS Transporte;18;29;2795.6;
2026-02-13;00:00;MP7;SA Verladung FV;2890170T;NV AS Transporte;14;31;6831.0;
2026-02-13;00:00;MP7;SA Verladung FV;2890174T;NV DS Transporte;7;35;5075.0;
2026-02-13;00:00;MP7;SA Verladung FV;2890175T;NV DS Transporte;6;9;1815.0;
2026-02-13;00:00;MP7;SA Verladung FV;2890176T;NV DS Transporte;9;15;634.8;
2026-02-13;00:00;MP7;SA Verladung FV;2890177T;NV AS Transporte;12;23;3567.8;
2026-02-13;00:00;MP7;SA Verladung FV;2890180T;NV Ciortan;16;336;21402.0;
2026-02-13;00:00;MP7;SA Verladung FV;2890182T;NV AS Transporte;8;11;1349.0;
2026-02-13;00:00;MP7;SA Verladung FV;2890184T;NV AS Transporte;11;41;4622.9;
2026-02-13;00:00;MP7;SA Verladung FV;2890187T;NV Tiroch;10;16;2113.0;
2026-02-13;00:00;MP7;SA Verladung FV;2890189T;NV Tiroch;13;21;3267.0;
2026-02-13;00:00;MP7;SA Verladung FV;2890190T;NV Tiroch;11;22;2800.0;
2026-02-13;00:00;MP7;SA Verladung FV;2890191T;NV Tiroch;1;4;682.0;
2026-02-13;00:00;MP7;SA Verladung FV;2890193T;NV Tiroch;9;9;2345.0;
2026-02-13;00:00;MP7;SA Verladung FV;2890194T;NV Tiroch;10;16;1684.0;
2026-02-13;00:00;MP7;SA Verladung FV;2890195T;DM AS-Transport;9;36;11499.0;
2026-02-13;00:00;MP7;SA Verladung FV;2890196T;DM AS-Transport;6;23;7113.0;
2026-02-13;00:00;MP7;SA Verladung FV;2890197T;DM AS-Transport;10;41;12661.0;
2026-02-13;00:00;MP7;SA Verladung FV;2890199T;NV AS Transporte;11;83;4412.7;
2026-02-13;00:00;MP7;SA Verladung FV;2890206T;NV AS Transporte;11;40;7159.1;
2026-02-13;00:00;MP7;SA Verladung FV;2890213T;NV Alexandru;9;17;2093.0;
2026-02-13;00:00;MP7;SA Verladung FV;2890215T;NV Strauss;7;13;2608.0;
2026-02-13;00:00;MP7;SA Verladung FV;2890216T;NV Strauss;7;7;763.0;
2026-02-13;00:00;MP7;SA Verladung FV;2890217T;Sonderfahrten;11;11;281.2;
2026-02-13;00:00;MP7;SA Verladung FV;2890219T;DM AS-Transport;10;21;7339.0;
2026-02-13;00:00;MP7;SA Verladung FV;2890220T;DM AS-Transport;6;55;16528.0;
2026-02-13;00:00;MP7;SA Verladung FV;2890222T;DM AS-Transport;2;233;84443.0;
2026-02-13;00:00;MP7;SA Verladung FV;2890224T;NV AS Transporte;14;22;2938.0;
2026-02-13;00:00;MP7;SA Verladung FV;2890225T;NV Bogos Transporte;10;48;2469.0;
2026-02-13;00:00;MP7;SA Verladung FV;2890227T;NV Bogos Transporte;8;30;9669.0;
2026-02-13;00:00;MP7;SA Verladung FV;2890229T;NV Bogos Transporte;9;70;5625.0;
2026-02-13;00:00;MP7;SA Verladung FV;2890230T;NV VP Logistik;13;25;3723.0;
2026-02-13;00:00;MP7;SA Verladung FV;2890231T;NV VP Logistik;18;48;5470.0;
2026-02-13;00:00;MP7;SA Verladung FV;2890232T;NV VP Logistik;14;14;1777.0;
2026-02-13;00:00;MP7;SA Verladung FV;2890234T;NV VP Logistik;7;12;2402.0;
2026-02-13;00:00;MP7;SA Verladung FV;2890237T;NV Tuncay;13;13;1619.6;
2026-02-13;00:00;MP7;SA Verladung FV;2890238T;NV Tuncay;11;65;10168.0;
2026-02-13;00:00;MP7;SA Verladung FV;2890239T;NV Tuncay;10;28;5077.0;
2026-02-13;00:00;MP7;SA Verladung FV;2890240T;NV Guth;10;126;7864.0;
2026-02-13;00:00;MP7;SA Verladung FV;2890241T;NV Guth;6;29;4664.0;
2026-02-13;00:00;MP7;SA Verladung FV;2890242T;NV Guth;12;45;7657.0;
2026-02-13;00:00;MP7;SA Verladung FV;2890244T;Sonderfahrten;3;6;537.0;
2026-02-13;00:00;MP7;SA Verladung FV;2890245T;NV Silagi;10;13;534.0;
2026-02-13;00:00;MP7;SA Verladung FV;2890404T;DM AS-Transport;17;98;32228.0;
2026-02-13;00:00;MP7;SA Verladung FV;2890406T;DM AS-Transport;9;31;9764.0;
2026-02-13;00:00;MP7;SA Verladung FV;2890408T;DM AS-Transport;17;124;41786.0;
2026-02-13;00:00;MP7;SA Verladung FV;2890410T;DM AS-Transport;12;62;20264.0;
2026-02-13;00:00;MP7;SA Verladung FV;2890412T;DM AS-Transport;19;96;30896.0;
2026-02-13;00:00;MP7;SA Verladung FV;2890414T;DM AS-Transport;17;85;28317.0;
2026-02-13;00:00;MP7;SA Verladung FV;2890416T;DM AS-Transport;19;92;28432.0;
2026-02-13;00:00;MP7;SA Verladung FV;2890418T;DM AS-Transport;13;47;15451.0;
2026-02-13;00:00;MP7;SA Verladung FV;2890420T;DM AS-Transport;21;86;24815.0;
2026-02-13;00:00;MP7;SA Verladung FV;2890422T;DM AS-Transport;12;33;10816.0;
2026-02-13;00:00;MP7;SA Verladung FV;2890475T;WAB NV - großer NV;5;31;15734.0;
2026-02-13;00:00;MP7;SA Verladung FV;2890476T;NV AS Transporte;18;26;6335.3;
2026-02-13;00:00;MP7;SA Verladung FV;2890478T;NV AS Transporte;18;171;25530.6;
2026-02-13;00:00;MP7;SA Verladung FV;2890480T;NV Ciortan;26;77;21828.4;
2026-02-13;00:00;MP7;SA Verladung FV;2890484T;NV AS Transporte;13;13;1088.0;
2026-02-13;00:00;MP7;SA Verladung FV;2890487T;WAB NV - großer NV;17;51;30409.0;
2026-02-13;00:00;MP7;SA Verladung FV;2890519T;WAB NV - großer NV;8;66;25786.7;
2026-02-13;00:00;MP7;SA Verladung FV;2890529T;WAB NV - großer NV;6;46;21274.0;
2026-02-13;00:00;MP7;SA Verladung FV;2890541T;WAB NV - großer NV;7;67;18256.0;
2026-02-13;00:00;MP7;SA Verladung FV;2890551T;WAB NV - großer NV;8;29;16523.3;
2026-02-13;00:00;MP7;SA Verladung FV;2890561T;WAB NV - großer NV;5;72;52498.0;
2026-02-13;00:00;MP7;SA Verladung FV;2890571T;WAB NV - großer NV;11;105;26584.4;
2026-02-13;00:00;MP7;SA Verladung FV;2890577T;WAB NV - großer NV;3;129;22836.0;
2026-02-13;00:00;MP7;SA Verladung FV;2890591T;WAB NV - großer NV;3;170;55376.0;
2026-02-13;00:00;MP7;SA Verladung FV;2890605T;WAB NV - großer NV;4;15;5093.0;
2026-02-13;00:00;MP7;SA Verladung FV;2890615T;WAB NV - großer NV;5;90;27031.0;
2026-02-13;00:00;MP7;SA Verladung FV;2890635T;WAB NV - großer NV;4;366;24222.0;
2026-02-13;00:00;MP7;SA Verladung FV;2890645T;WAB NV - großer NV;6;170;115542.0;
2026-02-13;00:00;MP7;SA Verladung FV;2890657T;WAB NV - großer NV;9;41;8535.0;
2026-02-13;00:00;MP7;SA Verladung FV;2890675T;WAB NV - großer NV;11;113;47578.0;
2026-02-13;00:00;MP7;SA Verladung FV;2890679T;WAB NV - großer NV;15;199;12066.2;
2026-02-13;00:00;MP7;SA Verladung FV;2890703T;WAB NV - großer NV;6;17;4612.0;
2026-02-13;00:00;MP7;SA Verladung FV;2890719T;WAB NV - großer NV;5;56;34104.0;
2026-02-13;00:00;MP7;SA Verladung FV;2890729T;WAB NV - großer NV;16;461;104565.0;
2026-02-13;00:00;MP7;SA Verladung FV;2890749T;WAB NV - großer NV;3;14;3215.1;
2026-02-13;00:00;MP7;SA Verladung FV;2890759T;WAB NV - großer NV;3;136;63178.0;
2026-02-13;00:00;MP7;SA Verladung FV;2890769T;Sonderfahrten;9;145;3834.0;
2026-02-13;00:00;MP7;SA Verladung FV;2890816T;NV Ciortan;15;15;2951.5;
2026-02-13;00:00;MP7;SA Verladung FV;2890828T;NV Yeritsyan;15;30;4238.0;
2026-02-13;00:00;MP7;SA Verladung FV;2890830T;NV Yeritsyan;11;26;4101.7;
2026-02-13;00:00;MP7;SA Verladung FV;2890855T;WAB NV - großer NV;3;230;42582.0;
2026-02-13;00:00;MP7;SA Verladung FV;2890949T;WAB NV - großer NV;6;1719;150120.0;
2026-02-13;00:00;MP7;SA Verladung FV;2890986T;NV AS Transporte;14;45;11686.0;
2026-02-13;00:00;MP7;SA Verladung FV;2890988T;NV Yeritsyan;14;29;1925.2;
2026-02-13;00:00;MP7;SA Verladung FV;2890989T;Sonderfahrten;4;15;8616.0;
2026-02-13;00:00;MP7;SA Verladung FV;2890990T;NV VP Logistik;4;4;483.0;
2026-02-13;00:00;MP7;SA Verladung FV;2890995T;NV Yeritsyan;14;43;10762.0;
2026-02-13;00:00;MP7;SA Verladung FV;2890996T;NV Yeritsyan;13;19;5524.0;
2026-02-13;00:00;MP7;SA Verladung FV;2891000T;NV LT Trans;12;50;978.0;
2026-02-13;00:00;MP7;SA Verladung FV;2891001T;NV LT Trans;9;50;3856.0;
2026-02-13;00:00;MP7;SA Verladung FV;2891002T;Sonderfahrten;3;7;2312.0;
2026-02-13;00:00;MP7;SA Verladung FV;2891003T;NV LT Trans;7;10;2403.0;
2026-02-13;00:00;MP7;SA Verladung FV;2891004T;NV LT Trans;6;9;787.0;
2026-02-13;00:00;MP7;SA Verladung FV;2891005T;NV LT Trans;14;47;5244.3;
2026-02-13;00:00;MP7;SA Verladung FV;2891006T;NV LT Trans;12;58;7924.0;
2026-02-13;00:00;MP7;SA Verladung FV;2891007T;NV Silagi;15;39;5588.0;
2026-02-13;00:00;MP7;SA Verladung FV;2891008T;NV Silagi;15;53;7150.0;
2026-02-13;00:00;MP7;SA Verladung FV;2891010T;Sonderfahrten;10;13;1289.0;
2026-02-13;00:00;MP7;SA Verladung FV;2891022T;Sonderfahrten;5;27;4382.0;
2026-02-13;00:00;MP7;SA Verladung FV;2891050T;WAB NV - großer NV;7;112;20787.3;
2026-02-13;00:00;MP7;SA Verladung FV;2891060T;NV Silagi;11;132;5365.0;
2026-02-13;00:00;MP7;SA Verladung FV;2891061T;NV Silagi;16;51;5669.0;
2026-02-13;00:00;MP7;SA Verladung FV;2891062T;Sonderfahrten;4;8;2401.1;
2026-02-13;00:00;MP7;SA Verladung FV;2891277T;DM AS-Transport;24;78;23966.0;
2026-02-13;00:00;MP7;SA Verladung FV;2891278T;DM AS-Transport;27;156;41218.0;
2026-02-13;00:00;MP7;SA Verladung FV;2891279T;DM AS-Transport;25;68;20510.0;
2026-02-13;00:00;MP7;SA Verladung FV;2891281T;DM AS-Transport;22;80;26401.0;
2026-02-13;00:00;MP7;SA Verladung FV;2891308T;NV Strauss;10;36;10028.0;
2026-02-13;00:00;MP7;SA Verladung FV;2891395T;NV Fischer;1;121;9482.0;
2026-02-13;00:00;MP7;SA Verladung FV;2891396T;NV Fischer;1;1;18.0;
2026-02-13;00:00;MP7;SA Verladung FV;2891398T;NV DS Transporte;1;1;50.0;
2026-02-13;00:00;MP7;SA Verladung FV;2891415T;NV Fischer;1;1;60.0;
2026-02-13;00:00;MP7;SA Verladung FV;2891438T;NV DS Transporte;1;16;4800.0;
2026-02-13;00:00;MP7;SA Verladung FV;2891446T;NV Ciortan;1;1;127.0;
2026-02-13;00:00;MP7;SA Verladung FV;2891450T;NV Ciortan;1;1;200.0;
2026-02-13;00:00;MP7;SA Verladung FV;2891466T;NV AS Transporte;2;2;73.0;
2026-02-13;00:00;MP7;SA Verladung FV;2891471T;NV Tiroch;1;1;758.0;
2026-02-13;00:00;MP7;SA Verladung FV;2891475T;NV Tiroch;1;1;165.0;
2026-02-13;00:00;MP7;SA Verladung FV;2891488T;NV AS Transporte;1;1;75.0;
2026-02-13;00:00;MP7;SA Verladung FV;2891506T;NV AS Transporte;1;1;50.0;
2026-02-13;00:00;MP7;SA Verladung FV;2891509T;NV Bogos Transporte;1;4;206.0;
2026-02-13;00:00;MP7;SA Verladung FV;2891511T;NV Bogos Transporte;1;16;480.0;
2026-02-13;00:00;MP7;SA Verladung FV;2891524T;NV Guth;1;4;206.0;
2026-02-13;00:00;MP7;SA Verladung FV;2891525T;NV VP Logistik;1;1;144.0;
2026-02-13;00:00;MP7;SA Verladung FV;2891527T;NV Silagi;1;1;44.0;
2026-02-13;00:00;MP7;SA Verladung FV;2891762T;NV AS Transporte;1;15;573.0;
2026-02-13;00:00;MP7;SA Verladung FV;2891764T;NV Ciortan;1;2;466.0;
2026-02-13;00:00;MP7;SA Verladung FV;2891766T;NV Ciortan;5;8;3039.0;
2026-02-13;00:00;MP7;SA Verladung FV;2891779T;WAB NV - großer NV;14;22;4132.1;
2026-02-13;00:00;MP7;SA Verladung FV;2891811T;WAB NV - großer NV;1;108;20970.0;
2026-02-13;00:00;MP7;SA Verladung FV;2891823T;WAB NV - großer NV;1;1;68.0;
2026-02-13;00:00;MP7;SA Verladung FV;2891859T;WAB NV - großer NV;3;46;3784.0;
2026-02-13;00:00;MP7;SA Verladung FV;2891887T;WAB NV - großer NV;2;18;5583.0;
2026-02-13;00:00;MP7;SA Verladung FV;2891917T;WAB NV - großer NV;1;1;335.0;
2026-02-13;00:00;MP7;SA Verladung FV;2891927T;WAB NV - großer NV;8;29;3474.3;
2026-02-13;00:00;MP7;SA Verladung FV;2891957T;WAB NV - großer NV;4;45;24828.0;
2026-02-13;00:00;MP7;SA Verladung FV;2892098T;NV Ciortan;2;2;179.0;
2026-02-13;00:00;MP7;SA Verladung FV;2892112T;NV Yeritsyan;1;1;40.0;
2026-02-13;00:00;MP7;SA Verladung FV;2892268T;NV AS Transporte;1;1;115.0;
2026-02-13;00:00;MP7;SA Verladung FV;2892270T;NV Yeritsyan;1;1;165.0;
2026-02-13;00:00;MP7;SA Verladung FV;2892271T;Sonderfahrten;1;1;78.0;
2026-02-13;00:00;MP7;SA Verladung FV;2892277T;NV Yeritsyan;1;4;68.0;
2026-02-13;00:00;MP7;SA Verladung FV;2892278T;NV Yeritsyan;6;41;4067.0;
2026-02-13;00:00;MP7;SA Verladung FV;2892288T;NV LT Trans;1;1;352.0;
2026-02-13;00:00;MP7;SA Verladung FV;2892344T;NV Silagi;2;3;2733.0;
2026-02-13;00:00;MP7;SA Verladung FV;2892345T;NV Silagi;1;3;159.0;
2026-02-13;00:00;MP7;SA Verladung FV;2892346T;Sonderfahrten;2;10;1023.0;
2026-02-13;00:00;MP7;SA Verladung FV;2892348T;NV Ciortan;15;75;24759.0;
2026-02-13;00:00;MP7;SA Verladung FV;2892349T;NV VP Logistik;5;31;9463.5;
2026-02-13;00:00;MP7;SA Verladung FV;2892350T;NV VP Logistik;5;5;429.0;
2026-02-13;00:00;MP7;SA Verladung FV;2892351T;NV VP Logistik;6;6;455.0;
2026-02-13;00:00;MP7;SA Verladung FV;2892352T;NV VP Logistik;2;2;256.0;
2026-02-13;00:00;MP7;SA Verladung FV;2892353T;NV Fischer;11;28;3376.0;
2026-02-13;00:00;MP7;SA Verladung FV;2892354T;NV Fischer;6;18;6727.0;
2026-02-13;00:00;MP7;SA Verladung FV;2892355T;NV DS Transporte;9;17;583.0;
2026-02-13;00:00;MP7;SA Verladung FV;2892356T;NV AS Transporte;7;61;1551.0;
2026-02-13;00:00;MP7;SA Verladung FV;2892358T;NV Tiroch;6;20;11931.0;
2026-02-13;00:00;MP7;SA Verladung FV;2892359T;NV Tiroch;6;6;2501.0;
2026-02-13;00:00;MP7;SA Verladung FV;2892360T;NV Tiroch;7;13;3231.0;
2026-02-13;00:00;MP7;SA Verladung FV;2892368T;Sonderfahrten;13;29;871.0;
2026-02-13;00:00;MP7;SA Verladung FV;2892377T;WAB NV - großer NV;9;50;8751.0;
2026-02-13;00:00;MP7;SA Verladung FV;2892385T;WAB NV - großer NV;1;1;800.0;
2026-02-13;00:00;MP7;SA Verladung FV;2892438T;Sonderfahrten;2;13;2002.0;
2026-02-13;00:00;MP7;SA Verladung FV;2892450T;WAB NV - großer NV;11;163;36313.0;
2026-02-13;00:00;MP7;SA Verladung FV;2892464T;WAB NV - großer NV;7;30;4272.0;
2026-02-13;00:00;MP7;SA Verladung FV;2892495T;Sonderfahrten;3;8;2357.0;
2026-02-13;00:00;MP7;SA Verladung FV;2892578T;NV AS Transporte;1;4;188.0;
2026-02-13;00:00;MP7;SA Verladung FV;2892679T;NV AS Transporte;1;1;177.0;
2026-02-13;00:00;MP7;SA Verladung FV;2892964T;NV Ciortan;1;1;100.0;
2026-02-13;00:00;MP7;SA Verladung FV;2893059T;WAB NV - großer NV;1;1;488.0;
2026-02-13;00:00;MP7;SA Verladung FV;2893073T;WAB NV - großer NV;6;49;6091.5;
2026-02-13;00:00;MP7;SA Verladung FV;2893157T;WAB NV - großer NV;4;18;3166.2;
2026-02-13;00:00;MP7;SA Verladung FV;2893201T;WAB NV - großer NV;1;49;6475.0;
2026-02-13;00:00;MP7;SA Verladung FV;2893298T;NV Ciortan;1;1;1.0;
2026-02-13;00:00;MP7;SA Verladung FV;2893468T;NV AS Transporte;1;1;24.0;
2026-02-13;00:00;MP7;SA Verladung FV;2893551T;NV Ciortan;1;4;400.0;
2026-02-13;00:00;MP7;SA Verladung FV;2893714T;WAB NV - großer NV;3;6;1469.0;
2026-02-13;00:00;MP7;SA Verladung FV;2893741T;WAB NV - großer NV;4;12;3287.0;
2026-02-13;00:00;MP7;SA Verladung FV;2893864T;NV AS Transporte;1;1;670.0;
2026-02-13;00:00;MP7;SA Verladung FV;2893871T;Fallback;1;1;91.0;
2026-02-13;00:00;MP7;SA Verladung FV;2893928T;NV Tiroch;1;1;9.0;
2026-02-13;00:00;MP7;SA Verladung FV;2893980T;NV Silagi;1;1;58.0;
2026-02-13;00:00;MP7;SA Verladung FV;2894370T;WAB NV - großer NV;6;20;5554.0;
2026-02-13;00:00;MP7;SA Verladung FV;2894834T;WAB NV - großer NV;1;9;2892.0;
2026-02-13;00:00;MP7;SA Verladung FV;2895142T;Fallback;1;1;1.0;
2026-02-13;00:00;MP7;SA Verladung FV;2895222T;NV Strauss;1;1;150.0;
2026-02-13;00:00;MP7;SA Verladung FV;2896087T;NV Fischer;1;1;52.0;
2026-02-13;00:00;MP7;SA Verladung FV;2897674T;Fallback;1;1;44.0;
2026-02-13;00:00;MP7;SA Verladung FV;2904112T;NV Strauss;1;1;96.0;
2026-02-13;00:00;MP9a;Sonderscan;;;14;44;5301.1;
2026-02-13;00:00;MP9b;NV Eingang;;;369;1264;216287.0;
2026-02-14;00:00;MP5;SE Entladung FV;;;293;1355;211601.9;
2026-02-14;00:00;MP7;SA Verladung FV;2891280T;DM AS-Transport;22;90;26863.0;
2026-02-14;00:00;MP7;SA Verladung FV;2891282T;DM AS-Transport;10;54;18819.0;
2026-02-14;00:00;MP7;SA Verladung FV;2891307T;NV Strauss;12;42;11710.0;
2026-02-14;00:00;MP7;SA Verladung FV;2891314T;NV VP Logistik;9;32;10818.0;
2026-02-14;00:00;MP7;SA Verladung FV;2891315T;NV VP Logistik;9;51;16196.0;
2026-02-15;00:00;MP4a;Sonderausgang;2893623T;WAB NV - großer NV;1;1;135.0;
2026-02-15;00:00;MP5;SE Entladung FV;;;105;1439;110741.1;
2026-02-15;00:00;MP7;SA Verladung FV;2891833T;WAB NV - großer NV;2;13;8099.0;
2026-02-15;00:00;MP7;SA Verladung FV;2892979T;WAB NV - großer NV;1;9;2235.0;
2026-02-15;00:00;MP7;SA Verladung FV;2893623T;WAB NV - großer NV;4;22;3688.0;
2026-02-16;00:00;MP2;Nat. Eingang;;;37;106;8708.9;
2026-02-16;00:00;MP2;Nat. Eingang;2889170T;Hofmanagement;1;4;4272.0;
2026-02-16;00:00;MP2;Nat. Eingang;2889311T;WAB NV - erweitert;1;9;8244.0;
2026-02-16;00:00;MP2;Nat. Eingang;2890131T;Fernverkehr AS;1;49;13860.0;
2026-02-16;00:00;MP2;Nat. Eingang;2890659T;WAB NV - Abholer;1;1;9.8;
2026-02-16;00:00;MP2;Nat. Eingang;2890932T;WAB NV - Abholer;4;38;7145.5;
2026-02-16;00:00;MP2;Nat. Eingang;2891300T;Charter;10;188;67536.0;
2026-02-16;00:00;MP2;Nat. Eingang;2891346T;Charter;11;133;49698.0;
2026-02-16;00:00;MP2;Nat. Eingang;2891391T;NV DS Transporte;1;64;6400.0;
2026-02-16;00:00;MP2;Nat. Eingang;2891394T;NV Fischer;7;106;15055.0;
2026-02-16;00:00;MP2;Nat. Eingang;2891395T;NV Fischer;5;5;312.0;
2026-02-16;00:00;MP2;Nat. Eingang;2891396T;NV Fischer;10;37;5098.0;
2026-02-16;00:00;MP2;Nat. Eingang;2891397T;NV DS Transporte;8;109;39907.0;
2026-02-16;00:00;MP2;Nat. Eingang;2891398T;NV DS Transporte;3;6;878.0;
2026-02-16;00:00;MP2;Nat. Eingang;2891402T;NV Strauss;4;19;7401.0;
2026-02-16;00:00;MP2;Nat. Eingang;2891403T;NV Strauss;3;6;109.0;
2026-02-16;00:00;MP2;Nat. Eingang;2891404T;NV Strauss;1;1;15.0;
2026-02-16;00:00;MP2;Nat. Eingang;2891407T;NV Strauss;1;1;60.0;
2026-02-16;00:00;MP2;Nat. Eingang;2891410T;NV DS Transporte;5;43;13662.0;
2026-02-16;00:00;MP2;Nat. Eingang;2891411T;NV AS Transporte;5;59;24124.0;
2026-02-16;00:00;MP2;Nat. Eingang;2891412T;NV AS Transporte;6;10;755.0;
2026-02-16;00:00;MP2;Nat. Eingang;2891415T;NV Fischer;6;6;1552.0;
2026-02-16;00:00;MP2;Nat. Eingang;2891438T;NV DS Transporte;10;19;5152.0;
2026-02-16;00:00;MP2;Nat. Eingang;2891440T;NV Strauss;1;4;600.0;
2026-02-16;00:00;MP2;Nat. Eingang;2891441T;NV DS Transporte;2;2;204.0;
2026-02-16;00:00;MP2;Nat. Eingang;2891443T;NV DS Transporte;11;25;5363.0;
2026-02-16;00:00;MP2;Nat. Eingang;2891444T;NV DS Transporte;1;1;153.0;
2026-02-16;00:00;MP2;Nat. Eingang;2891446T;NV Ciortan;2;43;1378.0;
2026-02-16;00:00;MP2;Nat. Eingang;2891448T;NV Ciortan;7;36;13187.0;
2026-02-16;00:00;MP2;Nat. Eingang;2891450T;NV Ciortan;1;9;2616.0;
2026-02-16;00:00;MP2;Nat. Eingang;2891451T;NV Ciortan;4;8;423.0;
2026-02-16;00:00;MP2;Nat. Eingang;2891452T;NV AS Transporte;5;11;2334.0;
2026-02-16;00:00;MP2;Nat. Eingang;2891453T;NV AS Transporte;7;25;1313.0;
2026-02-16;00:00;MP2;Nat. Eingang;2891457T;NV DS Transporte;10;50;10406.0;
2026-02-16;00:00;MP2;Nat. Eingang;2891458T;NV DS Transporte;8;17;3334.0;
2026-02-16;00:00;MP2;Nat. Eingang;2891459T;NV DS Transporte;7;7;530.0;
2026-02-16;00:00;MP2;Nat. Eingang;2891460T;NV AS Transporte;1;1;67.0;
2026-02-16;00:00;MP2;Nat. Eingang;2891462T;NV AS Transporte;3;6;490.0;
2026-02-16;00:00;MP2;Nat. Eingang;2891464T;NV AS Transporte;1;4;200.0;
2026-02-16;00:00;MP2;Nat. Eingang;2891469T;NV Tiroch;6;6;669.0;
2026-02-16;00:00;MP2;Nat. Eingang;2891471T;NV Tiroch;3;3;75.0;
2026-02-16;00:00;MP2;Nat. Eingang;2891472T;NV Tiroch;2;19;13854.0;
2026-02-16;00:00;MP2;Nat. Eingang;2891473T;NV Tiroch;9;12;5113.0;
2026-02-16;00:00;MP2;Nat. Eingang;2891475T;NV Tiroch;3;3;392.0;
2026-02-16;00:00;MP2;Nat. Eingang;2891476T;NV Tiroch;12;134;15206.0;
2026-02-16;00:00;MP2;Nat. Eingang;2891481T;NV AS Transporte;6;9;2725.0;
2026-02-16;00:00;MP2;Nat. Eingang;2891488T;NV AS Transporte;2;17;3360.0;
2026-02-16;00:00;MP2;Nat. Eingang;2891495T;NV Alexandru;3;11;2013.0;
2026-02-16;00:00;MP2;Nat. Eingang;2891498T;NV Strauss;3;3;413.0;
2026-02-16;00:00;MP2;Nat. Eingang;2891506T;NV AS Transporte;3;3;599.0;
2026-02-16;00:00;MP2;Nat. Eingang;2891507T;NV Bogos Transporte;4;4;1128.0;
2026-02-16;00:00;MP2;Nat. Eingang;2891509T;NV Bogos Transporte;5;8;1931.8;
2026-02-16;00:00;MP2;Nat. Eingang;2891511T;NV Bogos Transporte;5;5;1040.0;
2026-02-16;00:00;MP2;Nat. Eingang;2891512T;NV VP Logistik;3;7;2784.0;
2026-02-16;00:00;MP2;Nat. Eingang;2891514T;NV VP Logistik;3;14;4445.0;
2026-02-16;00:00;MP2;Nat. Eingang;2891516T;NV VP Logistik;3;3;391.0;
2026-02-16;00:00;MP2;Nat. Eingang;2891519T;NV Tuncay;1;1;250.0;
2026-02-16;00:00;MP2;Nat. Eingang;2891520T;NV Tuncay;3;9;5038.0;
2026-02-16;00:00;MP2;Nat. Eingang;2891521T;NV Tuncay;5;11;6041.0;
2026-02-16;00:00;MP2;Nat. Eingang;2891522T;NV Guth;5;8;1071.0;
2026-02-16;00:00;MP2;Nat. Eingang;2891523T;NV Guth;1;1;115.0;
2026-02-16;00:00;MP2;Nat. Eingang;2891525T;NV VP Logistik;8;34;15245.0;
2026-02-16;00:00;MP2;Nat. Eingang;2891726T;Hofmanagement;17;55;27008.3;
2026-02-16;00:00;MP2;Nat. Eingang;2891762T;NV AS Transporte;5;11;4891.0;
2026-02-16;00:00;MP2;Nat. Eingang;2891764T;NV Ciortan;6;44;3229.0;
2026-02-16;00:00;MP2;Nat. Eingang;2891766T;NV Ciortan;4;47;12614.0;
2026-02-16;00:00;MP2;Nat. Eingang;2891771T;WAB NV - Abholer;3;38;12724.0;
2026-02-16;00:00;MP2;Nat. Eingang;2891781T;WAB NV - Abholer;24;67;5184.0;
2026-02-16;00:00;MP2;Nat. Eingang;2891785T;WAB NV - Abholer;30;80;25150.0;
2026-02-16;00:00;MP2;Nat. Eingang;2891793T;WAB NV - Abholer;28;28;3839.3;
2026-02-16;00:00;MP2;Nat. Eingang;2891803T;WAB NV - Abholer;22;46;12239.4;
2026-02-16;00:00;MP2;Nat. Eingang;2891807T;WAB NV - Abholer;15;33;8727.0;
2026-02-16;00:00;MP2;Nat. Eingang;2891813T;WAB NV - Abholer;32;38;11086.0;
2026-02-16;00:00;MP2;Nat. Eingang;2891835T;WAB NV - Abholer;29;59;21984.0;
2026-02-16;00:00;MP2;Nat. Eingang;2891839T;WAB NV - Abholer;3;6;2784.0;
2026-02-16;00:00;MP2;Nat. Eingang;2891849T;WAB NV - Abholer;12;70;22545.2;
2026-02-16;00:00;MP2;Nat. Eingang;2891855T;WAB NV - Abholer;25;44;9035.0;
2026-02-16;00:00;MP2;Nat. Eingang;2891865T;WAB NV - Abholer;7;81;12215.0;
2026-02-16;00:00;MP2;Nat. Eingang;2891869T;WAB NV - erweitert;22;39;20054.0;
2026-02-16;00:00;MP2;Nat. Eingang;2891889T;WAB NV - Abholer;17;113;15781.0;
2026-02-16;00:00;MP2;Nat. Eingang;2891893T;WAB NV - Abholer;9;20;6614.0;
2026-02-16;00:00;MP2;Nat. Eingang;2891909T;WAB NV - Abholer;17;20;2902.0;
2026-02-16;00:00;MP2;Nat. Eingang;2891919T;WAB NV - Abholer;6;72;5260.0;
2026-02-16;00:00;MP2;Nat. Eingang;2891929T;WAB NV - Abholer;7;13;1490.5;
2026-02-16;00:00;MP2;Nat. Eingang;2891941T;WAB NV - Abholer;15;26;8934.0;
2026-02-16;00:00;MP2;Nat. Eingang;2891949T;WAB NV - Abholer;4;10;3836.0;
2026-02-16;00:00;MP2;Nat. Eingang;2891963T;WAB NV - Abholer;35;61;14479.8;
2026-02-16;00:00;MP2;Nat. Eingang;2891977T;WAB NV - Abholer;4;124;24800.0;
2026-02-16;00:00;MP2;Nat. Eingang;2891993T;WAB NV - Abholer;29;172;24494.5;
2026-02-16;00:00;MP2;Nat. Eingang;2892013T;WAB NV - Abholer;8;612;23881.6;
2026-02-16;00:00;MP2;Nat. Eingang;2892043T;WAB NV - Abholer;15;18;2470.0;
2026-02-16;00:00;MP2;Nat. Eingang;2892098T;NV Ciortan;3;3;850.9;
2026-02-16;00:00;MP2;Nat. Eingang;2892110T;NV Yeritsyan;4;7;4170.0;
2026-02-16;00:00;MP2;Nat. Eingang;2892112T;NV Yeritsyan;2;26;395.0;
2026-02-16;00:00;MP2;Nat. Eingang;2892138T;WAB NV - Abholer;29;32;10920.1;
2026-02-16;00:00;MP2;Nat. Eingang;2892142T;WAB NV - Abholer;33;50;4399.8;
2026-02-16;00:00;MP2;Nat. Eingang;2892156T;WAB NV - Abholer;29;32;9789.3;
2026-02-16;00:00;MP2;Nat. Eingang;2892158T;WAB NV - Abholer;34;37;8025.7;
2026-02-16;00:00;MP2;Nat. Eingang;2892165T;WAB NV - Abholer;19;34;2770.7;
2026-02-16;00:00;MP2;Nat. Eingang;2892182T;WAB NV - Abholer;13;43;1734.0;
2026-02-16;00:00;MP2;Nat. Eingang;2892208T;WAB NV - Abholer;37;181;63173.9;
2026-02-16;00:00;MP2;Nat. Eingang;2892212T;WAB NV - Abholer;27;39;3036.4;
2026-02-16;00:00;MP2;Nat. Eingang;2892214T;WAB NV - Abholer;33;125;30904.6;
2026-02-16;00:00;MP2;Nat. Eingang;2892218T;WAB NV - Abholer;2;5;1680.8;
2026-02-16;00:00;MP2;Nat. Eingang;2892220T;WAB NV - Abholer;36;39;5902.9;
2026-02-16;00:00;MP2;Nat. Eingang;2892234T;WAB NV - Abholer;13;29;18789.0;
2026-02-16;00:00;MP2;Nat. Eingang;2892268T;NV AS Transporte;10;13;2090.0;
2026-02-16;00:00;MP2;Nat. Eingang;2892270T;NV Yeritsyan;2;10;2565.0;
2026-02-16;00:00;MP2;Nat. Eingang;2892277T;NV Yeritsyan;3;3;360.0;
2026-02-16;00:00;MP2;Nat. Eingang;2892278T;NV Yeritsyan;2;26;3649.0;
2026-02-16;00:00;MP2;Nat. Eingang;2892283T;NV LT Trans;2;2;160.0;
2026-02-16;00:00;MP2;Nat. Eingang;2892286T;NV LT Trans;4;10;6462.0;
2026-02-16;00:00;MP2;Nat. Eingang;2892288T;NV LT Trans;6;72;3288.0;
2026-02-16;00:00;MP2;Nat. Eingang;2892289T;NV Silagi;1;4;372.0;
2026-02-16;00:00;MP2;Nat. Eingang;2892290T;NV Silagi;6;105;2306.0;
2026-02-16;00:00;MP2;Nat. Eingang;2892304T;Sonderfahrten;1;1;350.0;
2026-02-16;00:00;MP2;Nat. Eingang;2892340T;WAB NV - Abholer;35;44;9350.0;
2026-02-16;00:00;MP2;Nat. Eingang;2892344T;NV Silagi;3;9;1209.0;
2026-02-16;00:00;MP2;Nat. Eingang;2892345T;NV Silagi;2;2;151.0;
2026-02-16;00:00;MP2;Nat. Eingang;2892346T;Sonderfahrten;6;6;1442.0;
2026-02-16;00:00;MP2;Nat. Eingang;2892362T;NV Ciortan;4;7;1474.0;
2026-02-16;00:00;MP2;Nat. Eingang;2893013T;WAB NV - Abholer;3;6;2514.0;
2026-02-16;00:00;MP2;Nat. Eingang;2893550T;NV AS Transporte;1;1;97.0;
2026-02-16;00:00;MP2;Nat. Eingang;2893552T;NV VP Logistik;3;7;1302.2;
2026-02-16;00:00;MP2;Nat. Eingang;2893554T;NV VP Logistik;1;1;47.0;
2026-02-16;00:00;MP2;Nat. Eingang;2893557T;NV Tiroch;8;8;690.0;
2026-02-16;00:00;MP2;Nat. Eingang;2893560T;NV Tiroch;3;3;349.0;
2026-02-16;00:00;MP2;Nat. Eingang;2893563T;NV Fischer;8;14;712.0;
2026-02-16;00:00;MP2;Nat. Eingang;2893568T;NV Strauss;5;5;214.0;
2026-02-16;00:00;MP2;Nat. Eingang;2893642T;NV Fischer;1;25;8430.0;
2026-02-16;00:00;MP2;Nat. Eingang;2893727T;WAB NV - Abholer;24;27;2634.0;
2026-02-16;00:00;MP2;Nat. Eingang;2893732T;WAB NV - Abholer;19;261;8124.4;
2026-02-16;00:00;MP2;Nat. Eingang;2893762T;Fallback;1;1;200.0;
2026-02-16;00:00;MP2;Nat. Eingang;2896190T;WAB NV - Abholer;38;64;19118.3;
2026-02-16;00:00;MP2;Nat. Eingang;2897507T;Fallback;1;1;143.0;
2026-02-16;00:00;MP2;Nat. Eingang;2901764T;Fernverkehr AS;1;9;2781.0;
2026-02-16;00:00;MP4;Nat. Ausgang;;;13;16;3099.2;
2026-02-16;00:00;MP4;Nat. Ausgang;2889524T;Linien Süd;2;34;1257.9;
2026-02-16;00:00;MP4;Nat. Ausgang;2889698T;Linien Süd;1;3;170.0;
2026-02-16;00:00;MP4;Nat. Ausgang;2890354T;Linien International;1;1;90.0;
2026-02-16;00:00;MP4;Nat. Ausgang;2890370T;Linien Süd;1;9;2688.0;
2026-02-16;00:00;MP4;Nat. Ausgang;2890436T;Fernverkehr AS;1;2;448.5;
2026-02-16;00:00;MP4;Nat. Ausgang;2890778T;Linien Ruhr;1;2;331.7;
2026-02-16;00:00;MP4;Nat. Ausgang;2890800T;Linien Süd;3;6;804.0;
2026-02-16;00:00;MP4;Nat. Ausgang;2890822T;Linien Mitte;2;5;1287.3;
2026-02-16;00:00;MP4;Nat. Ausgang;2891031T;Linien Süd;1;8;546.0;
2026-02-16;00:00;MP4;Nat. Ausgang;2891413T;Fernverkehr AS;30;202;14792.6;
2026-02-16;00:00;MP4;Nat. Ausgang;2891629T;Linien International;23;69;19696.3;
2026-02-16;00:00;MP4;Nat. Ausgang;2891631T;Linien International;32;41;5168.4;
2026-02-16;00:00;MP4;Nat. Ausgang;2891633T;Linien International;26;145;51109.2;
2026-02-16;00:00;MP4;Nat. Ausgang;2891637T;Linien International;15;48;11725.8;
2026-02-16;00:00;MP4;Nat. Ausgang;2891639T;Linien Mitte;6;129;40217.8;
2026-02-16;00:00;MP4;Nat. Ausgang;2891641T;Linien Süd;17;85;10383.3;
2026-02-16;00:00;MP4;Nat. Ausgang;2891643T;Linien Süd;11;26;2741.0;
2026-02-16;00:00;MP4;Nat. Ausgang;2891645T;Linien Süd;53;122;37010.2;
2026-02-16;00:00;MP4;Nat. Ausgang;2891649T;Linien Süd;37;134;17674.4;
2026-02-16;00:00;MP4;Nat. Ausgang;2891653T;Linien Süd;39;78;19298.4;
2026-02-16;00:00;MP4;Nat. Ausgang;2891655T;Linien Süd;2;26;18048.0;
2026-02-16;00:00;MP4;Nat. Ausgang;2891657T;Linien Südwest;39;287;30818.0;
2026-02-16;00:00;MP4;Nat. Ausgang;2891720T;Fernverkehr AS;39;151;25719.8;
2026-02-16;00:00;MP4;Nat. Ausgang;2892052T;Linien Ruhr;25;99;11216.3;
2026-02-16;00:00;MP4;Nat. Ausgang;2892056T;Linien Ruhr;57;803;30506.3;
2026-02-16;00:00;MP4;Nat. Ausgang;2892060T;Linien Ruhr;39;133;28783.5;
2026-02-16;00:00;MP4;Nat. Ausgang;2892064T;Linien Mitte;49;245;21741.4;
2026-02-16;00:00;MP4;Nat. Ausgang;2892068T;Linien Mitte;41;88;13248.0;
2026-02-16;00:00;MP4;Nat. Ausgang;2892070T;Linien Ost;43;110;30830.5;
2026-02-16;00:00;MP4;Nat. Ausgang;2892074T;Linien Südwest;36;79;14618.1;
2026-02-16;00:00;MP4;Nat. Ausgang;2892078T;Linien Südwest;40;103;24459.2;
2026-02-16;00:00;MP4;Nat. Ausgang;2892082T;Linien Süd;45;160;33125.9;
2026-02-16;00:00;MP4;Nat. Ausgang;2892086T;Linien Süd;43;145;24449.8;
2026-02-16;00:00;MP4;Nat. Ausgang;2892090T;Linien Süd;25;205;14456.5;
2026-02-16;00:00;MP4;Nat. Ausgang;2892094T;Linien Ost;32;171;17578.3;
2026-02-16;00:00;MP4;Nat. Ausgang;2892100T;Linien Süd;13;54;13536.8;
2026-02-16;00:00;MP4;Nat. Ausgang;2892104T;Linien Mitte;27;65;17796.1;
2026-02-16;00:00;MP4;Nat. Ausgang;2892108T;Linien Mitte;23;116;9019.5;
2026-02-16;00:00;MP4;Nat. Ausgang;2892113T;Linien Süd;18;120;31349.1;
2026-02-16;00:00;MP4;Nat. Ausgang;2892115T;Linien Südwest;36;120;42419.9;
2026-02-16;00:00;MP4;Nat. Ausgang;2892119T;Linien International;14;88;24302.7;
2026-02-16;00:00;MP4;Nat. Ausgang;2892123T;Linien Ost;37;72;11992.5;
2026-02-16;00:00;MP4;Nat. Ausgang;2892240T;Linien International;43;121;26880.0;
2026-02-16;00:00;MP4;Nat. Ausgang;2892242T;Linien International;4;39;10801.9;
2026-02-16;00:00;MP4;Nat. Ausgang;2892246T;Linien International;5;40;10212.0;
2026-02-16;00:00;MP4;Nat. Ausgang;2892248T;Linien International;2;123;12879.0;
2026-02-16;00:00;MP4;Nat. Ausgang;2892250T;Linien Nord;41;61;19944.5;
2026-02-16;00:00;MP4;Nat. Ausgang;2892254T;Linien Nord;11;99;12169.0;
2026-02-16;00:00;MP4;Nat. Ausgang;2892256T;Linien Süd;28;68;19785.2;
2026-02-16;00:00;MP4;Nat. Ausgang;2892260T;Linien Süd;8;8;1718.3;
2026-02-16;00:00;MP4;Nat. Ausgang;2892262T;Linien Süd;25;82;12067.8;
2026-02-16;00:00;MP4;Nat. Ausgang;2892266T;Linien Süd;7;7;1087.4;
2026-02-16;00:00;MP4;Nat. Ausgang;2892273T;Linien Mitte;42;184;34561.0;
2026-02-16;00:00;MP4;Nat. Ausgang;2892305T;Linien Nord;13;83;11591.9;
2026-02-16;00:00;MP4;Nat. Ausgang;2892307T;Linien Ruhr;26;58;14710.4;
2026-02-16;00:00;MP4;Nat. Ausgang;2892309T;Linien Mitte;37;156;36183.2;
2026-02-16;00:00;MP4;Nat. Ausgang;2892313T;Linien Süd;22;52;8277.3;
2026-02-16;00:00;MP4;Nat. Ausgang;2892317T;Linien Süd;10;63;10402.1;
2026-02-16;00:00;MP4;Nat. Ausgang;2893252T;Linien Ruhr;7;13;2938.8;
2026-02-16;00:00;MP4;Nat. Ausgang;2893260T;Linien Ruhr;3;6;515.0;
2026-02-16;00:00;MP4;Nat. Ausgang;2893268T;Linien Mitte;1;1;135.2;
2026-02-16;00:00;MP4;Nat. Ausgang;2893300T;Linien Süd;14;19;3325.2;
2026-02-16;00:00;MP4;Nat. Ausgang;2893304T;Linien Mitte;14;67;12004.0;
2026-02-16;00:00;MP4;Nat. Ausgang;2893315T;Linien Südwest;17;41;11378.0;
2026-02-16;00:00;MP4;Nat. Ausgang;2893450T;Linien Nord;8;91;3309.0;
2026-02-16;00:00;MP4;Nat. Ausgang;2893505T;Linien Nord;16;56;8670.5;
2026-02-16;00:00;MP4;Nat. Ausgang;2893509T;Linien Mitte;9;30;21773.2;
2026-02-16;00:00;MP4;Nat. Ausgang;2893517T;Linien Süd;3;6;818.0;
2026-02-16;00:00;MP4;Nat. Ausgang;2893521T;Linien Süd;9;39;5621.5;
2026-02-16;00:00;MP4;Nat. Ausgang;2893615T;Linien Mitte;14;119;41508.0;
2026-02-16;00:00;MP4;Nat. Ausgang;2893682T;Linien International;5;5;481.8;
2026-02-16;00:00;MP4;Nat. Ausgang;2894800T;WAB NV - großer NV;9;33;5237.0;
2026-02-16;00:00;MP4a;Sonderausgang;2875736T;NV Ciortan;1;1;190.0;
2026-02-16;00:00;MP4a;Sonderausgang;2885059T;NV Strauss;1;1;52.0;
2026-02-16;00:00;MP4a;Sonderausgang;2887584T;NV DS Transporte;1;3;327.0;
2026-02-16;00:00;MP4a;Sonderausgang;2887610T;NV Ciortan;1;2;223.0;
2026-02-16;00:00;MP4a;Sonderausgang;2887917T;NV Ciortan;1;12;3015.0;
2026-02-16;00:00;MP4a;Sonderausgang;2888948T;NV AS Transporte;1;2;1180.0;
2026-02-16;00:00;MP4a;Sonderausgang;2889206T;NV AS Transporte;1;6;382.0;
2026-02-16;00:00;MP4a;Sonderausgang;2891391T;NV DS Transporte;1;1;66.0;
2026-02-16;00:00;MP4a;Sonderausgang;2891393T;NV Fischer;4;4;1023.0;
2026-02-16;00:00;MP4a;Sonderausgang;2891396T;NV Fischer;4;4;1195.3;
2026-02-16;00:00;MP4a;Sonderausgang;2891402T;NV Strauss;2;10;1198.0;
2026-02-16;00:00;MP4a;Sonderausgang;2891407T;NV Strauss;1;9;1335.0;
2026-02-16;00:00;MP4a;Sonderausgang;2891409T;NV DS Transporte;1;4;522.0;
2026-02-16;00:00;MP4a;Sonderausgang;2891411T;NV AS Transporte;1;1;105.0;
2026-02-16;00:00;MP4a;Sonderausgang;2891412T;NV AS Transporte;2;2;915.0;
2026-02-16;00:00;MP4a;Sonderausgang;2891413T;Fernverkehr AS;1;288;100968.0;
2026-02-16;00:00;MP4a;Sonderausgang;2891418T;Fallback;1;1;51.0;
2026-02-16;00:00;MP4a;Sonderausgang;2891437T;NV DS Transporte;1;1;73.0;
2026-02-16;00:00;MP4a;Sonderausgang;2891439T;NV Strauss;1;25;3875.0;
2026-02-16;00:00;MP4a;Sonderausgang;2891441T;NV DS Transporte;1;1;13.0;
2026-02-16;00:00;MP4a;Sonderausgang;2891443T;NV DS Transporte;2;3;636.0;
2026-02-16;00:00;MP4a;Sonderausgang;2891450T;NV Ciortan;4;5;1631.0;
2026-02-16;00:00;MP4a;Sonderausgang;2891453T;NV AS Transporte;4;4;507.0;
2026-02-16;00:00;MP4a;Sonderausgang;2891458T;NV DS Transporte;2;2;372.0;
2026-02-16;00:00;MP4a;Sonderausgang;2891459T;NV DS Transporte;1;1;52.0;
2026-02-16;00:00;MP4a;Sonderausgang;2891460T;NV AS Transporte;2;2;463.0;
2026-02-16;00:00;MP4a;Sonderausgang;2891462T;NV AS Transporte;1;1;83.6;
2026-02-16;00:00;MP4a;Sonderausgang;2891466T;NV AS Transporte;2;5;1524.0;
2026-02-16;00:00;MP4a;Sonderausgang;2891469T;NV Tiroch;2;5;4743.0;
2026-02-16;00:00;MP4a;Sonderausgang;2891471T;NV Tiroch;3;3;969.0;
2026-02-16;00:00;MP4a;Sonderausgang;2891472T;NV Tiroch;3;3;1542.0;
2026-02-16;00:00;MP4a;Sonderausgang;2891473T;NV Tiroch;24;66;1630.0;
2026-02-16;00:00;MP4a;Sonderausgang;2891475T;NV Tiroch;2;2;670.0;
2026-02-16;00:00;MP4a;Sonderausgang;2891476T;NV Tiroch;1;1;252.0;
2026-02-16;00:00;MP4a;Sonderausgang;2891480T;NV AS Transporte;2;37;292.0;
2026-02-16;00:00;MP4a;Sonderausgang;2891481T;NV AS Transporte;4;19;4072.9;
2026-02-16;00:00;MP4a;Sonderausgang;2891488T;NV AS Transporte;1;1;102.0;
2026-02-16;00:00;MP4a;Sonderausgang;2891495T;NV Alexandru;3;3;589.0;
2026-02-16;00:00;MP4a;Sonderausgang;2891506T;NV AS Transporte;1;1;117.0;
2026-02-16;00:00;MP4a;Sonderausgang;2891509T;NV Bogos Transporte;1;1;132.0;
2026-02-16;00:00;MP4a;Sonderausgang;2891512T;NV VP Logistik;3;3;139.0;
2026-02-16;00:00;MP4a;Sonderausgang;2891514T;NV VP Logistik;4;10;3483.0;
2026-02-16;00:00;MP4a;Sonderausgang;2891521T;NV Tuncay;1;1;460.0;
2026-02-16;00:00;MP4a;Sonderausgang;2891522T;NV Guth;1;1;342.0;
2026-02-16;00:00;MP4a;Sonderausgang;2891525T;NV VP Logistik;1;1;287.0;
2026-02-16;00:00;MP4a;Sonderausgang;2891526T;Sonderfahrten;3;14;2426.0;
2026-02-16;00:00;MP4a;Sonderausgang;2891760T;NV AS Transporte;1;1;77.0;
2026-02-16;00:00;MP4a;Sonderausgang;2891762T;NV AS Transporte;1;4;380.0;
2026-02-16;00:00;MP4a;Sonderausgang;2891766T;NV Ciortan;3;14;3675.2;
2026-02-16;00:00;MP4a;Sonderausgang;2891811T;WAB NV - großer NV;1;81;34344.0;
2026-02-16;00:00;MP4a;Sonderausgang;2891823T;WAB NV - großer NV;3;21;5624.8;
2026-02-16;00:00;MP4a;Sonderausgang;2891887T;WAB NV - großer NV;2;137;33410.0;
2026-02-16;00:00;MP4a;Sonderausgang;2891907T;WAB NV - großer NV;1;2;370.0;
2026-02-16;00:00;MP4a;Sonderausgang;2891927T;WAB NV - großer NV;1;4;390.3;
2026-02-16;00:00;MP4a;Sonderausgang;2891961T;WAB NV - großer NV;1;4;425.0;
2026-02-16;00:00;MP4a;Sonderausgang;2891985T;WAB NV - großer NV;1;25;12210.0;
2026-02-16;00:00;MP4a;Sonderausgang;2892098T;NV Ciortan;1;1;190.0;
2026-02-16;00:00;MP4a;Sonderausgang;2892110T;NV Yeritsyan;1;1;48.0;
2026-02-16;00:00;MP4a;Sonderausgang;2892112T;NV Yeritsyan;1;1;205.0;
2026-02-16;00:00;MP4a;Sonderausgang;2892137T;WAB NV - großer NV;2;2;592.0;
2026-02-16;00:00;MP4a;Sonderausgang;2892162T;WAB NV - großer NV;5;5;513.0;
2026-02-16;00:00;MP4a;Sonderausgang;2892231T;WAB NV - großer NV;1;1;144.8;
2026-02-16;00:00;MP4a;Sonderausgang;2892270T;NV Yeritsyan;1;4;936.0;
2026-02-16;00:00;MP4a;Sonderausgang;2892277T;NV Yeritsyan;3;6;1054.0;
2026-02-16;00:00;MP4a;Sonderausgang;2892284T;Sonderfahrten;1;1;84.0;
2026-02-16;00:00;MP4a;Sonderausgang;2892290T;NV Silagi;3;3;599.4;
2026-02-16;00:00;MP4a;Sonderausgang;2892344T;NV Silagi;1;4;330.0;
2026-02-16;00:00;MP4a;Sonderausgang;2892346T;Sonderfahrten;1;1;113.0;
2026-02-16;00:00;MP4a;Sonderausgang;2892362T;NV Ciortan;4;12;2218.0;
2026-02-16;00:00;MP4a;Sonderausgang;2892704T;NV AS Transporte;1;1;228.0;
2026-02-16;00:00;MP4a;Sonderausgang;2892705T;NV Bogos Transporte;1;1;222.0;
2026-02-16;00:00;MP4a;Sonderausgang;2893544T;NV Silagi;1;1;192.0;
2026-02-16;00:00;MP4a;Sonderausgang;2893547T;WAB NV - erweitert;12;13;1662.0;
2026-02-16;00:00;MP4a;Sonderausgang;2893550T;NV AS Transporte;1;4;644.0;
2026-02-16;00:00;MP4a;Sonderausgang;2893551T;NV Ciortan;2;2;269.0;
2026-02-16;00:00;MP4a;Sonderausgang;2893552T;NV VP Logistik;1;1;462.0;
2026-02-16;00:00;MP4a;Sonderausgang;2893554T;NV VP Logistik;2;2;489.0;
2026-02-16;00:00;MP4a;Sonderausgang;2893557T;NV Tiroch;2;27;2160.0;
2026-02-16;00:00;MP4a;Sonderausgang;2893558T;NV Tiroch;1;9;4968.0;
2026-02-16;00:00;MP4a;Sonderausgang;2893559T;NV Tiroch;7;13;862.0;
2026-02-16;00:00;MP4a;Sonderausgang;2893568T;NV Strauss;1;1;510.0;
2026-02-16;00:00;MP4a;Sonderausgang;2893603T;WAB NV - großer NV;1;49;15904.0;
2026-02-16;00:00;MP4a;Sonderausgang;2893605T;WAB NV - großer NV;1;1;80.0;
2026-02-16;00:00;MP4a;Sonderausgang;2893623T;WAB NV - großer NV;8;37;7672.0;
2026-02-16;00:00;MP4a;Sonderausgang;2893714T;WAB NV - großer NV;3;11;209.0;
2026-02-16;00:00;MP4a;Sonderausgang;2894312T;WAB NV - großer NV;1;9;2142.0;
2026-02-16;00:00;MP5;SE Entladung FV;;;1657;9700;1583697.3;
2026-02-16;00:00;MP7;SA Verladung FV;;;2;2;90.0;
2026-02-16;00:00;MP7;SA Verladung FV;2887544T;NV DS Transporte;1;6;1228.0;
2026-02-16;00:00;MP7;SA Verladung FV;2891390T;NV DS Transporte;6;52;13197.3;
2026-02-16;00:00;MP7;SA Verladung FV;2891391T;NV DS Transporte;7;10;789.0;
2026-02-16;00:00;MP7;SA Verladung FV;2891392T;NV Fischer;10;21;2999.0;
2026-02-16;00:00;MP7;SA Verladung FV;2891393T;NV Fischer;7;10;1516.6;
2026-02-16;00:00;MP7;SA Verladung FV;2891394T;NV Fischer;17;36;3366.9;
2026-02-16;00:00;MP7;SA Verladung FV;2891395T;NV Fischer;4;135;15965.0;
2026-02-16;00:00;MP7;SA Verladung FV;2891396T;NV Fischer;13;19;3411.0;
2026-02-16;00:00;MP7;SA Verladung FV;2891397T;NV DS Transporte;11;89;7883.0;
2026-02-16;00:00;MP7;SA Verladung FV;2891398T;NV DS Transporte;8;26;325.0;
2026-02-16;00:00;MP7;SA Verladung FV;2891401T;NV Strauss;12;26;4420.5;
2026-02-16;00:00;MP7;SA Verladung FV;2891402T;NV Strauss;6;54;4205.0;
2026-02-16;00:00;MP7;SA Verladung FV;2891403T;NV Strauss;10;13;361.5;
2026-02-16;00:00;MP7;SA Verladung FV;2891404T;NV Strauss;5;5;231.0;
2026-02-16;00:00;MP7;SA Verladung FV;2891407T;NV Strauss;7;34;6705.0;
2026-02-16;00:00;MP7;SA Verladung FV;2891409T;NV DS Transporte;10;37;3287.3;
2026-02-16;00:00;MP7;SA Verladung FV;2891410T;NV DS Transporte;10;21;5002.0;
2026-02-16;00:00;MP7;SA Verladung FV;2891411T;NV AS Transporte;11;60;6612.6;
2026-02-16;00:00;MP7;SA Verladung FV;2891412T;NV AS Transporte;17;23;2113.0;
2026-02-16;00:00;MP7;SA Verladung FV;2891415T;NV Fischer;10;29;9809.0;
2026-02-16;00:00;MP7;SA Verladung FV;2891437T;NV DS Transporte;10;42;9132.0;
2026-02-16;00:00;MP7;SA Verladung FV;2891438T;NV DS Transporte;12;33;7570.0;
2026-02-16;00:00;MP7;SA Verladung FV;2891439T;NV Strauss;6;21;4724.0;
2026-02-16;00:00;MP7;SA Verladung FV;2891440T;NV Strauss;6;41;7508.0;
2026-02-16;00:00;MP7;SA Verladung FV;2891441T;NV DS Transporte;10;21;718.9;
2026-02-16;00:00;MP7;SA Verladung FV;2891442T;NV DS Transporte;7;122;9854.0;
2026-02-16;00:00;MP7;SA Verladung FV;2891443T;NV DS Transporte;10;13;3148.0;
2026-02-16;00:00;MP7;SA Verladung FV;2891444T;NV DS Transporte;8;91;8092.0;
2026-02-16;00:00;MP7;SA Verladung FV;2891445T;NV DS Transporte;15;33;3282.0;
2026-02-16;00:00;MP7;SA Verladung FV;2891446T;NV Ciortan;13;43;3603.0;
2026-02-16;00:00;MP7;SA Verladung FV;2891448T;NV Ciortan;12;39;7737.0;
2026-02-16;00:00;MP7;SA Verladung FV;2891450T;NV Ciortan;13;16;4349.0;
2026-02-16;00:00;MP7;SA Verladung FV;2891451T;NV Ciortan;18;51;1438.0;
2026-02-16;00:00;MP7;SA Verladung FV;2891452T;NV AS Transporte;16;67;6181.9;
2026-02-16;00:00;MP7;SA Verladung FV;2891453T;NV AS Transporte;14;28;2658.0;
2026-02-16;00:00;MP7;SA Verladung FV;2891457T;NV DS Transporte;12;18;3640.0;
2026-02-16;00:00;MP7;SA Verladung FV;2891458T;NV DS Transporte;7;7;2109.0;
2026-02-16;00:00;MP7;SA Verladung FV;2891459T;NV DS Transporte;8;8;349.0;
2026-02-16;00:00;MP7;SA Verladung FV;2891460T;NV AS Transporte;15;18;2560.1;
2026-02-16;00:00;MP7;SA Verladung FV;2891462T;NV AS Transporte;15;23;4634.7;
2026-02-16;00:00;MP7;SA Verladung FV;2891464T;NV AS Transporte;13;24;6339.0;
2026-02-16;00:00;MP7;SA Verladung FV;2891466T;NV AS Transporte;13;27;6000.0;
2026-02-16;00:00;MP7;SA Verladung FV;2891469T;NV Tiroch;14;73;4221.5;
2026-02-16;00:00;MP7;SA Verladung FV;2891471T;NV Tiroch;17;63;5606.0;
2026-02-16;00:00;MP7;SA Verladung FV;2891472T;NV Tiroch;11;20;3148.0;
2026-02-16;00:00;MP7;SA Verladung FV;2891473T;NV Tiroch;1;1;20.0;
2026-02-16;00:00;MP7;SA Verladung FV;2891475T;NV Tiroch;14;48;8945.2;
2026-02-16;00:00;MP7;SA Verladung FV;2891476T;NV Tiroch;8;22;2412.0;
2026-02-16;00:00;MP7;SA Verladung FV;2891477T;DM AS-Transport;8;17;6084.0;
2026-02-16;00:00;MP7;SA Verladung FV;2891478T;DM AS-Transport;11;22;6461.0;
2026-02-16;00:00;MP7;SA Verladung FV;2891479T;DM AS-Transport;9;12;4538.0;
2026-02-16;00:00;MP7;SA Verladung FV;2891481T;NV AS Transporte;10;10;1938.0;
2026-02-16;00:00;MP7;SA Verladung FV;2891485T;DM AS-Transport;11;49;18137.0;
2026-02-16;00:00;MP7;SA Verladung FV;2891488T;NV AS Transporte;18;32;1881.0;
2026-02-16;00:00;MP7;SA Verladung FV;2891495T;NV Alexandru;12;15;2138.0;
2026-02-16;00:00;MP7;SA Verladung FV;2891497T;NV Strauss;11;80;2979.0;
2026-02-16;00:00;MP7;SA Verladung FV;2891498T;NV Strauss;6;30;7108.0;
2026-02-16;00:00;MP7;SA Verladung FV;2891499T;Sonderfahrten;3;443;5470.0;
2026-02-16;00:00;MP7;SA Verladung FV;2891503T;DM AS-Transport;8;25;8677.0;
2026-02-16;00:00;MP7;SA Verladung FV;2891506T;NV AS Transporte;11;25;3158.7;
2026-02-16;00:00;MP7;SA Verladung FV;2891507T;NV Bogos Transporte;13;40;6397.0;
2026-02-16;00:00;MP7;SA Verladung FV;2891509T;NV Bogos Transporte;15;30;2899.0;
2026-02-16;00:00;MP7;SA Verladung FV;2891511T;NV Bogos Transporte;13;34;3408.0;
2026-02-16;00:00;MP7;SA Verladung FV;2891512T;NV VP Logistik;8;11;2356.4;
2026-02-16;00:00;MP7;SA Verladung FV;2891513T;Sonderfahrten;8;92;12118.0;
2026-02-16;00:00;MP7;SA Verladung FV;2891514T;NV VP Logistik;7;31;8618.0;
2026-02-16;00:00;MP7;SA Verladung FV;2891516T;NV VP Logistik;4;15;3422.0;
2026-02-16;00:00;MP7;SA Verladung FV;2891519T;NV Tuncay;7;60;7432.0;
2026-02-16;00:00;MP7;SA Verladung FV;2891520T;NV Tuncay;11;26;6199.0;
2026-02-16;00:00;MP7;SA Verladung FV;2891521T;NV Tuncay;14;32;3821.0;
2026-02-16;00:00;MP7;SA Verladung FV;2891522T;NV Guth;9;50;3805.0;
2026-02-16;00:00;MP7;SA Verladung FV;2891523T;NV Guth;13;46;3193.0;
2026-02-16;00:00;MP7;SA Verladung FV;2891524T;NV Guth;13;19;3369.0;
2026-02-16;00:00;MP7;SA Verladung FV;2891525T;NV VP Logistik;11;25;8603.8;
2026-02-16;00:00;MP7;SA Verladung FV;2891526T;Sonderfahrten;4;10;601.0;
2026-02-16;00:00;MP7;SA Verladung FV;2891527T;NV Silagi;13;31;1153.0;
2026-02-16;00:00;MP7;SA Verladung FV;2891688T;DM AS-Transport;21;122;42531.0;
2026-02-16;00:00;MP7;SA Verladung FV;2891690T;DM AS-Transport;12;92;32380.0;
2026-02-16;00:00;MP7;SA Verladung FV;2891692T;DM AS-Transport;18;36;11694.0;
2026-02-16;00:00;MP7;SA Verladung FV;2891694T;DM AS-Transport;17;37;11789.0;
2026-02-16;00:00;MP7;SA Verladung FV;2891696T;DM AS-Transport;20;55;19168.0;
2026-02-16;00:00;MP7;SA Verladung FV;2891698T;DM AS-Transport;19;44;16618.0;
2026-02-16;00:00;MP7;SA Verladung FV;2891700T;DM AS-Transport;21;84;29116.0;
2026-02-16;00:00;MP7;SA Verladung FV;2891702T;DM AS-Transport;10;16;4630.0;
2026-02-16;00:00;MP7;SA Verladung FV;2891704T;DM AS-Transport;19;67;23479.0;
2026-02-16;00:00;MP7;SA Verladung FV;2891706T;DM AS-Transport;10;72;24107.0;
2026-02-16;00:00;MP7;SA Verladung FV;2891759T;WAB NV - großer NV;1;1;288.0;
2026-02-16;00:00;MP7;SA Verladung FV;2891760T;NV AS Transporte;15;30;3663.4;
2026-02-16;00:00;MP7;SA Verladung FV;2891762T;NV AS Transporte;18;78;15840.2;
2026-02-16;00:00;MP7;SA Verladung FV;2891764T;NV Ciortan;21;109;13070.4;
2026-02-16;00:00;MP7;SA Verladung FV;2891766T;NV Ciortan;21;65;12802.0;
2026-02-16;00:00;MP7;SA Verladung FV;2891769T;WAB NV - großer NV;2;5;263.0;
2026-02-16;00:00;MP7;SA Verladung FV;2891801T;WAB NV - großer NV;5;55;17385.0;
2026-02-16;00:00;MP7;SA Verladung FV;2891811T;WAB NV - großer NV;2;100;39026.0;
2026-02-16;00:00;MP7;SA Verladung FV;2891823T;WAB NV - großer NV;9;70;16405.0;
2026-02-16;00:00;MP7;SA Verladung FV;2891833T;WAB NV - großer NV;6;12;7796.0;
2026-02-16;00:00;MP7;SA Verladung FV;2891853T;WAB NV - großer NV;21;254;25933.0;
2026-02-16;00:00;MP7;SA Verladung FV;2891859T;WAB NV - großer NV;7;78;24606.0;
2026-02-16;00:00;MP7;SA Verladung FV;2891873T;WAB NV - großer NV;9;33;10328.0;
2026-02-16;00:00;MP7;SA Verladung FV;2891887T;WAB NV - großer NV;1;1;41.0;
2026-02-16;00:00;MP7;SA Verladung FV;2891907T;WAB NV - großer NV;5;29;9316.9;
2026-02-16;00:00;MP7;SA Verladung FV;2891917T;WAB NV - großer NV;8;57;26271.0;
2026-02-16;00:00;MP7;SA Verladung FV;2891927T;WAB NV - großer NV;10;48;10539.7;
2026-02-16;00:00;MP7;SA Verladung FV;2891939T;WAB NV - großer NV;15;328;47948.0;
2026-02-16;00:00;MP7;SA Verladung FV;2891957T;WAB NV - großer NV;5;62;18219.8;
2026-02-16;00:00;MP7;SA Verladung FV;2891961T;WAB NV - großer NV;12;51;17771.0;
2026-02-16;00:00;MP7;SA Verladung FV;2891985T;WAB NV - großer NV;7;47;17973.0;
2026-02-16;00:00;MP7;SA Verladung FV;2892001T;WAB NV - großer NV;4;46;30274.0;
2026-02-16;00:00;MP7;SA Verladung FV;2892011T;WAB NV - großer NV;7;42;13466.0;
2026-02-16;00:00;MP7;SA Verladung FV;2892031T;WAB NV - großer NV;4;34;29566.0;
2026-02-16;00:00;MP7;SA Verladung FV;2892041T;WAB NV - großer NV;4;30;16479.1;
2026-02-16;00:00;MP7;SA Verladung FV;2892098T;NV Ciortan;15;128;6295.9;
2026-02-16;00:00;MP7;SA Verladung FV;2892110T;NV Yeritsyan;16;22;4498.0;
2026-02-16;00:00;MP7;SA Verladung FV;2892112T;NV Yeritsyan;11;41;10010.2;
2026-02-16;00:00;MP7;SA Verladung FV;2892137T;WAB NV - großer NV;3;9;2762.0;
2026-02-16;00:00;MP7;SA Verladung FV;2892162T;WAB NV - großer NV;3;3;284.0;
2026-02-16;00:00;MP7;SA Verladung FV;2892231T;WAB NV - großer NV;10;213;57465.1;
2026-02-16;00:00;MP7;SA Verladung FV;2892268T;NV AS Transporte;12;44;19243.0;
2026-02-16;00:00;MP7;SA Verladung FV;2892270T;NV Yeritsyan;11;30;5150.0;
2026-02-16;00:00;MP7;SA Verladung FV;2892271T;Sonderfahrten;5;5;993.0;
2026-02-16;00:00;MP7;SA Verladung FV;2892272T;NV VP Logistik;4;7;966.0;
2026-02-16;00:00;MP7;SA Verladung FV;2892277T;NV Yeritsyan;13;42;5526.0;
2026-02-16;00:00;MP7;SA Verladung FV;2892278T;NV Yeritsyan;16;152;7687.1;
2026-02-16;00:00;MP7;SA Verladung FV;2892282T;NV LT Trans;11;57;4459.0;
2026-02-16;00:00;MP7;SA Verladung FV;2892283T;NV LT Trans;11;29;2798.0;
2026-02-16;00:00;MP7;SA Verladung FV;2892284T;Sonderfahrten;5;59;15346.0;
2026-02-16;00:00;MP7;SA Verladung FV;2892285T;NV LT Trans;11;17;1799.4;
2026-02-16;00:00;MP7;SA Verladung FV;2892286T;NV LT Trans;9;33;5583.4;
2026-02-16;00:00;MP7;SA Verladung FV;2892287T;NV LT Trans;4;19;2197.0;
2026-02-16;00:00;MP7;SA Verladung FV;2892288T;NV LT Trans;9;12;3231.2;
2026-02-16;00:00;MP7;SA Verladung FV;2892289T;NV Silagi;20;49;5897.0;
2026-02-16;00:00;MP7;SA Verladung FV;2892290T;NV Silagi;19;33;4234.0;
2026-02-16;00:00;MP7;SA Verladung FV;2892291T;Sonderfahrten;6;6;685.0;
2026-02-16;00:00;MP7;SA Verladung FV;2892292T;Sonderfahrten;12;32;8820.0;
2026-02-16;00:00;MP7;SA Verladung FV;2892304T;Sonderfahrten;1;1;363.0;
2026-02-16;00:00;MP7;SA Verladung FV;2892334T;WAB NV - großer NV;3;126;18960.0;
2026-02-16;00:00;MP7;SA Verladung FV;2892344T;NV Silagi;13;24;4352.1;
2026-02-16;00:00;MP7;SA Verladung FV;2892345T;NV Silagi;17;36;5582.0;
2026-02-16;00:00;MP7;SA Verladung FV;2892346T;Sonderfahrten;7;54;3149.0;
2026-02-16;00:00;MP7;SA Verladung FV;2892362T;NV Ciortan;11;140;12548.3;
2026-02-16;00:00;MP7;SA Verladung FV;2892595T;NV Fischer;1;1;89.0;
2026-02-16;00:00;MP7;SA Verladung FV;2892644T;NV Ciortan;1;1;16.0;
2026-02-16;00:00;MP7;SA Verladung FV;2892649T;NV Ciortan;1;1;180.0;
2026-02-16;00:00;MP7;SA Verladung FV;2892657T;NV DS Transporte;1;4;440.0;
2026-02-16;00:00;MP7;SA Verladung FV;2892674T;NV Tiroch;1;9;224.4;
2026-02-16;00:00;MP7;SA Verladung FV;2892679T;NV AS Transporte;1;1;225.0;
2026-02-16;00:00;MP7;SA Verladung FV;2892697T;Sonderfahrten;1;1;45.0;
2026-02-16;00:00;MP7;SA Verladung FV;2892704T;NV AS Transporte;2;2;242.0;
2026-02-16;00:00;MP7;SA Verladung FV;2892714T;NV VP Logistik;1;4;92.0;
2026-02-16;00:00;MP7;SA Verladung FV;2892962T;NV Ciortan;1;1;155.0;
2026-02-16;00:00;MP7;SA Verladung FV;2892966T;NV AS Transporte;1;1;66.0;
2026-02-16;00:00;MP7;SA Verladung FV;2892979T;WAB NV - großer NV;7;21;6350.0;
2026-02-16;00:00;MP7;SA Verladung FV;2893023T;WAB NV - großer NV;1;49;20440.0;
2026-02-16;00:00;MP7;SA Verladung FV;2893053T;WAB NV - großer NV;1;1;97.0;
2026-02-16;00:00;MP7;SA Verladung FV;2893059T;WAB NV - großer NV;1;1;488.0;
2026-02-16;00:00;MP7;SA Verladung FV;2893073T;WAB NV - großer NV;3;6;643.9;
2026-02-16;00:00;MP7;SA Verladung FV;2893157T;WAB NV - großer NV;12;71;14903.0;
2026-02-16;00:00;MP7;SA Verladung FV;2893298T;NV Ciortan;1;1;1.0;
2026-02-16;00:00;MP7;SA Verladung FV;2893312T;NV Yeritsyan;1;1;124.0;
2026-02-16;00:00;MP7;SA Verladung FV;2893484T;Sonderfahrten;1;1;749.0;
2026-02-16;00:00;MP7;SA Verladung FV;2893485T;NV LT Trans;1;1;560.0;
2026-02-16;00:00;MP7;SA Verladung FV;2893488T;NV LT Trans;1;1;310.0;
2026-02-16;00:00;MP7;SA Verladung FV;2893534T;WAB NV - großer NV;6;9;858.0;
2026-02-16;00:00;MP7;SA Verladung FV;2893547T;WAB NV - erweitert;1;1;42.0;
2026-02-16;00:00;MP7;SA Verladung FV;2893549T;NV AS Transporte;1;1;611.0;
2026-02-16;00:00;MP7;SA Verladung FV;2893550T;NV AS Transporte;15;49;17729.0;
2026-02-16;00:00;MP7;SA Verladung FV;2893551T;NV Ciortan;12;37;13875.0;
2026-02-16;00:00;MP7;SA Verladung FV;2893552T;NV VP Logistik;3;51;3983.0;
2026-02-16;00:00;MP7;SA Verladung FV;2893553T;NV VP Logistik;5;5;381.0;
2026-02-16;00:00;MP7;SA Verladung FV;2893554T;NV VP Logistik;2;2;270.0;
2026-02-16;00:00;MP7;SA Verladung FV;2893555T;NV VP Logistik;4;7;732.0;
2026-02-16;00:00;MP7;SA Verladung FV;2893557T;NV Tiroch;10;13;1494.2;
2026-02-16;00:00;MP7;SA Verladung FV;2893558T;NV Tiroch;4;1165;36613.0;
2026-02-16;00:00;MP7;SA Verladung FV;2893559T;NV Tiroch;1;4;2638.0;
2026-02-16;00:00;MP7;SA Verladung FV;2893561T;NV Fischer;3;10;5375.0;
2026-02-16;00:00;MP7;SA Verladung FV;2893563T;NV Fischer;5;68;5345.0;
2026-02-16;00:00;MP7;SA Verladung FV;2893568T;NV Strauss;9;76;13603.0;
2026-02-16;00:00;MP7;SA Verladung FV;2893570T;Sonderfahrten;1;9;7647.0;
2026-02-16;00:00;MP7;SA Verladung FV;2893603T;WAB NV - großer NV;5;151;17013.0;
2026-02-16;00:00;MP7;SA Verladung FV;2893605T;WAB NV - großer NV;9;52;28652.0;
2026-02-16;00:00;MP7;SA Verladung FV;2893623T;WAB NV - großer NV;3;21;9538.0;
2026-02-16;00:00;MP7;SA Verladung FV;2893642T;NV Fischer;6;12;4449.0;
2026-02-16;00:00;MP7;SA Verladung FV;2893710T;WAB NV - großer NV;3;69;12106.0;
2026-02-16;00:00;MP7;SA Verladung FV;2893714T;WAB NV - großer NV;3;3;201.0;
2026-02-16;00:00;MP7;SA Verladung FV;2893741T;WAB NV - großer NV;5;16;3538.0;
2026-02-16;00:00;MP7;SA Verladung FV;2893848T;NV Fischer;1;4;1980.0;
2026-02-16;00:00;MP7;SA Verladung FV;2893864T;NV AS Transporte;1;4;176.0;
2026-02-16;00:00;MP7;SA Verladung FV;2893871T;Fallback;1;1;91.0;
2026-02-16;00:00;MP7;SA Verladung FV;2893891T;NV DS Transporte;1;1;91.0;
2026-02-16;00:00;MP7;SA Verladung FV;2893905T;NV AS Transporte;2;2;85.1;
2026-02-16;00:00;MP7;SA Verladung FV;2893911T;NV DS Transporte;1;2;40.0;
2026-02-16;00:00;MP7;SA Verladung FV;2893924T;NV Tiroch;1;1;1275.0;
2026-02-16;00:00;MP7;SA Verladung FV;2893928T;NV Tiroch;1;1;9.0;
2026-02-16;00:00;MP7;SA Verladung FV;2893964T;NV Bogos Transporte;1;4;1236.0;
2026-02-16;00:00;MP7;SA Verladung FV;2893980T;NV Silagi;1;1;58.0;
2026-02-16;00:00;MP7;SA Verladung FV;2894215T;NV Ciortan;1;1;86.0;
2026-02-16;00:00;MP7;SA Verladung FV;2894232T;WAB NV - großer NV;1;1;123.0;
2026-02-16;00:00;MP7;SA Verladung FV;2894264T;WAB NV - großer NV;4;27;3032.0;
2026-02-16;00:00;MP7;SA Verladung FV;2894306T;WAB NV - großer NV;2;265;11960.0;
2026-02-16;00:00;MP7;SA Verladung FV;2894312T;WAB NV - großer NV;1;16;8923.2;
2026-02-16;00:00;MP7;SA Verladung FV;2894454T;WAB NV - großer NV;1;1;119.0;
2026-02-16;00:00;MP7;SA Verladung FV;2894731T;NV Yeritsyan;1;1;68.2;
2026-02-16;00:00;MP7;SA Verladung FV;2894740T;NV LT Trans;1;9;1146.0;
2026-02-16;00:00;MP7;SA Verladung FV;2894798T;NV Silagi;1;1;250.0;
2026-02-16;00:00;MP7;SA Verladung FV;2894800T;WAB NV - großer NV;1;9;2844.0;
2026-02-16;00:00;MP7;SA Verladung FV;2894803T;NV AS Transporte;2;2;106.0;
2026-02-16;00:00;MP7;SA Verladung FV;2895183T;NV DS Transporte;1;1;51.0;
2026-02-16;00:00;MP7;SA Verladung FV;2895236T;NV VP Logistik;1;1;80.0;
2026-02-16;00:00;MP7;SA Verladung FV;2896440T;NV DS Transporte;1;1;112.0;
2026-02-16;00:00;MP7;SA Verladung FV;2896476T;NV AS Transporte;1;9;1575.0;
2026-02-16;00:00;MP7;SA Verladung FV;2896493T;NV Strauss;1;1;193.0;
2026-02-16;00:00;MP7;SA Verladung FV;2897674T;Fallback;1;1;146.5;
2026-02-16;00:00;MP7;SA Verladung FV;2898183T;WAB NV - großer NV;4;22;3575.0;
2026-02-16;00:00;MP9a;Sonderscan;;;27;65;12378.2;
2026-02-16;00:00;MP9b;NV Eingang;;;496;1658;268861.7;
2026-02-17;00:00;MP2;Nat. Eingang;;;15;233;14987.9;
2026-02-17;00:00;MP2;Nat. Eingang;2890442T;Hofmanagement;8;27;11540.0;
2026-02-17;00:00;MP2;Nat. Eingang;2891726T;Hofmanagement;20;331;127356.8;
2026-02-17;00:00;MP2;Nat. Eingang;2891807T;WAB NV - Abholer;2;10;1544.0;
2026-02-17;00:00;MP2;Nat. Eingang;2891919T;WAB NV - Abholer;4;41;4506.0;
2026-02-17;00:00;MP2;Nat. Eingang;2891977T;WAB NV - Abholer;1;9;1035.0;
2026-02-17;00:00;MP2;Nat. Eingang;2892591T;NV Fischer;14;31;1081.0;
2026-02-17;00:00;MP2;Nat. Eingang;2892592T;NV Fischer;2;2;770.0;
2026-02-17;00:00;MP2;Nat. Eingang;2892593T;NV Fischer;2;101;11126.5;
2026-02-17;00:00;MP2;Nat. Eingang;2892594T;NV Fischer;3;38;5050.0;
2026-02-17;00:00;MP2;Nat. Eingang;2892595T;NV Fischer;7;7;1794.0;
2026-02-17;00:00;MP2;Nat. Eingang;2892596T;NV DS Transporte;7;18;3033.0;
2026-02-17;00:00;MP2;Nat. Eingang;2892597T;NV DS Transporte;2;2;85.0;
2026-02-17;00:00;MP2;Nat. Eingang;2892601T;NV Strauss;4;8;986.0;
2026-02-17;00:00;MP2;Nat. Eingang;2892602T;NV Strauss;4;4;207.0;
2026-02-17;00:00;MP2;Nat. Eingang;2892607T;NV Strauss;5;12;6550.0;
2026-02-17;00:00;MP2;Nat. Eingang;2892608T;NV DS Transporte;2;2;253.0;
2026-02-17;00:00;MP2;Nat. Eingang;2892609T;NV DS Transporte;3;6;2660.4;
2026-02-17;00:00;MP2;Nat. Eingang;2892610T;NV AS Transporte;1;4;30.0;
2026-02-17;00:00;MP2;Nat. Eingang;2892611T;NV AS Transporte;17;76;2647.0;
2026-02-17;00:00;MP2;Nat. Eingang;2892636T;NV DS Transporte;6;14;2263.0;
2026-02-17;00:00;MP2;Nat. Eingang;2892637T;NV Strauss;3;3;260.0;
2026-02-17;00:00;MP2;Nat. Eingang;2892638T;NV Strauss;1;1;119.0;
2026-02-17;00:00;MP2;Nat. Eingang;2892639T;NV DS Transporte;2;2;123.0;
2026-02-17;00:00;MP2;Nat. Eingang;2892641T;NV DS Transporte;4;7;2289.0;
2026-02-17;00:00;MP2;Nat. Eingang;2892642T;NV DS Transporte;1;9;60.0;
2026-02-17;00:00;MP2;Nat. Eingang;2892643T;NV DS Transporte;2;8;566.0;
2026-02-17;00:00;MP2;Nat. Eingang;2892644T;NV Ciortan;2;2;255.0;
2026-02-17;00:00;MP2;Nat. Eingang;2892646T;NV Ciortan;5;13;1548.0;
2026-02-17;00:00;MP2;Nat. Eingang;2892649T;NV Ciortan;6;10;808.0;
2026-02-17;00:00;MP2;Nat. Eingang;2892650T;NV AS Transporte;3;6;661.0;
2026-02-17;00:00;MP2;Nat. Eingang;2892652T;NV AS Transporte;4;4;620.0;
2026-02-17;00:00;MP2;Nat. Eingang;2892655T;NV DS Transporte;5;75;14043.0;
2026-02-17;00:00;MP2;Nat. Eingang;2892656T;NV DS Transporte;8;21;5421.0;
2026-02-17;00:00;MP2;Nat. Eingang;2892657T;NV DS Transporte;6;6;417.0;
2026-02-17;00:00;MP2;Nat. Eingang;2892660T;NV AS Transporte;7;135;2299.4;
2026-02-17;00:00;MP2;Nat. Eingang;2892664T;NV AS Transporte;3;3;173.0;
2026-02-17;00:00;MP2;Nat. Eingang;2892667T;NV Tiroch;12;12;1110.0;
2026-02-17;00:00;MP2;Nat. Eingang;2892669T;NV Tiroch;6;9;1847.0;
2026-02-17;00:00;MP2;Nat. Eingang;2892670T;NV Tiroch;4;7;2446.0;
2026-02-17;00:00;MP2;Nat. Eingang;2892671T;NV Tiroch;6;18;6719.0;
2026-02-17;00:00;MP2;Nat. Eingang;2892673T;NV Tiroch;2;3;750.0;
2026-02-17;00:00;MP2;Nat. Eingang;2892674T;NV Tiroch;5;29;4242.0;
2026-02-17;00:00;MP2;Nat. Eingang;2892679T;NV AS Transporte;4;7;1713.0;
2026-02-17;00:00;MP2;Nat. Eingang;2892686T;NV AS Transporte;3;3;220.0;
2026-02-17;00:00;MP2;Nat. Eingang;2892693T;NV Alexandru;3;21;6736.0;
2026-02-17;00:00;MP2;Nat. Eingang;2892704T;NV AS Transporte;8;25;7280.0;
2026-02-17;00:00;MP2;Nat. Eingang;2892705T;NV Bogos Transporte;1;6;1980.0;
2026-02-17;00:00;MP2;Nat. Eingang;2892707T;NV Bogos Transporte;7;25;2753.0;
2026-02-17;00:00;MP2;Nat. Eingang;2892709T;NV Bogos Transporte;5;7;799.0;
2026-02-17;00:00;MP2;Nat. Eingang;2892710T;NV VP Logistik;2;2;139.0;
2026-02-17;00:00;MP2;Nat. Eingang;2892712T;NV VP Logistik;2;2;355.0;
2026-02-17;00:00;MP2;Nat. Eingang;2892714T;NV VP Logistik;2;5;680.0;
2026-02-17;00:00;MP2;Nat. Eingang;2892717T;NV Tuncay;2;2;98.0;
2026-02-17;00:00;MP2;Nat. Eingang;2892718T;NV Tuncay;4;4;360.0;
2026-02-17;00:00;MP2;Nat. Eingang;2892720T;NV Guth;3;3;391.0;
2026-02-17;00:00;MP2;Nat. Eingang;2892722T;NV Guth;1;1;4.0;
2026-02-17;00:00;MP2;Nat. Eingang;2892723T;NV VP Logistik;5;32;3763.0;
2026-02-17;00:00;MP2;Nat. Eingang;2892725T;NV Silagi;1;1;28.0;
2026-02-17;00:00;MP2;Nat. Eingang;2892924T;Hofmanagement;12;113;33490.2;
2026-02-17;00:00;MP2;Nat. Eingang;2892958T;NV AS Transporte;5;99;16581.0;
2026-02-17;00:00;MP2;Nat. Eingang;2892960T;NV AS Transporte;20;26;3571.0;
2026-02-17;00:00;MP2;Nat. Eingang;2892962T;NV Ciortan;3;3;818.0;
2026-02-17;00:00;MP2;Nat. Eingang;2892964T;NV Ciortan;9;48;8799.0;
2026-02-17;00:00;MP2;Nat. Eingang;2892966T;NV AS Transporte;2;2;330.0;
2026-02-17;00:00;MP2;Nat. Eingang;2892971T;WAB NV - Abholer;6;20;12752.0;
2026-02-17;00:00;MP2;Nat. Eingang;2892981T;WAB NV - Abholer;21;199;48750.0;
2026-02-17;00:00;MP2;Nat. Eingang;2892991T;WAB NV - erweitert;1;4;600.0;
2026-02-17;00:00;MP2;Nat. Eingang;2893003T;WAB NV - Abholer;15;140;25175.8;
2026-02-17;00:00;MP2;Nat. Eingang;2893013T;WAB NV - Abholer;2;50;25047.0;
2026-02-17;00:00;MP2;Nat. Eingang;2893035T;WAB NV - Abholer;19;142;35972.0;
2026-02-17;00:00;MP2;Nat. Eingang;2893039T;WAB NV - Abholer;5;68;1193.2;
2026-02-17;00:00;MP2;Nat. Eingang;2893045T;WAB NV - Abholer;22;102;8431.3;
2026-02-17;00:00;MP2;Nat. Eingang;2893055T;WAB NV - Abholer;4;46;38860.0;
2026-02-17;00:00;MP2;Nat. Eingang;2893061T;WAB NV - Abholer;15;211;30270.0;
2026-02-17;00:00;MP2;Nat. Eingang;2893069T;WAB NV - erweitert;19;127;49201.0;
2026-02-17;00:00;MP2;Nat. Eingang;2893075T;WAB NV - Abholer;25;70;4401.0;
2026-02-17;00:00;MP2;Nat. Eingang;2893089T;WAB NV - Abholer;27;45;9317.0;
2026-02-17;00:00;MP2;Nat. Eingang;2893113T;WAB NV - Abholer;4;442;44461.2;
2026-02-17;00:00;MP2;Nat. Eingang;2893119T;WAB NV - Abholer;32;35;10675.0;
2026-02-17;00:00;MP2;Nat. Eingang;2893129T;WAB NV - Abholer;5;13;2125.0;
2026-02-17;00:00;MP2;Nat. Eingang;2893141T;WAB NV - Abholer;6;17;10815.0;
2026-02-17;00:00;MP2;Nat. Eingang;2893145T;WAB NV - Abholer;13;16;1258.0;
2026-02-17;00:00;MP2;Nat. Eingang;2893149T;WAB NV - Abholer;19;55;18984.0;
2026-02-17;00:00;MP2;Nat. Eingang;2893163T;WAB NV - Abholer;15;23;2240.6;
2026-02-17;00:00;MP2;Nat. Eingang;2893167T;WAB NV - Abholer;4;89;14193.0;
2026-02-17;00:00;MP2;Nat. Eingang;2893177T;WAB NV - Abholer;6;41;21219.9;
2026-02-17;00:00;MP2;Nat. Eingang;2893203T;WAB NV - Abholer;31;44;15005.3;
2026-02-17;00:00;MP2;Nat. Eingang;2893213T;WAB NV - Abholer;13;39;18092.4;
2026-02-17;00:00;MP2;Nat. Eingang;2893233T;WAB NV - Abholer;32;70;12150.0;
2026-02-17;00:00;MP2;Nat. Eingang;2893243T;WAB NV - Abholer;8;58;12006.6;
2026-02-17;00:00;MP2;Nat. Eingang;2893251T;Sonderfahrten;3;3;459.0;
2026-02-17;00:00;MP2;Nat. Eingang;2893298T;NV Ciortan;2;5;230.0;
2026-02-17;00:00;MP2;Nat. Eingang;2893310T;NV Yeritsyan;3;14;4390.0;
2026-02-17;00:00;MP2;Nat. Eingang;2893312T;NV Yeritsyan;6;9;902.0;
2026-02-17;00:00;MP2;Nat. Eingang;2893329T;WAB NV - Abholer;13;28;3813.5;
2026-02-17;00:00;MP2;Nat. Eingang;2893338T;WAB NV - Abholer;21;38;4937.0;
2026-02-17;00:00;MP2;Nat. Eingang;2893342T;WAB NV - Abholer;31;40;4266.0;
2026-02-17;00:00;MP2;Nat. Eingang;2893356T;WAB NV - Abholer;36;39;6280.7;
2026-02-17;00:00;MP2;Nat. Eingang;2893358T;WAB NV - Abholer;19;71;8419.9;
2026-02-17;00:00;MP2;Nat. Eingang;2893382T;WAB NV - Abholer;14;116;12129.0;
2026-02-17;00:00;MP2;Nat. Eingang;2893392T;WAB NV - Abholer;24;24;7745.4;
2026-02-17;00:00;MP2;Nat. Eingang;2893394T;WAB NV - Abholer;18;21;1655.5;
2026-02-17;00:00;MP2;Nat. Eingang;2893408T;WAB NV - Abholer;41;88;28155.7;
2026-02-17;00:00;MP2;Nat. Eingang;2893410T;WAB NV - Abholer;34;64;21173.6;
2026-02-17;00:00;MP2;Nat. Eingang;2893412T;WAB NV - Abholer;23;159;29580.1;
2026-02-17;00:00;MP2;Nat. Eingang;2893414T;WAB NV - Abholer;21;158;65587.1;
2026-02-17;00:00;MP2;Nat. Eingang;2893418T;WAB NV - Abholer;4;45;12113.2;
2026-02-17;00:00;MP2;Nat. Eingang;2893434T;WAB NV - Abholer;7;16;9867.0;
2026-02-17;00:00;MP2;Nat. Eingang;2893468T;NV AS Transporte;1;6;570.0;
2026-02-17;00:00;MP2;Nat. Eingang;2893470T;NV Yeritsyan;1;1;104.1;
2026-02-17;00:00;MP2;Nat. Eingang;2893477T;NV Yeritsyan;3;4;642.0;
2026-02-17;00:00;MP2;Nat. Eingang;2893478T;NV Yeritsyan;5;16;2732.0;
2026-02-17;00:00;MP2;Nat. Eingang;2893483T;NV LT Trans;6;12;1397.0;
2026-02-17;00:00;MP2;Nat. Eingang;2893485T;NV LT Trans;3;27;2480.0;
2026-02-17;00:00;MP2;Nat. Eingang;2893487T;NV LT Trans;1;16;1864.0;
2026-02-17;00:00;MP2;Nat. Eingang;2893489T;NV Silagi;4;4;498.0;
2026-02-17;00:00;MP2;Nat. Eingang;2893490T;NV Silagi;4;4;512.0;
2026-02-17;00:00;MP2;Nat. Eingang;2893536T;WAB NV - Abholer;18;70;7333.0;
2026-02-17;00:00;MP2;Nat. Eingang;2893540T;WAB NV - Abholer;15;36;7812.0;
2026-02-17;00:00;MP2;Nat. Eingang;2893544T;NV Silagi;1;2;128.0;
2026-02-17;00:00;MP2;Nat. Eingang;2893545T;NV Silagi;2;2;187.0;
2026-02-17;00:00;MP2;Nat. Eingang;2894362T;WAB NV - Abholer;2;17;3905.0;
2026-02-17;00:00;MP2;Nat. Eingang;2894386T;WAB NV - Abholer;1;1;496.0;
2026-02-17;00:00;MP2;Nat. Eingang;2894805T;WAB NV - erweitert;1;1;64.8;
2026-02-17;00:00;MP2;Nat. Eingang;2894807T;NV Ciortan;5;36;7473.0;
2026-02-17;00:00;MP2;Nat. Eingang;2894809T;NV VP Logistik;3;3;305.5;
2026-02-17;00:00;MP2;Nat. Eingang;2894810T;NV VP Logistik;2;2;196.0;
2026-02-17;00:00;MP2;Nat. Eingang;2894814T;NV Fischer;6;9;970.0;
2026-02-17;00:00;MP2;Nat. Eingang;2894815T;NV Ciortan;3;3;363.0;
2026-02-17;00:00;MP2;Nat. Eingang;2894816T;NV Tiroch;6;44;5071.0;
2026-02-17;00:00;MP2;Nat. Eingang;2894817T;NV Tiroch;1;1;100.0;
2026-02-17;00:00;MP2;Nat. Eingang;2894818T;NV Tiroch;5;23;895.0;
2026-02-17;00:00;MP2;Nat. Eingang;2895000T;WAB NV - Abholer;11;26;3803.0;
2026-02-17;00:00;MP2;Nat. Eingang;2895047T;WAB NV - Abholer;12;24;3433.6;
2026-02-17;00:00;MP2;Nat. Eingang;2897507T;Fallback;2;17;5777.7;
2026-02-17;00:00;MP4;Nat. Ausgang;;;14;170;7134.5;
2026-02-17;00:00;MP4;Nat. Ausgang;2887132T;Linien International;1;1;200.0;
2026-02-17;00:00;MP4;Nat. Ausgang;2890770T;Linien Ruhr;1;2;436.5;
2026-02-17;00:00;MP4;Nat. Ausgang;2890786T;Linien Mitte;1;2;162.3;
2026-02-17;00:00;MP4;Nat. Ausgang;2891633T;Linien International;1;15;5418.0;
2026-02-17;00:00;MP4;Nat. Ausgang;2891653T;Linien Süd;1;2;877.0;
2026-02-17;00:00;MP4;Nat. Ausgang;2892060T;Linien Ruhr;2;31;2458.4;
2026-02-17;00:00;MP4;Nat. Ausgang;2892068T;Linien Mitte;2;31;700.0;
2026-02-17;00:00;MP4;Nat. Ausgang;2892078T;Linien Südwest;1;2;250.0;
2026-02-17;00:00;MP4;Nat. Ausgang;2892113T;Linien Süd;1;1;256.1;
2026-02-17;00:00;MP4;Nat. Ausgang;2892262T;Linien Süd;1;1;1.0;
2026-02-17;00:00;MP4;Nat. Ausgang;2892305T;Linien Nord;20;71;9508.2;
2026-02-17;00:00;MP4;Nat. Ausgang;2892309T;Linien Mitte;1;2;64.4;
2026-02-17;00:00;MP4;Nat. Ausgang;2892317T;Linien Süd;1;2;576.0;
2026-02-17;00:00;MP4;Nat. Ausgang;2892826T;Linien International;23;44;6902.1;
2026-02-17;00:00;MP4;Nat. Ausgang;2892828T;Linien International;30;39;3982.0;
2026-02-17;00:00;MP4;Nat. Ausgang;2892830T;Linien International;28;611;25404.0;
2026-02-17;00:00;MP4;Nat. Ausgang;2892832T;Linien International;14;30;5063.0;
2026-02-17;00:00;MP4;Nat. Ausgang;2892836T;Linien International;13;63;20586.9;
2026-02-17;00:00;MP4;Nat. Ausgang;2892838T;Linien Mitte;5;148;33704.0;
2026-02-17;00:00;MP4;Nat. Ausgang;2892840T;Linien Süd;14;46;15610.3;
2026-02-17;00:00;MP4;Nat. Ausgang;2892842T;Linien Süd;7;13;812.6;
2026-02-17;00:00;MP4;Nat. Ausgang;2892844T;Linien Süd;55;104;21007.0;
2026-02-17;00:00;MP4;Nat. Ausgang;2892848T;Linien Süd;27;106;18193.2;
2026-02-17;00:00;MP4;Nat. Ausgang;2892852T;Linien Süd;44;138;46571.6;
2026-02-17;00:00;MP4;Nat. Ausgang;2892854T;Linien Süd;6;6;558.0;
2026-02-17;00:00;MP4;Nat. Ausgang;2892856T;Linien Südwest;42;116;22139.7;
2026-02-17;00:00;MP4;Nat. Ausgang;2892918T;Fernverkehr AS;31;81;25831.4;
2026-02-17;00:00;MP4;Nat. Ausgang;2892922T;Fernverkehr AS;27;224;34456.1;
2026-02-17;00:00;MP4;Nat. Ausgang;2893252T;Linien Ruhr;33;95;14829.3;
2026-02-17;00:00;MP4;Nat. Ausgang;2893256T;Linien Ruhr;32;59;13112.8;
2026-02-17;00:00;MP4;Nat. Ausgang;2893260T;Linien Ruhr;40;107;9610.3;
2026-02-17;00:00;MP4;Nat. Ausgang;2893264T;Linien Mitte;42;56;9427.6;
2026-02-17;00:00;MP4;Nat. Ausgang;2893268T;Linien Mitte;28;70;11493.8;
2026-02-17;00:00;MP4;Nat. Ausgang;2893270T;Linien Ost;36;122;34970.7;
2026-02-17;00:00;MP4;Nat. Ausgang;2893274T;Linien Südwest;27;86;26643.4;
2026-02-17;00:00;MP4;Nat. Ausgang;2893278T;Linien Südwest;35;109;17970.8;
2026-02-17;00:00;MP4;Nat. Ausgang;2893282T;Linien Süd;43;103;26092.7;
2026-02-17;00:00;MP4;Nat. Ausgang;2893286T;Linien Süd;37;97;25168.8;
2026-02-17;00:00;MP4;Nat. Ausgang;2893290T;Linien Süd;27;73;16436.3;
2026-02-17;00:00;MP4;Nat. Ausgang;2893294T;Linien Ost;26;84;9979.7;
2026-02-17;00:00;MP4;Nat. Ausgang;2893300T;Linien Süd;12;15;4136.5;
2026-02-17;00:00;MP4;Nat. Ausgang;2893304T;Linien Mitte;31;355;25361.0;
2026-02-17;00:00;MP4;Nat. Ausgang;2893308T;Linien Mitte;20;125;20133.8;
2026-02-17;00:00;MP4;Nat. Ausgang;2893313T;Linien Süd;23;182;26311.6;
2026-02-17;00:00;MP4;Nat. Ausgang;2893315T;Linien Südwest;20;67;9755.7;
2026-02-17;00:00;MP4;Nat. Ausgang;2893319T;Linien International;12;80;22522.7;
2026-02-17;00:00;MP4;Nat. Ausgang;2893323T;Linien Ost;20;669;94262.0;
2026-02-17;00:00;MP4;Nat. Ausgang;2893440T;Linien International;47;87;11139.2;
2026-02-17;00:00;MP4;Nat. Ausgang;2893442T;Linien International;15;68;2263.6;
2026-02-17;00:00;MP4;Nat. Ausgang;2893446T;Linien International;6;20;4247.0;
2026-02-17;00:00;MP4;Nat. Ausgang;2893448T;Linien International;6;33;3183.0;
2026-02-17;00:00;MP4;Nat. Ausgang;2893450T;Linien Nord;39;96;13136.0;
2026-02-17;00:00;MP4;Nat. Ausgang;2893454T;Linien Nord;17;17;3581.5;
2026-02-17;00:00;MP4;Nat. Ausgang;2893456T;Linien Süd;27;62;12652.4;
2026-02-17;00:00;MP4;Nat. Ausgang;2893460T;Linien Süd;4;19;15884.0;
2026-02-17;00:00;MP4;Nat. Ausgang;2893462T;Linien Süd;20;66;10936.6;
2026-02-17;00:00;MP4;Nat. Ausgang;2893466T;Linien Süd;9;12;3182.5;
2026-02-17;00:00;MP4;Nat. Ausgang;2893473T;Linien Mitte;28;582;22063.2;
2026-02-17;00:00;MP4;Nat. Ausgang;2893509T;Linien Mitte;27;119;15066.5;
2026-02-17;00:00;MP4;Nat. Ausgang;2893513T;Linien Süd;20;93;15498.7;
2026-02-17;00:00;MP4;Nat. Ausgang;2893517T;Linien Süd;9;20;3362.7;
2026-02-17;00:00;MP4;Nat. Ausgang;2893521T;Linien Süd;1;1;173.0;
2026-02-17;00:00;MP4;Nat. Ausgang;2894163T;Fernverkehr AS;3;21;3574.0;
2026-02-17;00:00;MP4;Nat. Ausgang;2894167T;Fernverkehr AS;19;44;18017.7;
2026-02-17;00:00;MP4;Nat. Ausgang;2894760T;Linien Ruhr;5;8;1037.8;
2026-02-17;00:00;MP4;Nat. Ausgang;2894770T;Linien Süd;2;10;278.0;
2026-02-17;00:00;MP4;Nat. Ausgang;2894774T;Linien Süd;4;19;6544.4;
2026-02-17;00:00;MP4;Nat. Ausgang;2894849T;Linien Südwest;22;178;26839.4;
2026-02-17;00:00;MP4;Nat. Ausgang;2894853T;Linien Ruhr;23;399;144881.4;
2026-02-17;00:00;MP4;Nat. Ausgang;2895015T;Linien International;1;4;2000.0;
2026-02-17;00:00;MP4;Nat. Ausgang;2895839T;Linien Südwest;1;1;1091.2;
2026-02-17;00:00;MP4;Nat. Ausgang;2896029T;Linien Nord;14;41;14415.6;
2026-02-17;00:00;MP4;Nat. Ausgang;2896112T;Linien Ost;1;1;53.0;
2026-02-17;00:00;MP4;Nat. Ausgang;2896116T;Linien Ost;1;16;8472.8;
2026-02-17;00:00;MP4;Nat. Ausgang;2896152T;Linien International;18;43;6102.7;
2026-02-17;00:00;MP4;Nat. Ausgang;2897340T;WAB NV - großer NV;5;21;7648.0;
2026-02-17;00:00;MP4a;Sonderausgang;2876064T;Fallback;1;1;1.0;
2026-02-17;00:00;MP4a;Sonderausgang;2882486T;NV Strauss;1;4;422.0;
2026-02-17;00:00;MP4a;Sonderausgang;2882598T;NV VP Logistik;1;4;957.0;
2026-02-17;00:00;MP4a;Sonderausgang;2885072T;Fallback;2;2;2.0;
2026-02-17;00:00;MP4a;Sonderausgang;2885115T;NV DS Transporte;1;1;45.0;
2026-02-17;00:00;MP4a;Sonderausgang;2887152T;NV AS Transporte;1;2;1558.0;
2026-02-17;00:00;MP4a;Sonderausgang;2887167T;NV LT Trans;1;6;296.0;
2026-02-17;00:00;MP4a;Sonderausgang;2887548T;NV Strauss;2;11;791.0;
2026-02-17;00:00;MP4a;Sonderausgang;2887917T;NV Ciortan;1;4;1005.0;
2026-02-17;00:00;MP4a;Sonderausgang;2888498T;NV Silagi;1;2;131.0;
2026-02-17;00:00;MP4a;Sonderausgang;2888846T;NV DS Transporte;1;16;1112.0;
2026-02-17;00:00;MP4a;Sonderausgang;2888966T;NV Guth;1;4;1002.0;
2026-02-17;00:00;MP4a;Sonderausgang;2889720T;NV Yeritsyan;1;4;324.0;
2026-02-17;00:00;MP4a;Sonderausgang;2889786T;NV Silagi;1;64;560.0;
2026-02-17;00:00;MP4a;Sonderausgang;2890109T;NV DS Transporte;1;1;53.0;
2026-02-17;00:00;MP4a;Sonderausgang;2890117T;NV Strauss;2;2;185.0;
2026-02-17;00:00;MP4a;Sonderausgang;2890134T;Fallback;2;2;2.0;
2026-02-17;00:00;MP4a;Sonderausgang;2890216T;NV Strauss;1;1;214.0;
2026-02-17;00:00;MP4a;Sonderausgang;2890769T;Sonderfahrten;1;1;42.0;
2026-02-17;00:00;MP4a;Sonderausgang;2890828T;NV Yeritsyan;1;15;2184.0;
2026-02-17;00:00;MP4a;Sonderausgang;2891022T;Sonderfahrten;1;3;193.0;
2026-02-17;00:00;MP4a;Sonderausgang;2891418T;Fallback;5;5;664.0;
2026-02-17;00:00;MP4a;Sonderausgang;2892231T;WAB NV - großer NV;1;16;7928.0;
2026-02-17;00:00;MP4a;Sonderausgang;2892356T;NV AS Transporte;1;2;46.0;
2026-02-17;00:00;MP4a;Sonderausgang;2892592T;NV Fischer;1;1;22.0;
2026-02-17;00:00;MP4a;Sonderausgang;2892594T;NV Fischer;1;4;410.0;
2026-02-17;00:00;MP4a;Sonderausgang;2892595T;NV Fischer;2;2;234.0;
2026-02-17;00:00;MP4a;Sonderausgang;2892600T;NV Strauss;1;1;100.0;
2026-02-17;00:00;MP4a;Sonderausgang;2892601T;NV Strauss;1;4;322.0;
2026-02-17;00:00;MP4a;Sonderausgang;2892603T;NV Strauss;1;4;80.0;
2026-02-17;00:00;MP4a;Sonderausgang;2892606T;NV Strauss;1;4;422.0;
2026-02-17;00:00;MP4a;Sonderausgang;2892609T;NV DS Transporte;3;21;1580.0;
2026-02-17;00:00;MP4a;Sonderausgang;2892610T;NV AS Transporte;3;9;2262.0;
2026-02-17;00:00;MP4a;Sonderausgang;2892611T;NV AS Transporte;2;17;3900.0;
2026-02-17;00:00;MP4a;Sonderausgang;2892614T;NV Fischer;3;17;2719.0;
2026-02-17;00:00;MP4a;Sonderausgang;2892617T;Fallback;1;1;90.0;
2026-02-17;00:00;MP4a;Sonderausgang;2892636T;NV DS Transporte;1;1;106.0;
2026-02-17;00:00;MP4a;Sonderausgang;2892638T;NV Strauss;1;1;65.0;
2026-02-17;00:00;MP4a;Sonderausgang;2892639T;NV DS Transporte;1;1;214.0;
2026-02-17;00:00;MP4a;Sonderausgang;2892640T;NV DS Transporte;1;1;180.0;
2026-02-17;00:00;MP4a;Sonderausgang;2892642T;NV DS Transporte;1;1;405.0;
2026-02-17;00:00;MP4a;Sonderausgang;2892643T;NV DS Transporte;1;1;135.0;
2026-02-17;00:00;MP4a;Sonderausgang;2892646T;NV Ciortan;1;1;196.0;
2026-02-17;00:00;MP4a;Sonderausgang;2892652T;NV AS Transporte;4;4;560.0;
2026-02-17;00:00;MP4a;Sonderausgang;2892655T;NV DS Transporte;1;4;2048.0;
2026-02-17;00:00;MP4a;Sonderausgang;2892657T;NV DS Transporte;1;1;45.0;
2026-02-17;00:00;MP4a;Sonderausgang;2892670T;NV Tiroch;2;5;564.0;
2026-02-17;00:00;MP4a;Sonderausgang;2892671T;NV Tiroch;14;67;1540.0;
2026-02-17;00:00;MP4a;Sonderausgang;2892673T;NV Tiroch;7;7;2026.0;
2026-02-17;00:00;MP4a;Sonderausgang;2892674T;NV Tiroch;3;52;6190.4;
2026-02-17;00:00;MP4a;Sonderausgang;2892678T;NV AS Transporte;1;1;168.0;
2026-02-17;00:00;MP4a;Sonderausgang;2892679T;NV AS Transporte;2;5;826.0;
2026-02-17;00:00;MP4a;Sonderausgang;2892686T;NV AS Transporte;1;16;7928.0;
2026-02-17;00:00;MP4a;Sonderausgang;2892693T;NV Alexandru;3;6;2297.0;
2026-02-17;00:00;MP4a;Sonderausgang;2892696T;NV Strauss;2;5;1756.0;
2026-02-17;00:00;MP4a;Sonderausgang;2892697T;Sonderfahrten;2;2;29.0;
2026-02-17;00:00;MP4a;Sonderausgang;2892704T;NV AS Transporte;1;1;228.0;
2026-02-17;00:00;MP4a;Sonderausgang;2892705T;NV Bogos Transporte;1;1;222.0;
2026-02-17;00:00;MP4a;Sonderausgang;2892707T;NV Bogos Transporte;2;2;354.0;
2026-02-17;00:00;MP4a;Sonderausgang;2892709T;NV Bogos Transporte;1;1;382.0;
2026-02-17;00:00;MP4a;Sonderausgang;2892710T;NV VP Logistik;2;2;948.3;
2026-02-17;00:00;MP4a;Sonderausgang;2892712T;NV VP Logistik;2;2;436.0;
2026-02-17;00:00;MP4a;Sonderausgang;2892714T;NV VP Logistik;1;1;79.0;
2026-02-17;00:00;MP4a;Sonderausgang;2892717T;NV Tuncay;2;2;359.0;
2026-02-17;00:00;MP4a;Sonderausgang;2892719T;NV Tuncay;2;3;124.0;
2026-02-17;00:00;MP4a;Sonderausgang;2892720T;NV Guth;4;4;1002.0;
2026-02-17;00:00;MP4a;Sonderausgang;2892722T;NV Guth;2;5;1042.0;
2026-02-17;00:00;MP4a;Sonderausgang;2892723T;NV VP Logistik;3;6;1471.0;
2026-02-17;00:00;MP4a;Sonderausgang;2892724T;Sonderfahrten;1;1;80.0;
2026-02-17;00:00;MP4a;Sonderausgang;2892725T;NV Silagi;5;107;1196.0;
2026-02-17;00:00;MP4a;Sonderausgang;2892964T;NV Ciortan;2;2;1151.2;
2026-02-17;00:00;MP4a;Sonderausgang;2892966T;NV AS Transporte;1;4;48.0;
2026-02-17;00:00;MP4a;Sonderausgang;2893001T;WAB NV - großer NV;1;1;215.0;
2026-02-17;00:00;MP4a;Sonderausgang;2893011T;WAB NV - großer NV;1;1;180.0;
2026-02-17;00:00;MP4a;Sonderausgang;2893033T;WAB NV - großer NV;5;68;16314.0;
2026-02-17;00:00;MP4a;Sonderausgang;2893097T;WAB NV - großer NV;6;15;491.0;
2026-02-17;00:00;MP4a;Sonderausgang;2893107T;WAB NV - großer NV;2;37;12858.0;
2026-02-17;00:00;MP4a;Sonderausgang;2893117T;WAB NV - großer NV;1;81;17739.0;
2026-02-17;00:00;MP4a;Sonderausgang;2893127T;WAB NV - großer NV;2;2;167.0;
2026-02-17;00:00;MP4a;Sonderausgang;2893185T;WAB NV - großer NV;1;4;800.0;
2026-02-17;00:00;MP4a;Sonderausgang;2893201T;WAB NV - großer NV;1;16;14400.0;
2026-02-17;00:00;MP4a;Sonderausgang;2893211T;WAB NV - großer NV;1;1;142.5;
2026-02-17;00:00;MP4a;Sonderausgang;2893241T;WAB NV - großer NV;2;10;1422.3;
2026-02-17;00:00;MP4a;Sonderausgang;2893298T;NV Ciortan;1;1;112.0;
2026-02-17;00:00;MP4a;Sonderausgang;2893312T;NV Yeritsyan;1;1;58.0;
2026-02-17;00:00;MP4a;Sonderausgang;2893337T;WAB NV - großer NV;2;2;38.0;
2026-02-17;00:00;MP4a;Sonderausgang;2893468T;NV AS Transporte;1;1;779.0;
2026-02-17;00:00;MP4a;Sonderausgang;2893471T;Sonderfahrten;1;4;1740.0;
2026-02-17;00:00;MP4a;Sonderausgang;2893478T;NV Yeritsyan;2;2;178.0;
2026-02-17;00:00;MP4a;Sonderausgang;2893485T;NV LT Trans;2;2;214.0;
2026-02-17;00:00;MP4a;Sonderausgang;2893487T;NV LT Trans;2;2;325.0;
2026-02-17;00:00;MP4a;Sonderausgang;2893489T;NV Silagi;1;1;86.0;
2026-02-17;00:00;MP4a;Sonderausgang;2893490T;NV Silagi;1;1;115.2;
2026-02-17;00:00;MP4a;Sonderausgang;2893534T;WAB NV - großer NV;1;1;100.0;
2026-02-17;00:00;MP4a;Sonderausgang;2893544T;NV Silagi;3;3;732.0;
2026-02-17;00:00;MP4a;Sonderausgang;2893545T;NV Silagi;3;3;601.5;
2026-02-17;00:00;MP4a;Sonderausgang;2893558T;NV Tiroch;1;34;965.0;
2026-02-17;00:00;MP4a;Sonderausgang;2893915T;NV AS Transporte;1;1;352.0;
2026-02-17;00:00;MP4a;Sonderausgang;2893925T;NV Tiroch;1;1;80.0;
2026-02-17;00:00;MP4a;Sonderausgang;2894412T;WAB NV - großer NV;1;4;180.0;
2026-02-17;00:00;MP4a;Sonderausgang;2894634T;WAB NV - großer NV;1;4;930.0;
2026-02-17;00:00;MP4a;Sonderausgang;2894805T;WAB NV - erweitert;10;10;1356.0;
2026-02-17;00:00;MP4a;Sonderausgang;2894807T;NV Ciortan;1;1;147.8;
2026-02-17;00:00;MP4a;Sonderausgang;2894808T;NV VP Logistik;1;1;213.0;
2026-02-17;00:00;MP4a;Sonderausgang;2894810T;NV VP Logistik;2;26;672.0;
2026-02-17;00:00;MP4a;Sonderausgang;2894811T;NV VP Logistik;4;4;166.0;
2026-02-17;00:00;MP4a;Sonderausgang;2894817T;NV Tiroch;1;25;3750.0;
2026-02-17;00:00;MP4a;Sonderausgang;2894818T;NV Tiroch;4;7;2130.0;
2026-02-17;00:00;MP4a;Sonderausgang;2894895T;WAB NV - großer NV;3;6;1705.0;
2026-02-17;00:00;MP4a;Sonderausgang;2894898T;WAB NV - großer NV;6;99;40131.0;
2026-02-17;00:00;MP5;SE Entladung FV;;;1797;12652;2182772.2;
2026-02-17;00:00;MP7;SA Verladung FV;2886021T;NV VP Logistik;1;9;479.0;
2026-02-17;00:00;MP7;SA Verladung FV;2886737T;WAB NV - großer NV;1;4;2248.0;
2026-02-17;00:00;MP7;SA Verladung FV;2888836T;NV Strauss;1;2;310.0;
2026-02-17;00:00;MP7;SA Verladung FV;2890749T;WAB NV - großer NV;1;2;295.1;
2026-02-17;00:00;MP7;SA Verladung FV;2891074T;NV Tiroch;1;3;1043.0;
2026-02-17;00:00;MP7;SA Verladung FV;2891188T;WAB NV - großer NV;1;12;1320.0;
2026-02-17;00:00;MP7;SA Verladung FV;2891296T;WAB NV - großer NV;1;3;231.0;
2026-02-17;00:00;MP7;SA Verladung FV;2892231T;WAB NV - großer NV;1;1;1.0;
2026-02-17;00:00;MP7;SA Verladung FV;2892589T;NV DS Transporte;11;37;4528.0;
2026-02-17;00:00;MP7;SA Verladung FV;2892590T;NV DS Transporte;8;11;838.1;
2026-02-17;00:00;MP7;SA Verladung FV;2892591T;NV Fischer;16;43;5195.0;
2026-02-17;00:00;MP7;SA Verladung FV;2892592T;NV Fischer;14;68;3894.0;
2026-02-17;00:00;MP7;SA Verladung FV;2892593T;NV Fischer;18;27;2814.3;
2026-02-17;00:00;MP7;SA Verladung FV;2892594T;NV Fischer;10;39;5860.4;
2026-02-17;00:00;MP7;SA Verladung FV;2892595T;NV Fischer;16;19;2241.7;
2026-02-17;00:00;MP7;SA Verladung FV;2892596T;NV DS Transporte;14;62;3372.7;
2026-02-17;00:00;MP7;SA Verladung FV;2892597T;NV DS Transporte;10;19;689.0;
2026-02-17;00:00;MP7;SA Verladung FV;2892600T;NV Strauss;8;37;5523.0;
2026-02-17;00:00;MP7;SA Verladung FV;2892601T;NV Strauss;10;21;3558.0;
2026-02-17;00:00;MP7;SA Verladung FV;2892602T;NV Strauss;11;19;656.0;
2026-02-17;00:00;MP7;SA Verladung FV;2892603T;NV Strauss;3;38;1201.0;
2026-02-17;00:00;MP7;SA Verladung FV;2892606T;NV Strauss;7;21;3919.0;
2026-02-17;00:00;MP7;SA Verladung FV;2892607T;NV Strauss;8;32;5796.0;
2026-02-17;00:00;MP7;SA Verladung FV;2892608T;NV DS Transporte;10;43;8768.0;
2026-02-17;00:00;MP7;SA Verladung FV;2892609T;NV DS Transporte;6;9;4090.0;
2026-02-17;00:00;MP7;SA Verladung FV;2892610T;NV AS Transporte;11;38;3069.6;
2026-02-17;00:00;MP7;SA Verladung FV;2892611T;NV AS Transporte;12;20;1704.8;
2026-02-17;00:00;MP7;SA Verladung FV;2892614T;NV Fischer;2;5;1224.0;
2026-02-17;00:00;MP7;SA Verladung FV;2892635T;NV DS Transporte;14;17;4541.0;
2026-02-17;00:00;MP7;SA Verladung FV;2892636T;NV DS Transporte;10;16;3538.0;
2026-02-17;00:00;MP7;SA Verladung FV;2892637T;NV Strauss;9;24;3453.0;
2026-02-17;00:00;MP7;SA Verladung FV;2892638T;NV Strauss;10;130;6399.0;
2026-02-17;00:00;MP7;SA Verladung FV;2892639T;NV DS Transporte;8;11;508.0;
2026-02-17;00:00;MP7;SA Verladung FV;2892640T;NV DS Transporte;11;19;4598.0;
2026-02-17;00:00;MP7;SA Verladung FV;2892641T;NV DS Transporte;10;45;6516.7;
2026-02-17;00:00;MP7;SA Verladung FV;2892642T;NV DS Transporte;10;32;5614.0;
2026-02-17;00:00;MP7;SA Verladung FV;2892643T;NV DS Transporte;13;49;6178.0;
2026-02-17;00:00;MP7;SA Verladung FV;2892644T;NV Ciortan;9;9;786.0;
2026-02-17;00:00;MP7;SA Verladung FV;2892646T;NV Ciortan;10;27;5752.1;
2026-02-17;00:00;MP7;SA Verladung FV;2892649T;NV Ciortan;13;66;2242.0;
2026-02-17;00:00;MP7;SA Verladung FV;2892650T;NV AS Transporte;11;134;6245.9;
2026-02-17;00:00;MP7;SA Verladung FV;2892652T;NV AS Transporte;12;30;5506.0;
2026-02-17;00:00;MP7;SA Verladung FV;2892655T;NV DS Transporte;7;28;6587.0;
2026-02-17;00:00;MP7;SA Verladung FV;2892656T;NV DS Transporte;6;305;19196.0;
2026-02-17;00:00;MP7;SA Verladung FV;2892657T;NV DS Transporte;11;17;998.0;
2026-02-17;00:00;MP7;SA Verladung FV;2892660T;NV AS Transporte;11;40;5462.0;
2026-02-17;00:00;MP7;SA Verladung FV;2892662T;NV AS Transporte;24;50;2895.0;
2026-02-17;00:00;MP7;SA Verladung FV;2892664T;NV AS Transporte;15;21;2402.0;
2026-02-17;00:00;MP7;SA Verladung FV;2892669T;NV Tiroch;1;529;31694.0;
2026-02-17;00:00;MP7;SA Verladung FV;2892670T;NV Tiroch;12;62;4874.0;
2026-02-17;00:00;MP7;SA Verladung FV;2892671T;NV Tiroch;4;7;4435.0;
2026-02-17;00:00;MP7;SA Verladung FV;2892673T;NV Tiroch;6;9;3013.0;
2026-02-17;00:00;MP7;SA Verladung FV;2892674T;NV Tiroch;11;73;5894.8;
2026-02-17;00:00;MP7;SA Verladung FV;2892675T;DM AS-Transport;11;22;5775.0;
2026-02-17;00:00;MP7;SA Verladung FV;2892676T;DM AS-Transport;11;37;11100.0;
2026-02-17;00:00;MP7;SA Verladung FV;2892677T;DM AS-Transport;6;25;8693.0;
2026-02-17;00:00;MP7;SA Verladung FV;2892679T;NV AS Transporte;12;153;6681.1;
2026-02-17;00:00;MP7;SA Verladung FV;2892683T;DM AS-Transport;11;40;11873.0;
2026-02-17;00:00;MP7;SA Verladung FV;2892686T;NV AS Transporte;16;22;1527.0;
2026-02-17;00:00;MP7;SA Verladung FV;2892693T;NV Alexandru;5;5;587.0;
2026-02-17;00:00;MP7;SA Verladung FV;2892695T;NV Strauss;8;19;5088.0;
2026-02-17;00:00;MP7;SA Verladung FV;2892696T;NV Strauss;5;16;2363.0;
2026-02-17;00:00;MP7;SA Verladung FV;2892697T;Sonderfahrten;13;57;950.0;
2026-02-17;00:00;MP7;SA Verladung FV;2892699T;DM AS-Transport;8;26;7707.0;
2026-02-17;00:00;MP7;SA Verladung FV;2892700T;DM AS-Transport;10;35;11604.0;
2026-02-17;00:00;MP7;SA Verladung FV;2892701T;DM AS-Transport;12;26;8037.0;
2026-02-17;00:00;MP7;SA Verladung FV;2892702T;DM AS-Transport;10;19;7377.0;
2026-02-17;00:00;MP7;SA Verladung FV;2892704T;NV AS Transporte;10;24;4142.0;
2026-02-17;00:00;MP7;SA Verladung FV;2892705T;NV Bogos Transporte;11;11;1529.1;
2026-02-17;00:00;MP7;SA Verladung FV;2892707T;NV Bogos Transporte;14;25;3922.2;
2026-02-17;00:00;MP7;SA Verladung FV;2892709T;NV Bogos Transporte;13;22;2477.0;
2026-02-17;00:00;MP7;SA Verladung FV;2892710T;NV VP Logistik;12;39;1697.0;
2026-02-17;00:00;MP7;SA Verladung FV;2892712T;NV VP Logistik;12;62;4562.0;
2026-02-17;00:00;MP7;SA Verladung FV;2892714T;NV VP Logistik;7;20;2744.0;
2026-02-17;00:00;MP7;SA Verladung FV;2892717T;NV Tuncay;13;285;12129.0;
2026-02-17;00:00;MP7;SA Verladung FV;2892718T;NV Tuncay;17;40;7123.0;
2026-02-17;00:00;MP7;SA Verladung FV;2892719T;NV Tuncay;11;25;6575.0;
2026-02-17;00:00;MP7;SA Verladung FV;2892720T;NV Guth;11;14;4232.0;
2026-02-17;00:00;MP7;SA Verladung FV;2892721T;NV Guth;8;35;10059.0;
2026-02-17;00:00;MP7;SA Verladung FV;2892722T;NV Guth;14;17;2081.0;
2026-02-17;00:00;MP7;SA Verladung FV;2892723T;NV VP Logistik;8;16;1932.0;
2026-02-17;00:00;MP7;SA Verladung FV;2892724T;Sonderfahrten;10;13;1266.1;
2026-02-17;00:00;MP7;SA Verladung FV;2892725T;NV Silagi;7;10;868.0;
2026-02-17;00:00;MP7;SA Verladung FV;2892886T;DM AS-Transport;18;108;37916.0;
2026-02-17;00:00;MP7;SA Verladung FV;2892888T;DM AS-Transport;19;68;21419.0;
2026-02-17;00:00;MP7;SA Verladung FV;2892890T;DM AS-Transport;23;96;28684.0;
2026-02-17;00:00;MP7;SA Verladung FV;2892892T;DM AS-Transport;10;74;27263.0;
2026-02-17;00:00;MP7;SA Verladung FV;2892894T;DM AS-Transport;19;107;39084.0;
2026-02-17;00:00;MP7;SA Verladung FV;2892896T;DM AS-Transport;20;101;23689.0;
2026-02-17;00:00;MP7;SA Verladung FV;2892898T;DM AS-Transport;25;78;25940.0;
2026-02-17;00:00;MP7;SA Verladung FV;2892900T;DM AS-Transport;20;82;22475.0;
2026-02-17;00:00;MP7;SA Verladung FV;2892902T;DM AS-Transport;21;98;31826.0;
2026-02-17;00:00;MP7;SA Verladung FV;2892904T;DM AS-Transport;11;187;66717.0;
2026-02-17;00:00;MP7;SA Verladung FV;2892958T;NV AS Transporte;16;78;12256.5;
2026-02-17;00:00;MP7;SA Verladung FV;2892960T;NV AS Transporte;26;75;11027.6;
2026-02-17;00:00;MP7;SA Verladung FV;2892962T;NV Ciortan;27;73;11617.2;
2026-02-17;00:00;MP7;SA Verladung FV;2892964T;NV Ciortan;15;49;15982.0;
2026-02-17;00:00;MP7;SA Verladung FV;2892966T;NV AS Transporte;15;15;1522.0;
2026-02-17;00:00;MP7;SA Verladung FV;2892969T;WAB NV - großer NV;1;196;28028.0;
2026-02-17;00:00;MP7;SA Verladung FV;2893001T;WAB NV - großer NV;3;61;38084.0;
2026-02-17;00:00;MP7;SA Verladung FV;2893011T;WAB NV - großer NV;3;118;20828.0;
2026-02-17;00:00;MP7;SA Verladung FV;2893023T;WAB NV - großer NV;9;78;23442.0;
2026-02-17;00:00;MP7;SA Verladung FV;2893033T;WAB NV - großer NV;4;12;6689.0;
2026-02-17;00:00;MP7;SA Verladung FV;2893053T;WAB NV - großer NV;18;450;68344.0;
2026-02-17;00:00;MP7;SA Verladung FV;2893059T;WAB NV - großer NV;4;58;9378.0;
2026-02-17;00:00;MP7;SA Verladung FV;2893073T;WAB NV - großer NV;11;192;29404.0;
2026-02-17;00:00;MP7;SA Verladung FV;2893087T;WAB NV - großer NV;8;60;34812.0;
2026-02-17;00:00;MP7;SA Verladung FV;2893107T;WAB NV - großer NV;2;5;1341.0;
2026-02-17;00:00;MP7;SA Verladung FV;2893117T;WAB NV - großer NV;10;99;21320.0;
2026-02-17;00:00;MP7;SA Verladung FV;2893127T;WAB NV - großer NV;11;40;4225.0;
2026-02-17;00:00;MP7;SA Verladung FV;2893137T;WAB NV - großer NV;6;62;12237.0;
2026-02-17;00:00;MP7;SA Verladung FV;2893139T;WAB NV - großer NV;6;58;34010.0;
2026-02-17;00:00;MP7;SA Verladung FV;2893157T;WAB NV - großer NV;8;28;8384.0;
2026-02-17;00:00;MP7;SA Verladung FV;2893161T;WAB NV - großer NV;10;83;20882.0;
2026-02-17;00:00;MP7;SA Verladung FV;2893185T;WAB NV - großer NV;4;393;71494.0;
2026-02-17;00:00;MP7;SA Verladung FV;2893201T;WAB NV - großer NV;3;21;7501.0;
2026-02-17;00:00;MP7;SA Verladung FV;2893211T;WAB NV - großer NV;9;83;24255.0;
2026-02-17;00:00;MP7;SA Verladung FV;2893231T;WAB NV - großer NV;13;86;49954.0;
2026-02-17;00:00;MP7;SA Verladung FV;2893241T;WAB NV - großer NV;9;56;6302.0;
2026-02-17;00:00;MP7;SA Verladung FV;2893251T;Sonderfahrten;4;8;610.0;
2026-02-17;00:00;MP7;SA Verladung FV;2893298T;NV Ciortan;15;18;4399.0;
2026-02-17;00:00;MP7;SA Verladung FV;2893310T;NV Yeritsyan;18;71;5517.7;
2026-02-17;00:00;MP7;SA Verladung FV;2893312T;NV Yeritsyan;13;29;5161.7;
2026-02-17;00:00;MP7;SA Verladung FV;2893337T;WAB NV - großer NV;3;18;12938.0;
2026-02-17;00:00;MP7;SA Verladung FV;2893431T;WAB NV - großer NV;10;103;46015.0;
2026-02-17;00:00;MP7;SA Verladung FV;2893468T;NV AS Transporte;14;773;26654.0;
2026-02-17;00:00;MP7;SA Verladung FV;2893470T;NV Yeritsyan;15;50;5675.0;
2026-02-17;00:00;MP7;SA Verladung FV;2893472T;NV VP Logistik;4;4;646.0;
2026-02-17;00:00;MP7;SA Verladung FV;2893477T;NV Yeritsyan;9;38;6625.2;
2026-02-17;00:00;MP7;SA Verladung FV;2893478T;NV Yeritsyan;10;22;2274.2;
2026-02-17;00:00;MP7;SA Verladung FV;2893482T;NV LT Trans;9;27;2827.0;
2026-02-17;00:00;MP7;SA Verladung FV;2893483T;NV LT Trans;11;20;3508.0;
2026-02-17;00:00;MP7;SA Verladung FV;2893484T;Sonderfahrten;3;11;1439.0;
2026-02-17;00:00;MP7;SA Verladung FV;2893485T;NV LT Trans;16;19;1726.2;
2026-02-17;00:00;MP7;SA Verladung FV;2893487T;NV LT Trans;4;15;2203.0;
2026-02-17;00:00;MP7;SA Verladung FV;2893488T;NV LT Trans;10;10;1297.6;
2026-02-17;00:00;MP7;SA Verladung FV;2893489T;NV Silagi;15;26;2632.9;
2026-02-17;00:00;MP7;SA Verladung FV;2893490T;NV Silagi;18;69;5660.0;
2026-02-17;00:00;MP7;SA Verladung FV;2893491T;Sonderfahrten;6;9;1615.0;
2026-02-17;00:00;MP7;SA Verladung FV;2893534T;WAB NV - großer NV;13;69;12417.0;
2026-02-17;00:00;MP7;SA Verladung FV;2893544T;NV Silagi;11;29;7365.9;
2026-02-17;00:00;MP7;SA Verladung FV;2893545T;NV Silagi;11;14;1867.0;
2026-02-17;00:00;MP7;SA Verladung FV;2893843T;NV DS Transporte;1;9;891.0;
2026-02-17;00:00;MP7;SA Verladung FV;2893844T;NV DS Transporte;1;1;36.0;
2026-02-17;00:00;MP7;SA Verladung FV;2893862T;NV DS Transporte;1;12;1700.0;
2026-02-17;00:00;MP7;SA Verladung FV;2893864T;NV AS Transporte;1;4;176.0;
2026-02-17;00:00;MP7;SA Verladung FV;2893871T;Fallback;2;2;109.0;
2026-02-17;00:00;MP7;SA Verladung FV;2893904T;NV Ciortan;1;1;37.0;
2026-02-17;00:00;MP7;SA Verladung FV;2893905T;NV AS Transporte;3;3;176.1;
2026-02-17;00:00;MP7;SA Verladung FV;2893928T;NV Tiroch;1;1;50.0;
2026-02-17;00:00;MP7;SA Verladung FV;2893948T;NV Alexandru;2;2;700.0;
2026-02-17;00:00;MP7;SA Verladung FV;2893960T;NV Bogos Transporte;1;1;39.1;
2026-02-17;00:00;MP7;SA Verladung FV;2893964T;NV Bogos Transporte;1;1;147.5;
2026-02-17;00:00;MP7;SA Verladung FV;2893977T;NV Guth;2;2;319.0;
2026-02-17;00:00;MP7;SA Verladung FV;2893978T;NV VP Logistik;1;1;232.0;
2026-02-17;00:00;MP7;SA Verladung FV;2893980T;NV Silagi;1;1;58.0;
2026-02-17;00:00;MP7;SA Verladung FV;2894213T;NV AS Transporte;1;1;78.3;
2026-02-17;00:00;MP7;SA Verladung FV;2894219T;NV AS Transporte;1;1;20.0;
2026-02-17;00:00;MP7;SA Verladung FV;2894232T;WAB NV - großer NV;11;64;8240.0;
2026-02-17;00:00;MP7;SA Verladung FV;2894254T;WAB NV - großer NV;2;13;2342.8;
2026-02-17;00:00;MP7;SA Verladung FV;2894312T;WAB NV - großer NV;3;264;48299.5;
2026-02-17;00:00;MP7;SA Verladung FV;2894370T;WAB NV - großer NV;3;3;9.0;
2026-02-17;00:00;MP7;SA Verladung FV;2894454T;WAB NV - großer NV;1;1;119.0;
2026-02-17;00:00;MP7;SA Verladung FV;2894721T;NV AS Transporte;1;1;227.0;
2026-02-17;00:00;MP7;SA Verladung FV;2894731T;NV Yeritsyan;1;1;511.0;
2026-02-17;00:00;MP7;SA Verladung FV;2894735T;NV LT Trans;1;1;60.0;
2026-02-17;00:00;MP7;SA Verladung FV;2894738T;NV LT Trans;3;3;308.0;
2026-02-17;00:00;MP7;SA Verladung FV;2894740T;NV LT Trans;1;1;525.0;
2026-02-17;00:00;MP7;SA Verladung FV;2894797T;NV Silagi;1;4;894.0;
2026-02-17;00:00;MP7;SA Verladung FV;2894798T;NV Silagi;1;9;807.0;
2026-02-17;00:00;MP7;SA Verladung FV;2894803T;NV AS Transporte;12;30;841.5;
2026-02-17;00:00;MP7;SA Verladung FV;2894807T;NV Ciortan;10;29;5884.1;
2026-02-17;00:00;MP7;SA Verladung FV;2894808T;NV VP Logistik;4;4;492.0;
2026-02-17;00:00;MP7;SA Verladung FV;2894809T;NV VP Logistik;8;27;3480.0;
2026-02-17;00:00;MP7;SA Verladung FV;2894810T;NV VP Logistik;5;11;690.0;
2026-02-17;00:00;MP7;SA Verladung FV;2894811T;NV VP Logistik;2;17;648.0;
2026-02-17;00:00;MP7;SA Verladung FV;2894814T;NV Fischer;12;65;5477.0;
2026-02-17;00:00;MP7;SA Verladung FV;2894815T;NV Ciortan;24;135;6598.2;
2026-02-17;00:00;MP7;SA Verladung FV;2894816T;NV Tiroch;6;23;4208.0;
2026-02-17;00:00;MP7;SA Verladung FV;2894817T;NV Tiroch;5;21;6236.0;
2026-02-17;00:00;MP7;SA Verladung FV;2894818T;NV Tiroch;9;9;1297.6;
2026-02-17;00:00;MP7;SA Verladung FV;2894819T;NV Tiroch;10;40;4750.0;
2026-02-17;00:00;MP7;SA Verladung FV;2894820T;NV Tiroch;6;9;1638.0;
2026-02-17;00:00;MP7;SA Verladung FV;2894834T;WAB NV - großer NV;4;84;42647.0;
2026-02-17;00:00;MP7;SA Verladung FV;2894895T;WAB NV - großer NV;3;11;8140.0;
2026-02-17;00:00;MP7;SA Verladung FV;2894898T;WAB NV - großer NV;9;228;43979.0;
2026-02-17;00:00;MP7;SA Verladung FV;2895115T;NV DS Transporte;1;1;13.0;
2026-02-17;00:00;MP7;SA Verladung FV;2895236T;NV VP Logistik;1;1;80.0;
2026-02-17;00:00;MP7;SA Verladung FV;2895503T;WAB NV - großer NV;2;5;296.0;
2026-02-17;00:00;MP7;SA Verladung FV;2895583T;WAB NV - großer NV;2;85;12159.0;
2026-02-17;00:00;MP7;SA Verladung FV;2895641T;WAB NV - großer NV;1;2;4.0;
2026-02-17;00:00;MP7;SA Verladung FV;2895681T;WAB NV - großer NV;1;49;33110.0;
2026-02-17;00:00;MP7;SA Verladung FV;2895745T;WAB NV - großer NV;1;16;4576.0;
2026-02-17;00:00;MP7;SA Verladung FV;2896076T;NV VP Logistik;1;1;80.0;
2026-02-17;00:00;MP7;SA Verladung FV;2896081T;NV Ciortan;2;2;540.0;
2026-02-17;00:00;MP7;SA Verladung FV;2896086T;NV Tiroch;2;2;819.0;
2026-02-17;00:00;MP7;SA Verladung FV;2896087T;NV Fischer;1;4;396.0;
2026-02-17;00:00;MP7;SA Verladung FV;2896440T;NV DS Transporte;1;1;112.0;
2026-02-17;00:00;MP7;SA Verladung FV;2896493T;NV Strauss;1;1;200.0;
2026-02-17;00:00;MP7;SA Verladung FV;2896774T;WAB NV - großer NV;1;1;1278.0;
2026-02-17;00:00;MP7;SA Verladung FV;2897340T;WAB NV - großer NV;2;2;27.1;
2026-02-17;00:00;MP9a;Sonderscan;;;44;77;14199.9;
2026-02-17;00:00;MP9b;NV Eingang;;;510;1562;246438.2;
2026-02-18;00:00;MP2;Nat. Eingang;;;12;160;35785.8;
2026-02-18;00:00;MP2;Nat. Eingang;2891917T;WAB NV - großer NV;1;1;86.0;
2026-02-18;00:00;MP2;Nat. Eingang;2891919T;WAB NV - Abholer;10;19;571.0;
2026-02-18;00:00;MP2;Nat. Eingang;2892924T;Hofmanagement;1;4;2024.0;
2026-02-18;00:00;MP2;Nat. Eingang;2893089T;WAB NV - Abholer;1;12;1597.7;
2026-02-18;00:00;MP2;Nat. Eingang;2893414T;WAB NV - Abholer;1;4;1359.8;
2026-02-18;00:00;MP2;Nat. Eingang;2893844T;NV DS Transporte;1;1;146.0;
2026-02-18;00:00;MP2;Nat. Eingang;2893845T;NV Fischer;8;27;1526.0;
2026-02-18;00:00;MP2;Nat. Eingang;2893846T;NV Fischer;3;3;290.0;
2026-02-18;00:00;MP2;Nat. Eingang;2893847T;NV Fischer;3;54;10160.0;
2026-02-18;00:00;MP2;Nat. Eingang;2893848T;NV Fischer;1;1;5.0;
2026-02-18;00:00;MP2;Nat. Eingang;2893849T;NV Fischer;7;31;9720.0;
2026-02-18;00:00;MP2;Nat. Eingang;2893850T;NV DS Transporte;5;23;798.0;
2026-02-18;00:00;MP2;Nat. Eingang;2893851T;NV DS Transporte;5;8;823.0;
2026-02-18;00:00;MP2;Nat. Eingang;2893854T;NV Strauss;3;11;2335.0;
2026-02-18;00:00;MP2;Nat. Eingang;2893855T;NV Strauss;1;1;370.0;
2026-02-18;00:00;MP2;Nat. Eingang;2893856T;NV Strauss;2;2;30.0;
2026-02-18;00:00;MP2;Nat. Eingang;2893861T;NV Strauss;6;9;1621.0;
2026-02-18;00:00;MP2;Nat. Eingang;2893863T;NV DS Transporte;5;21;4963.0;
2026-02-18;00:00;MP2;Nat. Eingang;2893864T;NV AS Transporte;6;19;6602.0;
2026-02-18;00:00;MP2;Nat. Eingang;2893865T;NV AS Transporte;5;8;1088.0;
2026-02-18;00:00;MP2;Nat. Eingang;2893891T;NV DS Transporte;4;10;3055.0;
2026-02-18;00:00;MP2;Nat. Eingang;2893893T;NV Strauss;3;53;5110.0;
2026-02-18;00:00;MP2;Nat. Eingang;2893894T;NV DS Transporte;2;9;949.0;
2026-02-18;00:00;MP2;Nat. Eingang;2893895T;NV DS Transporte;1;1;18.0;
2026-02-18;00:00;MP2;Nat. Eingang;2893896T;NV DS Transporte;5;8;1586.0;
2026-02-18;00:00;MP2;Nat. Eingang;2893897T;NV DS Transporte;1;1;97.0;
2026-02-18;00:00;MP2;Nat. Eingang;2893899T;NV Ciortan;4;7;549.0;
2026-02-18;00:00;MP2;Nat. Eingang;2893901T;NV Ciortan;5;13;2344.0;
2026-02-18;00:00;MP2;Nat. Eingang;2893905T;NV AS Transporte;3;3;990.0;
2026-02-18;00:00;MP2;Nat. Eingang;2893906T;NV AS Transporte;13;26;1630.0;
2026-02-18;00:00;MP2;Nat. Eingang;2893910T;NV DS Transporte;6;24;1890.0;
2026-02-18;00:00;MP2;Nat. Eingang;2893911T;NV DS Transporte;10;46;11391.0;
2026-02-18;00:00;MP2;Nat. Eingang;2893912T;NV DS Transporte;3;18;467.4;
2026-02-18;00:00;MP2;Nat. Eingang;2893915T;NV AS Transporte;1;4;520.0;
2026-02-18;00:00;MP2;Nat. Eingang;2893917T;NV AS Transporte;14;38;5871.0;
2026-02-18;00:00;MP2;Nat. Eingang;2893919T;NV AS Transporte;3;3;910.0;
2026-02-18;00:00;MP2;Nat. Eingang;2893922T;NV Tiroch;2;101;12100.0;
2026-02-18;00:00;MP2;Nat. Eingang;2893924T;NV Tiroch;7;10;3274.0;
2026-02-18;00:00;MP2;Nat. Eingang;2893925T;NV Tiroch;6;6;863.0;
2026-02-18;00:00;MP2;Nat. Eingang;2893926T;NV Tiroch;11;18;3985.0;
2026-02-18;00:00;MP2;Nat. Eingang;2893928T;NV Tiroch;6;48;3599.0;
2026-02-18;00:00;MP2;Nat. Eingang;2893929T;NV Tiroch;12;19;1066.0;
2026-02-18;00:00;MP2;Nat. Eingang;2893934T;NV AS Transporte;3;4;1015.0;
2026-02-18;00:00;MP2;Nat. Eingang;2893941T;NV AS Transporte;7;7;1335.0;
2026-02-18;00:00;MP2;Nat. Eingang;2893948T;NV Alexandru;5;8;1401.0;
2026-02-18;00:00;MP2;Nat. Eingang;2893951T;NV Strauss;4;20;6206.0;
2026-02-18;00:00;MP2;Nat. Eingang;2893959T;NV AS Transporte;8;32;6158.0;
2026-02-18;00:00;MP2;Nat. Eingang;2893960T;NV Bogos Transporte;3;21;3910.0;
2026-02-18;00:00;MP2;Nat. Eingang;2893962T;NV Bogos Transporte;6;21;7362.0;
2026-02-18;00:00;MP2;Nat. Eingang;2893964T;NV Bogos Transporte;4;39;2693.0;
2026-02-18;00:00;MP2;Nat. Eingang;2893965T;NV VP Logistik;2;2;451.0;
2026-02-18;00:00;MP2;Nat. Eingang;2893967T;NV VP Logistik;5;5;921.7;
2026-02-18;00:00;MP2;Nat. Eingang;2893969T;NV VP Logistik;6;21;4253.8;
2026-02-18;00:00;MP2;Nat. Eingang;2893973T;NV Tuncay;3;3;242.0;
2026-02-18;00:00;MP2;Nat. Eingang;2893974T;NV Tuncay;4;10;1470.0;
2026-02-18;00:00;MP2;Nat. Eingang;2893975T;NV Guth;6;9;1794.0;
2026-02-18;00:00;MP2;Nat. Eingang;2893976T;NV Guth;3;9;986.0;
2026-02-18;00:00;MP2;Nat. Eingang;2893978T;NV VP Logistik;3;3;371.0;
2026-02-18;00:00;MP2;Nat. Eingang;2894177T;Hofmanagement;28;113;51450.7;
2026-02-18;00:00;MP2;Nat. Eingang;2894211T;NV AS Transporte;4;148;15921.0;
2026-02-18;00:00;MP2;Nat. Eingang;2894213T;NV AS Transporte;16;126;28306.0;
2026-02-18;00:00;MP2;Nat. Eingang;2894215T;NV Ciortan;5;233;39065.0;
2026-02-18;00:00;MP2;Nat. Eingang;2894217T;NV Ciortan;4;7;2353.0;
2026-02-18;00:00;MP2;Nat. Eingang;2894219T;NV AS Transporte;5;10;721.0;
2026-02-18;00:00;MP2;Nat. Eingang;2894224T;WAB NV - Abholer;18;73;47037.0;
2026-02-18;00:00;MP2;Nat. Eingang;2894256T;WAB NV - Abholer;22;342;12917.2;
2026-02-18;00:00;MP2;Nat. Eingang;2894260T;WAB NV - Abholer;1;9;5016.0;
2026-02-18;00:00;MP2;Nat. Eingang;2894266T;WAB NV - Abholer;24;73;37606.0;
2026-02-18;00:00;MP2;Nat. Eingang;2894278T;WAB NV - Abholer;24;48;7500.0;
2026-02-18;00:00;MP2;Nat. Eingang;2894288T;WAB NV - Abholer;28;45;2536.0;
2026-02-18;00:00;MP2;Nat. Eingang;2894292T;WAB NV - Abholer;28;42;4499.4;
2026-02-18;00:00;MP2;Nat. Eingang;2894308T;WAB NV - Abholer;14;20;9035.0;
2026-02-18;00:00;MP2;Nat. Eingang;2894314T;WAB NV - Abholer;10;122;18702.0;
2026-02-18;00:00;MP2;Nat. Eingang;2894328T;WAB NV - Abholer;15;61;8662.0;
2026-02-18;00:00;MP2;Nat. Eingang;2894342T;WAB NV - Abholer;14;57;6394.4;
2026-02-18;00:00;MP2;Nat. Eingang;2894352T;WAB NV - Abholer;20;39;9642.0;
2026-02-18;00:00;MP2;Nat. Eingang;2894362T;WAB NV - Abholer;17;61;12928.0;
2026-02-18;00:00;MP2;Nat. Eingang;2894372T;WAB NV - Abholer;19;22;3421.0;
2026-02-18;00:00;MP2;Nat. Eingang;2894382T;WAB NV - Abholer;5;24;1990.0;
2026-02-18;00:00;MP2;Nat. Eingang;2894386T;WAB NV - Abholer;9;43;35924.0;
2026-02-18;00:00;MP2;Nat. Eingang;2894394T;WAB NV - Abholer;12;60;23428.0;
2026-02-18;00:00;MP2;Nat. Eingang;2894402T;WAB NV - Abholer;11;123;35921.0;
2026-02-18;00:00;MP2;Nat. Eingang;2894416T;WAB NV - Abholer;9;27;5560.0;
2026-02-18;00:00;MP2;Nat. Eingang;2894430T;WAB NV - Abholer;4;20;4000.0;
2026-02-18;00:00;MP2;Nat. Eingang;2894456T;WAB NV - Abholer;16;46;23913.0;
2026-02-18;00:00;MP2;Nat. Eingang;2894466T;WAB NV - Abholer;7;10;2251.0;
2026-02-18;00:00;MP2;Nat. Eingang;2894486T;WAB NV - Abholer;31;37;13531.0;
2026-02-18;00:00;MP2;Nat. Eingang;2894496T;WAB NV - Abholer;6;25;4910.0;
2026-02-18;00:00;MP2;Nat. Eingang;2894551T;NV Ciortan;1;1;30.0;
2026-02-18;00:00;MP2;Nat. Eingang;2894563T;NV Yeritsyan;1;9;2403.0;
2026-02-18;00:00;MP2;Nat. Eingang;2894565T;NV Yeritsyan;8;16;4765.0;
2026-02-18;00:00;MP2;Nat. Eingang;2894584T;WAB NV - Abholer;4;15;10960.0;
2026-02-18;00:00;MP2;Nat. Eingang;2894591T;WAB NV - Abholer;22;196;31693.9;
2026-02-18;00:00;MP2;Nat. Eingang;2894595T;WAB NV - Abholer;35;38;2687.6;
2026-02-18;00:00;MP2;Nat. Eingang;2894609T;WAB NV - Abholer;31;49;8647.6;
2026-02-18;00:00;MP2;Nat. Eingang;2894611T;WAB NV - Abholer;21;201;23538.2;
2026-02-18;00:00;MP2;Nat. Eingang;2894616T;WAB NV - Abholer;32;59;10737.6;
2026-02-18;00:00;MP2;Nat. Eingang;2894645T;WAB NV - Abholer;24;57;6810.6;
2026-02-18;00:00;MP2;Nat. Eingang;2894647T;WAB NV - Abholer;15;186;22580.7;
2026-02-18;00:00;MP2;Nat. Eingang;2894661T;WAB NV - Abholer;27;59;15712.6;
2026-02-18;00:00;MP2;Nat. Eingang;2894665T;WAB NV - Abholer;29;60;14410.5;
2026-02-18;00:00;MP2;Nat. Eingang;2894671T;WAB NV - Abholer;4;36;18168.0;
2026-02-18;00:00;MP2;Nat. Eingang;2894673T;WAB NV - Abholer;10;27;1856.4;
2026-02-18;00:00;MP2;Nat. Eingang;2894687T;WAB NV - Abholer;9;16;6053.8;
2026-02-18;00:00;MP2;Nat. Eingang;2894721T;NV AS Transporte;6;391;40870.7;
2026-02-18;00:00;MP2;Nat. Eingang;2894730T;NV Yeritsyan;2;2;241.0;
2026-02-18;00:00;MP2;Nat. Eingang;2894731T;NV Yeritsyan;5;16;2025.0;
2026-02-18;00:00;MP2;Nat. Eingang;2894735T;NV LT Trans;5;5;1329.0;
2026-02-18;00:00;MP2;Nat. Eingang;2894738T;NV LT Trans;7;116;11088.8;
2026-02-18;00:00;MP2;Nat. Eingang;2894740T;NV LT Trans;5;5;465.0;
2026-02-18;00:00;MP2;Nat. Eingang;2894742T;NV Silagi;3;12;4764.0;
2026-02-18;00:00;MP2;Nat. Eingang;2894743T;NV Silagi;8;73;7677.0;
2026-02-18;00:00;MP2;Nat. Eingang;2894789T;WAB NV - Abholer;22;36;4974.0;
2026-02-18;00:00;MP2;Nat. Eingang;2894797T;NV Silagi;2;2;1195.0;
2026-02-18;00:00;MP2;Nat. Eingang;2894798T;NV Silagi;4;52;7295.0;
2026-02-18;00:00;MP2;Nat. Eingang;2895585T;WAB NV - Abholer;1;1;250.6;
2026-02-18;00:00;MP2;Nat. Eingang;2896079T;NV VP Logistik;2;2;221.0;
2026-02-18;00:00;MP2;Nat. Eingang;2896082T;Sonderfahrten;2;2;569.0;
2026-02-18;00:00;MP2;Nat. Eingang;2896083T;NV Tiroch;7;61;3438.0;
2026-02-18;00:00;MP2;Nat. Eingang;2896086T;NV Tiroch;3;6;1471.0;
2026-02-18;00:00;MP2;Nat. Eingang;2896087T;NV Fischer;6;14;1991.0;
2026-02-18;00:00;MP2;Nat. Eingang;2897552T;WAB NV - Abholer;19;97;29303.5;
2026-02-18;00:00;MP4;Nat. Ausgang;;;22;82;20210.0;
2026-02-18;00:00;MP4;Nat. Ausgang;2890358T;Linien Süd;2;5;336.1;
2026-02-18;00:00;MP4;Nat. Ausgang;2890800T;Linien Süd;2;16;2433.0;
2026-02-18;00:00;MP4;Nat. Ausgang;2890964T;Linien International;1;4;1528.0;
2026-02-18;00:00;MP4;Nat. Ausgang;2891629T;Linien International;1;2;596.8;
2026-02-18;00:00;MP4;Nat. Ausgang;2891643T;Linien Süd;1;8;720.0;
2026-02-18;00:00;MP4;Nat. Ausgang;2891720T;Fernverkehr AS;1;2;588.3;
2026-02-18;00:00;MP4;Nat. Ausgang;2892113T;Linien Süd;1;1;256.1;
2026-02-18;00:00;MP4;Nat. Ausgang;2892305T;Linien Nord;2;4;173.8;
2026-02-18;00:00;MP4;Nat. Ausgang;2892848T;Linien Süd;1;1;1.0;
2026-02-18;00:00;MP4;Nat. Ausgang;2892856T;Linien Südwest;1;2;162.0;
2026-02-18;00:00;MP4;Nat. Ausgang;2892922T;Fernverkehr AS;1;3;76.0;
2026-02-18;00:00;MP4;Nat. Ausgang;2893304T;Linien Mitte;1;4;1682.8;
2026-02-18;00:00;MP4;Nat. Ausgang;2893313T;Linien Süd;2;2;395.6;
2026-02-18;00:00;MP4;Nat. Ausgang;2893315T;Linien Südwest;1;2;45.0;
2026-02-18;00:00;MP4;Nat. Ausgang;2893505T;Linien Nord;1;2;135.0;
2026-02-18;00:00;MP4;Nat. Ausgang;2893866T;Fernverkehr AS;15;52;12938.5;
2026-02-18;00:00;MP4;Nat. Ausgang;2894081T;Linien International;19;30;6932.7;
2026-02-18;00:00;MP4;Nat. Ausgang;2894083T;Linien International;18;133;31381.8;
2026-02-18;00:00;MP4;Nat. Ausgang;2894085T;Linien International;11;40;13756.3;
2026-02-18;00:00;MP4;Nat. Ausgang;2894089T;Linien International;13;310;47392.9;
2026-02-18;00:00;MP4;Nat. Ausgang;2894091T;Linien Mitte;4;76;25791.3;
2026-02-18;00:00;MP4;Nat. Ausgang;2894093T;Linien Süd;20;49;10583.7;
2026-02-18;00:00;MP4;Nat. Ausgang;2894095T;Linien Süd;10;59;24771.4;
2026-02-18;00:00;MP4;Nat. Ausgang;2894097T;Linien Süd;40;91;26636.2;
2026-02-18;00:00;MP4;Nat. Ausgang;2894101T;Linien Süd;28;378;62929.8;
2026-02-18;00:00;MP4;Nat. Ausgang;2894105T;Linien Süd;26;76;37587.1;
2026-02-18;00:00;MP4;Nat. Ausgang;2894107T;Linien Süd;4;4;546.0;
2026-02-18;00:00;MP4;Nat. Ausgang;2894109T;Linien Südwest;42;79;14233.8;
2026-02-18;00:00;MP4;Nat. Ausgang;2894113T;Linien Ruhr;16;137;18184.8;
2026-02-18;00:00;MP4;Nat. Ausgang;2894163T;Fernverkehr AS;20;46;10337.4;
2026-02-18;00:00;MP4;Nat. Ausgang;2894167T;Fernverkehr AS;9;15;4102.4;
2026-02-18;00:00;MP4;Nat. Ausgang;2894505T;Linien Ruhr;18;203;20884.7;
2026-02-18;00:00;MP4;Nat. Ausgang;2894509T;Linien Ruhr;41;158;21139.7;
2026-02-18;00:00;MP4;Nat. Ausgang;2894513T;Linien Ruhr;25;49;10123.8;
2026-02-18;00:00;MP4;Nat. Ausgang;2894517T;Linien Mitte;38;182;22275.5;
2026-02-18;00:00;MP4;Nat. Ausgang;2894521T;Linien Mitte;35;60;14699.1;
2026-02-18;00:00;MP4;Nat. Ausgang;2894523T;Linien Ost;33;74;18966.8;
2026-02-18;00:00;MP4;Nat. Ausgang;2894527T;Linien Südwest;35;146;27673.2;
2026-02-18;00:00;MP4;Nat. Ausgang;2894531T;Linien Südwest;27;124;32709.4;
2026-02-18;00:00;MP4;Nat. Ausgang;2894535T;Linien Süd;41;172;19979.9;
2026-02-18;00:00;MP4;Nat. Ausgang;2894539T;Linien Süd;43;100;24561.8;
2026-02-18;00:00;MP4;Nat. Ausgang;2894543T;Linien Süd;36;105;23181.5;
2026-02-18;00:00;MP4;Nat. Ausgang;2894547T;Linien Ost;23;35;6963.6;
2026-02-18;00:00;MP4;Nat. Ausgang;2894553T;Linien Süd;12;27;2603.8;
2026-02-18;00:00;MP4;Nat. Ausgang;2894557T;Linien Mitte;37;261;53091.1;
2026-02-18;00:00;MP4;Nat. Ausgang;2894561T;Linien Mitte;34;122;18649.0;
2026-02-18;00:00;MP4;Nat. Ausgang;2894566T;Linien Süd;25;271;37761.9;
2026-02-18;00:00;MP4;Nat. Ausgang;2894568T;Linien Südwest;47;106;12550.1;
2026-02-18;00:00;MP4;Nat. Ausgang;2894572T;Linien International;14;74;11026.5;
2026-02-18;00:00;MP4;Nat. Ausgang;2894693T;Linien International;31;109;40302.9;
2026-02-18;00:00;MP4;Nat. Ausgang;2894695T;Linien International;3;11;1165.0;
2026-02-18;00:00;MP4;Nat. Ausgang;2894699T;Linien International;3;21;3245.6;
2026-02-18;00:00;MP4;Nat. Ausgang;2894701T;Linien International;9;91;13884.3;
2026-02-18;00:00;MP4;Nat. Ausgang;2894709T;Linien Süd;21;35;11964.2;
2026-02-18;00:00;MP4;Nat. Ausgang;2894713T;Linien Süd;13;24;6823.2;
2026-02-18;00:00;MP4;Nat. Ausgang;2894715T;Linien Süd;28;102;34688.6;
2026-02-18;00:00;MP4;Nat. Ausgang;2894719T;Linien Süd;8;23;9031.4;
2026-02-18;00:00;MP4;Nat. Ausgang;2894726T;Linien Mitte;27;69;8420.9;
2026-02-18;00:00;MP4;Nat. Ausgang;2894760T;Linien Ruhr;12;45;4289.4;
2026-02-18;00:00;MP4;Nat. Ausgang;2894762T;Linien Mitte;28;131;28519.4;
2026-02-18;00:00;MP4;Nat. Ausgang;2894766T;Linien Süd;16;85;22743.7;
2026-02-18;00:00;MP4;Nat. Ausgang;2894770T;Linien Süd;13;16;3394.5;
2026-02-18;00:00;MP4;Nat. Ausgang;2894774T;Linien Süd;3;21;2531.0;
2026-02-18;00:00;MP4;Nat. Ausgang;2894800T;WAB NV - großer NV;1;1;0.1;
2026-02-18;00:00;MP4;Nat. Ausgang;2894849T;Linien Südwest;1;2;662.3;
2026-02-18;00:00;MP4;Nat. Ausgang;2895609T;WAB NV - erweitert;4;12;4574.0;
2026-02-18;00:00;MP4;Nat. Ausgang;2895776T;Linien Ruhr;3;6;4383.0;
2026-02-18;00:00;MP4;Nat. Ausgang;2895788T;Linien Mitte;5;13;3480.4;
2026-02-18;00:00;MP4;Nat. Ausgang;2895814T;Linien Süd;3;53;6963.0;
2026-02-18;00:00;MP4;Nat. Ausgang;2895839T;Linien Südwest;18;35;12763.2;
2026-02-18;00:00;MP4;Nat. Ausgang;2895974T;Linien Nord;15;30;7786.1;
2026-02-18;00:00;MP4;Nat. Ausgang;2895978T;Linien Nord;1;4;873.8;
2026-02-18;00:00;MP4;Nat. Ausgang;2896029T;Linien Nord;19;65;18032.8;
2026-02-18;00:00;MP4;Nat. Ausgang;2896112T;Linien Ost;29;75;15209.0;
2026-02-18;00:00;MP4;Nat. Ausgang;2896116T;Linien Ost;9;29;3558.9;
2026-02-18;00:00;MP4;Nat. Ausgang;2896122T;Linien International;4;4;551.0;
2026-02-18;00:00;MP4;Nat. Ausgang;2896152T;Linien International;3;9;763.6;
2026-02-18;00:00;MP4;Nat. Ausgang;2897340T;WAB NV - großer NV;3;11;1596.0;
2026-02-18;00:00;MP4;Nat. Ausgang;2897427T;Linien International;12;117;58740.3;
2026-02-18;00:00;MP4;Nat. Ausgang;2897429T;Linien Nord;17;28;4311.9;
2026-02-18;00:00;MP4a;Sonderausgang;2876064T;Fallback;1;1;1.0;
2026-02-18;00:00;MP4a;Sonderausgang;2879910T;NV AS Transporte;1;1;150.0;
2026-02-18;00:00;MP4a;Sonderausgang;2881895T;NV Yeritsyan;1;3;114.0;
2026-02-18;00:00;MP4a;Sonderausgang;2883783T;NV DS Transporte;1;1;305.0;
2026-02-18;00:00;MP4a;Sonderausgang;2883830T;NV DS Transporte;1;1;83.0;
2026-02-18;00:00;MP4a;Sonderausgang;2885057T;NV Strauss;1;1;59.0;
2026-02-18;00:00;MP4a;Sonderausgang;2888829T;NV Fischer;2;17;3893.0;
2026-02-18;00:00;MP4a;Sonderausgang;2888832T;NV Fischer;1;3;527.0;
2026-02-18;00:00;MP4a;Sonderausgang;2888839T;NV Strauss;1;1;75.0;
2026-02-18;00:00;MP4a;Sonderausgang;2890168T;NV Ciortan;1;1;18.0;
2026-02-18;00:00;MP4a;Sonderausgang;2890216T;NV Strauss;1;1;214.0;
2026-02-18;00:00;MP4a;Sonderausgang;2890242T;NV Guth;1;4;200.0;
2026-02-18;00:00;MP4a;Sonderausgang;2891006T;NV LT Trans;1;5;1080.0;
2026-02-18;00:00;MP4a;Sonderausgang;2891202T;WAB NV - großer NV;1;36;4182.0;
2026-02-18;00:00;MP4a;Sonderausgang;2891418T;Fallback;1;1;100.0;
2026-02-18;00:00;MP4a;Sonderausgang;2891466T;NV AS Transporte;1;1;250.0;
2026-02-18;00:00;MP4a;Sonderausgang;2892356T;NV AS Transporte;1;2;46.0;
2026-02-18;00:00;MP4a;Sonderausgang;2892597T;NV DS Transporte;1;1;60.0;
2026-02-18;00:00;MP4a;Sonderausgang;2892611T;NV AS Transporte;1;1;95.0;
2026-02-18;00:00;MP4a;Sonderausgang;2892723T;NV VP Logistik;1;2;600.0;
2026-02-18;00:00;MP4a;Sonderausgang;2893087T;WAB NV - großer NV;1;1;210.0;
2026-02-18;00:00;MP4a;Sonderausgang;2893488T;NV LT Trans;1;1;232.0;
2026-02-18;00:00;MP4a;Sonderausgang;2893490T;NV Silagi;1;1;139.0;
2026-02-18;00:00;MP4a;Sonderausgang;2893846T;NV Fischer;1;16;1936.0;
2026-02-18;00:00;MP4a;Sonderausgang;2893847T;NV Fischer;2;2;287.0;
2026-02-18;00:00;MP4a;Sonderausgang;2893850T;NV DS Transporte;1;1;305.0;
2026-02-18;00:00;MP4a;Sonderausgang;2893851T;NV DS Transporte;1;1;60.0;
2026-02-18;00:00;MP4a;Sonderausgang;2893863T;NV DS Transporte;1;4;1000.0;
2026-02-18;00:00;MP4a;Sonderausgang;2893864T;NV AS Transporte;3;6;423.0;
2026-02-18;00:00;MP4a;Sonderausgang;2893865T;NV AS Transporte;1;1;625.0;
2026-02-18;00:00;MP4a;Sonderausgang;2893871T;Fallback;1;1;18.0;
2026-02-18;00:00;MP4a;Sonderausgang;2893890T;NV DS Transporte;1;1;191.0;
2026-02-18;00:00;MP4a;Sonderausgang;2893894T;NV DS Transporte;1;1;51.0;
2026-02-18;00:00;MP4a;Sonderausgang;2893895T;NV DS Transporte;1;1;86.0;
2026-02-18;00:00;MP4a;Sonderausgang;2893898T;NV DS Transporte;1;1;83.0;
2026-02-18;00:00;MP4a;Sonderausgang;2893899T;NV Ciortan;1;1;18.0;
2026-02-18;00:00;MP4a;Sonderausgang;2893901T;NV Ciortan;2;6;291.0;
2026-02-18;00:00;MP4a;Sonderausgang;2893905T;NV AS Transporte;2;8;2328.0;
2026-02-18;00:00;MP4a;Sonderausgang;2893906T;NV AS Transporte;6;9;2350.0;
2026-02-18;00:00;MP4a;Sonderausgang;2893915T;NV AS Transporte;2;2;890.0;
2026-02-18;00:00;MP4a;Sonderausgang;2893919T;NV AS Transporte;1;1;250.0;
2026-02-18;00:00;MP4a;Sonderausgang;2893925T;NV Tiroch;4;4;1631.0;
2026-02-18;00:00;MP4a;Sonderausgang;2893926T;NV Tiroch;29;96;1760.0;
2026-02-18;00:00;MP4a;Sonderausgang;2893928T;NV Tiroch;2;2;452.0;
2026-02-18;00:00;MP4a;Sonderausgang;2893929T;NV Tiroch;1;1;190.0;
2026-02-18;00:00;MP4a;Sonderausgang;2893934T;NV AS Transporte;1;1;466.0;
2026-02-18;00:00;MP4a;Sonderausgang;2893948T;NV Alexandru;1;1;140.0;
2026-02-18;00:00;MP4a;Sonderausgang;2893950T;NV Strauss;1;1;236.0;
2026-02-18;00:00;MP4a;Sonderausgang;2893951T;NV Strauss;1;1;178.6;
2026-02-18;00:00;MP4a;Sonderausgang;2893959T;NV AS Transporte;2;2;1004.0;
2026-02-18;00:00;MP4a;Sonderausgang;2893960T;NV Bogos Transporte;3;6;1488.0;
2026-02-18;00:00;MP4a;Sonderausgang;2893962T;NV Bogos Transporte;5;8;2506.0;
2026-02-18;00:00;MP4a;Sonderausgang;2893964T;NV Bogos Transporte;1;1;178.0;
2026-02-18;00:00;MP4a;Sonderausgang;2893965T;NV VP Logistik;3;3;192.0;
2026-02-18;00:00;MP4a;Sonderausgang;2893967T;NV VP Logistik;4;12;2272.0;
2026-02-18;00:00;MP4a;Sonderausgang;2893969T;NV VP Logistik;1;1;15.0;
2026-02-18;00:00;MP4a;Sonderausgang;2893974T;NV Tuncay;4;10;666.0;
2026-02-18;00:00;MP4a;Sonderausgang;2893978T;NV VP Logistik;3;3;513.0;
2026-02-18;00:00;MP4a;Sonderausgang;2893980T;NV Silagi;1;4;510.0;
2026-02-18;00:00;MP4a;Sonderausgang;2894210T;WAB NV - großer NV;1;9;1650.0;
2026-02-18;00:00;MP4a;Sonderausgang;2894211T;NV AS Transporte;1;9;1857.0;
2026-02-18;00:00;MP4a;Sonderausgang;2894213T;NV AS Transporte;1;4;596.0;
2026-02-18;00:00;MP4a;Sonderausgang;2894215T;NV Ciortan;1;4;600.0;
2026-02-18;00:00;MP4a;Sonderausgang;2894222T;WAB NV - großer NV;1;4;704.0;
2026-02-18;00:00;MP4a;Sonderausgang;2894254T;WAB NV - großer NV;2;17;4354.8;
2026-02-18;00:00;MP4a;Sonderausgang;2894264T;WAB NV - großer NV;1;1;115.4;
2026-02-18;00:00;MP4a;Sonderausgang;2894286T;WAB NV - großer NV;1;49;23016.0;
2026-02-18;00:00;MP4a;Sonderausgang;2894296T;WAB NV - großer NV;2;25;3299.4;
2026-02-18;00:00;MP4a;Sonderausgang;2894340T;WAB NV - großer NV;1;1;173.0;
2026-02-18;00:00;MP4a;Sonderausgang;2894350T;WAB NV - großer NV;1;1;59.0;
2026-02-18;00:00;MP4a;Sonderausgang;2894360T;WAB NV - großer NV;3;27;8456.0;
2026-02-18;00:00;MP4a;Sonderausgang;2894370T;WAB NV - großer NV;2;10;7712.0;
2026-02-18;00:00;MP4a;Sonderausgang;2894380T;WAB NV - großer NV;1;81;65340.0;
2026-02-18;00:00;MP4a;Sonderausgang;2894392T;WAB NV - großer NV;3;69;58292.3;
2026-02-18;00:00;MP4a;Sonderausgang;2894412T;WAB NV - großer NV;11;160;29840.0;
2026-02-18;00:00;MP4a;Sonderausgang;2894484T;WAB NV - großer NV;4;7;4108.0;
2026-02-18;00:00;MP4a;Sonderausgang;2894551T;NV Ciortan;1;1;232.0;
2026-02-18;00:00;MP4a;Sonderausgang;2894563T;NV Yeritsyan;2;2;244.0;
2026-02-18;00:00;MP4a;Sonderausgang;2894565T;NV Yeritsyan;2;2;343.0;
2026-02-18;00:00;MP4a;Sonderausgang;2894634T;WAB NV - großer NV;3;6;1327.0;
2026-02-18;00:00;MP4a;Sonderausgang;2894684T;WAB NV - großer NV;3;264;179414.0;
2026-02-18;00:00;MP4a;Sonderausgang;2894723T;NV Yeritsyan;1;1;400.0;
2026-02-18;00:00;MP4a;Sonderausgang;2894731T;NV Yeritsyan;2;2;348.0;
2026-02-18;00:00;MP4a;Sonderausgang;2894738T;NV LT Trans;1;1;85.5;
2026-02-18;00:00;MP4a;Sonderausgang;2894740T;NV LT Trans;1;1;216.0;
2026-02-18;00:00;MP4a;Sonderausgang;2894742T;NV Silagi;4;4;738.9;
2026-02-18;00:00;MP4a;Sonderausgang;2894743T;NV Silagi;1;1;139.0;
2026-02-18;00:00;MP4a;Sonderausgang;2894797T;NV Silagi;1;1;18.0;
2026-02-18;00:00;MP4a;Sonderausgang;2894798T;NV Silagi;2;37;2876.2;
2026-02-18;00:00;MP4a;Sonderausgang;2894799T;Sonderfahrten;1;1;370.0;
2026-02-18;00:00;MP4a;Sonderausgang;2894834T;WAB NV - großer NV;1;9;12375.0;
2026-02-18;00:00;MP4a;Sonderausgang;2895231T;NV Bogos Transporte;1;16;320.0;
2026-02-18;00:00;MP4a;Sonderausgang;2895237T;NV VP Logistik;1;4;700.0;
2026-02-18;00:00;MP4a;Sonderausgang;2895503T;WAB NV - großer NV;1;4;1674.6;
2026-02-18;00:00;MP4a;Sonderausgang;2896073T;NV AS Transporte;1;1;78.0;
2026-02-18;00:00;MP4a;Sonderausgang;2896076T;NV VP Logistik;1;1;97.0;
2026-02-18;00:00;MP4a;Sonderausgang;2896079T;NV VP Logistik;2;2;146.0;
2026-02-18;00:00;MP4a;Sonderausgang;2896080T;NV Ciortan;1;4;560.0;
2026-02-18;00:00;MP4a;Sonderausgang;2896082T;Sonderfahrten;1;1;23.0;
2026-02-18;00:00;MP4a;Sonderausgang;2896083T;NV Tiroch;4;4;819.3;
2026-02-18;00:00;MP4a;Sonderausgang;2896084T;NV Tiroch;1;1;230.0;
2026-02-18;00:00;MP4a;Sonderausgang;2896085T;NV Tiroch;1;2;40.0;
2026-02-18;00:00;MP4a;Sonderausgang;2896088T;NV Tiroch;3;3;765.0;
2026-02-18;00:00;MP4a;Sonderausgang;2896110T;WAB NV - großer NV;2;5;624.0;
2026-02-18;00:00;MP4a;Sonderausgang;2896123T;WAB NV - großer NV;1;16;1692.8;
2026-02-18;00:00;MP4a;Sonderausgang;2896193T;NV Strauss;1;1;75.0;
2026-02-18;00:00;MP4a;Sonderausgang;2896912T;WAB NV - großer NV;1;1;60.2;
2026-02-18;00:00;MP4a;Sonderausgang;2897341T;WAB NV - großer NV;7;7;796.0;
2026-02-18;00:00;MP5;SE Entladung FV;;;1880;7792;1498398.9;
2026-02-18;00:00;MP7;SA Verladung FV;;;1;2;150.0;
2026-02-18;00:00;MP7;SA Verladung FV;2892288T;NV LT Trans;1;2;1110.1;
2026-02-18;00:00;MP7;SA Verladung FV;2892725T;NV Silagi;1;2;272.0;
2026-02-18;00:00;MP7;SA Verladung FV;2893843T;NV DS Transporte;9;38;8135.9;
2026-02-18;00:00;MP7;SA Verladung FV;2893844T;NV DS Transporte;10;11;675.4;
2026-02-18;00:00;MP7;SA Verladung FV;2893845T;NV Fischer;15;26;2180.0;
2026-02-18;00:00;MP7;SA Verladung FV;2893846T;NV Fischer;8;29;5127.0;
2026-02-18;00:00;MP7;SA Verladung FV;2893847T;NV Fischer;10;10;1178.0;
2026-02-18;00:00;MP7;SA Verladung FV;2893848T;NV Fischer;4;14;8332.0;
2026-02-18;00:00;MP7;SA Verladung FV;2893849T;NV Fischer;18;18;1955.8;
2026-02-18;00:00;MP7;SA Verladung FV;2893850T;NV DS Transporte;5;31;6930.0;
2026-02-18;00:00;MP7;SA Verladung FV;2893851T;NV DS Transporte;7;15;821.0;
2026-02-18;00:00;MP7;SA Verladung FV;2893854T;NV Strauss;13;19;1658.4;
2026-02-18;00:00;MP7;SA Verladung FV;2893855T;NV Strauss;3;3;343.0;
2026-02-18;00:00;MP7;SA Verladung FV;2893856T;NV Strauss;12;23;950.0;
2026-02-18;00:00;MP7;SA Verladung FV;2893857T;NV Strauss;5;8;662.0;
2026-02-18;00:00;MP7;SA Verladung FV;2893860T;NV Strauss;10;24;8756.0;
2026-02-18;00:00;MP7;SA Verladung FV;2893861T;NV Strauss;9;12;5973.3;
2026-02-18;00:00;MP7;SA Verladung FV;2893862T;NV DS Transporte;8;51;7722.0;
2026-02-18;00:00;MP7;SA Verladung FV;2893863T;NV DS Transporte;9;20;5924.2;
2026-02-18;00:00;MP7;SA Verladung FV;2893864T;NV AS Transporte;6;44;3994.0;
2026-02-18;00:00;MP7;SA Verladung FV;2893865T;NV AS Transporte;14;37;3762.0;
2026-02-18;00:00;MP7;SA Verladung FV;2893866T;Fernverkehr AS;1;289;33048.0;
2026-02-18;00:00;MP7;SA Verladung FV;2893868T;NV Fischer;7;28;7884.5;
2026-02-18;00:00;MP7;SA Verladung FV;2893871T;Fallback;1;1;91.0;
2026-02-18;00:00;MP7;SA Verladung FV;2893890T;NV DS Transporte;11;62;5837.0;
2026-02-18;00:00;MP7;SA Verladung FV;2893891T;NV DS Transporte;12;21;3606.0;
2026-02-18;00:00;MP7;SA Verladung FV;2893892T;NV Strauss;13;54;5777.0;
2026-02-18;00:00;MP7;SA Verladung FV;2893893T;NV Strauss;8;60;6626.0;
2026-02-18;00:00;MP7;SA Verladung FV;2893894T;NV DS Transporte;8;26;995.0;
2026-02-18;00:00;MP7;SA Verladung FV;2893895T;NV DS Transporte;12;29;2473.0;
2026-02-18;00:00;MP7;SA Verladung FV;2893896T;NV DS Transporte;8;22;2779.0;
2026-02-18;00:00;MP7;SA Verladung FV;2893897T;NV DS Transporte;8;35;6019.0;
2026-02-18;00:00;MP7;SA Verladung FV;2893898T;NV DS Transporte;12;354;6120.6;
2026-02-18;00:00;MP7;SA Verladung FV;2893899T;NV Ciortan;10;13;758.1;
2026-02-18;00:00;MP7;SA Verladung FV;2893901T;NV Ciortan;12;24;3931.0;
2026-02-18;00:00;MP7;SA Verladung FV;2893904T;NV Ciortan;12;12;452.0;
2026-02-18;00:00;MP7;SA Verladung FV;2893905T;NV AS Transporte;15;47;4458.9;
2026-02-18;00:00;MP7;SA Verladung FV;2893906T;NV AS Transporte;8;24;3038.1;
2026-02-18;00:00;MP7;SA Verladung FV;2893910T;NV DS Transporte;8;14;2334.0;
2026-02-18;00:00;MP7;SA Verladung FV;2893911T;NV DS Transporte;5;20;1745.0;
2026-02-18;00:00;MP7;SA Verladung FV;2893912T;NV DS Transporte;11;19;525.6;
2026-02-18;00:00;MP7;SA Verladung FV;2893915T;NV AS Transporte;13;40;5423.0;
2026-02-18;00:00;MP7;SA Verladung FV;2893917T;NV AS Transporte;15;50;5861.0;
2026-02-18;00:00;MP7;SA Verladung FV;2893919T;NV AS Transporte;14;80;10861.0;
2026-02-18;00:00;MP7;SA Verladung FV;2893922T;NV Tiroch;6;17;5895.5;
2026-02-18;00:00;MP7;SA Verladung FV;2893923T;NV Tiroch;4;165;13962.0;
2026-02-18;00:00;MP7;SA Verladung FV;2893924T;NV Tiroch;6;29;7230.0;
2026-02-18;00:00;MP7;SA Verladung FV;2893925T;NV Tiroch;12;20;1300.0;
2026-02-18;00:00;MP7;SA Verladung FV;2893926T;NV Tiroch;2;2;40.0;
2026-02-18;00:00;MP7;SA Verladung FV;2893928T;NV Tiroch;12;27;3219.9;
2026-02-18;00:00;MP7;SA Verladung FV;2893929T;NV Tiroch;11;17;2594.0;
2026-02-18;00:00;MP7;SA Verladung FV;2893933T;NV AS Transporte;1;1;54.0;
2026-02-18;00:00;MP7;SA Verladung FV;2893934T;NV AS Transporte;14;35;5177.4;
2026-02-18;00:00;MP7;SA Verladung FV;2893938T;DM AS-Transport;8;26;7376.0;
2026-02-18;00:00;MP7;SA Verladung FV;2893941T;NV AS Transporte;13;28;4188.0;
2026-02-18;00:00;MP7;SA Verladung FV;2893948T;NV Alexandru;10;10;1631.0;
2026-02-18;00:00;MP7;SA Verladung FV;2893950T;NV Strauss;9;21;3444.0;
2026-02-18;00:00;MP7;SA Verladung FV;2893951T;NV Strauss;7;10;1569.0;
2026-02-18;00:00;MP7;SA Verladung FV;2893954T;DM AS-Transport;9;29;9721.0;
2026-02-18;00:00;MP7;SA Verladung FV;2893955T;DM AS-Transport;11;34;10891.0;
2026-02-18;00:00;MP7;SA Verladung FV;2893956T;DM AS-Transport;8;50;14346.0;
2026-02-18;00:00;MP7;SA Verladung FV;2893959T;NV AS Transporte;12;12;2233.0;
2026-02-18;00:00;MP7;SA Verladung FV;2893960T;NV Bogos Transporte;10;51;1369.1;
2026-02-18;00:00;MP7;SA Verladung FV;2893962T;NV Bogos Transporte;5;11;3519.0;
2026-02-18;00:00;MP7;SA Verladung FV;2893964T;NV Bogos Transporte;13;31;3067.0;
2026-02-18;00:00;MP7;SA Verladung FV;2893965T;NV VP Logistik;11;14;1678.0;
2026-02-18;00:00;MP7;SA Verladung FV;2893967T;NV VP Logistik;8;47;12098.0;
2026-02-18;00:00;MP7;SA Verladung FV;2893969T;NV VP Logistik;5;8;2306.0;
2026-02-18;00:00;MP7;SA Verladung FV;2893973T;NV Tuncay;9;99;7240.0;
2026-02-18;00:00;MP7;SA Verladung FV;2893974T;NV Tuncay;8;88;3522.0;
2026-02-18;00:00;MP7;SA Verladung FV;2893975T;NV Guth;12;18;2936.0;
2026-02-18;00:00;MP7;SA Verladung FV;2893976T;NV Guth;8;38;10488.0;
2026-02-18;00:00;MP7;SA Verladung FV;2893977T;NV Guth;10;42;9212.0;
2026-02-18;00:00;MP7;SA Verladung FV;2893978T;NV VP Logistik;12;20;2095.0;
2026-02-18;00:00;MP7;SA Verladung FV;2893979T;Sonderfahrten;6;24;3073.0;
2026-02-18;00:00;MP7;SA Verladung FV;2893980T;NV Silagi;12;12;840.5;
2026-02-18;00:00;MP7;SA Verladung FV;2894139T;DM AS-Transport;18;105;39844.0;
2026-02-18;00:00;MP7;SA Verladung FV;2894141T;DM AS-Transport;10;141;45623.0;
2026-02-18;00:00;MP7;SA Verladung FV;2894143T;DM AS-Transport;21;76;23020.0;
2026-02-18;00:00;MP7;SA Verladung FV;2894145T;DM AS-Transport;22;70;22344.0;
2026-02-18;00:00;MP7;SA Verladung FV;2894151T;DM AS-Transport;14;102;35175.0;
2026-02-18;00:00;MP7;SA Verladung FV;2894153T;DM AS-Transport;6;38;13202.0;
2026-02-18;00:00;MP7;SA Verladung FV;2894155T;DM AS-Transport;20;79;30051.0;
2026-02-18;00:00;MP7;SA Verladung FV;2894157T;DM AS-Transport;11;42;14206.0;
2026-02-18;00:00;MP7;SA Verladung FV;2894211T;NV AS Transporte;18;29;4158.0;
2026-02-18;00:00;MP7;SA Verladung FV;2894213T;NV AS Transporte;19;38;8750.9;
2026-02-18;00:00;MP7;SA Verladung FV;2894215T;NV Ciortan;15;48;11082.7;
2026-02-18;00:00;MP7;SA Verladung FV;2894217T;NV Ciortan;17;91;46364.0;
2026-02-18;00:00;MP7;SA Verladung FV;2894219T;NV AS Transporte;13;57;7397.8;
2026-02-18;00:00;MP7;SA Verladung FV;2894222T;WAB NV - großer NV;4;58;24215.0;
2026-02-18;00:00;MP7;SA Verladung FV;2894254T;WAB NV - großer NV;6;65;5647.8;
2026-02-18;00:00;MP7;SA Verladung FV;2894264T;WAB NV - großer NV;9;41;21053.5;
2026-02-18;00:00;MP7;SA Verladung FV;2894276T;WAB NV - großer NV;3;17;6040.0;
2026-02-18;00:00;MP7;SA Verladung FV;2894286T;WAB NV - großer NV;4;39;4157.0;
2026-02-18;00:00;MP7;SA Verladung FV;2894296T;WAB NV - großer NV;6;12;6847.0;
2026-02-18;00:00;MP7;SA Verladung FV;2894306T;WAB NV - großer NV;17;31;8506.0;
2026-02-18;00:00;MP7;SA Verladung FV;2894326T;WAB NV - großer NV;3;17;4267.0;
2026-02-18;00:00;MP7;SA Verladung FV;2894340T;WAB NV - großer NV;7;75;29414.5;
2026-02-18;00:00;MP7;SA Verladung FV;2894350T;WAB NV - großer NV;4;195;25409.0;
2026-02-18;00:00;MP7;SA Verladung FV;2894360T;WAB NV - großer NV;2;10;2252.0;
2026-02-18;00:00;MP7;SA Verladung FV;2894370T;WAB NV - großer NV;7;78;14730.9;
2026-02-18;00:00;MP7;SA Verladung FV;2894380T;WAB NV - großer NV;1;25;8660.0;
2026-02-18;00:00;MP7;SA Verladung FV;2894392T;WAB NV - großer NV;6;432;36834.0;
2026-02-18;00:00;MP7;SA Verladung FV;2894410T;WAB NV - großer NV;3;56;17144.0;
2026-02-18;00:00;MP7;SA Verladung FV;2894412T;WAB NV - großer NV;13;83;22120.0;
2026-02-18;00:00;MP7;SA Verladung FV;2894414T;WAB NV - großer NV;3;54;16710.0;
2026-02-18;00:00;MP7;SA Verladung FV;2894438T;WAB NV - großer NV;4;4;1860.0;
2026-02-18;00:00;MP7;SA Verladung FV;2894454T;WAB NV - großer NV;21;105;32728.0;
2026-02-18;00:00;MP7;SA Verladung FV;2894464T;WAB NV - großer NV;9;111;27015.1;
2026-02-18;00:00;MP7;SA Verladung FV;2894484T;WAB NV - großer NV;10;39;14339.0;
2026-02-18;00:00;MP7;SA Verladung FV;2894494T;WAB NV - großer NV;5;119;18290.0;
2026-02-18;00:00;MP7;SA Verladung FV;2894551T;NV Ciortan;16;60;4315.4;
2026-02-18;00:00;MP7;SA Verladung FV;2894563T;NV Yeritsyan;14;33;9031.7;
2026-02-18;00:00;MP7;SA Verladung FV;2894565T;NV Yeritsyan;14;26;6216.0;
2026-02-18;00:00;MP7;SA Verladung FV;2894590T;WAB NV - großer NV;4;39;16533.0;
2026-02-18;00:00;MP7;SA Verladung FV;2894634T;WAB NV - großer NV;4;4;539.0;
2026-02-18;00:00;MP7;SA Verladung FV;2894684T;WAB NV - großer NV;1;1;98.0;
2026-02-18;00:00;MP7;SA Verladung FV;2894721T;NV AS Transporte;17;93;11427.0;
2026-02-18;00:00;MP7;SA Verladung FV;2894723T;NV Yeritsyan;14;23;2700.0;
2026-02-18;00:00;MP7;SA Verladung FV;2894724T;Sonderfahrten;1;4;864.0;
2026-02-18;00:00;MP7;SA Verladung FV;2894725T;NV VP Logistik;3;3;67.0;
2026-02-18;00:00;MP7;SA Verladung FV;2894730T;NV Yeritsyan;16;25;4405.1;
2026-02-18;00:00;MP7;SA Verladung FV;2894731T;NV Yeritsyan;15;45;6299.7;
2026-02-18;00:00;MP7;SA Verladung FV;2894735T;NV LT Trans;18;24;7194.0;
2026-02-18;00:00;MP7;SA Verladung FV;2894738T;NV LT Trans;19;22;3800.0;
2026-02-18;00:00;MP7;SA Verladung FV;2894740T;NV LT Trans;22;46;3914.8;
2026-02-18;00:00;MP7;SA Verladung FV;2894742T;NV Silagi;12;42;4828.0;
2026-02-18;00:00;MP7;SA Verladung FV;2894743T;NV Silagi;15;169;6258.0;
2026-02-18;00:00;MP7;SA Verladung FV;2894787T;WAB NV - großer NV;12;28;7043.8;
2026-02-18;00:00;MP7;SA Verladung FV;2894797T;NV Silagi;14;26;7914.8;
2026-02-18;00:00;MP7;SA Verladung FV;2894798T;NV Silagi;12;26;3320.4;
2026-02-18;00:00;MP7;SA Verladung FV;2894799T;Sonderfahrten;3;18;2807.0;
2026-02-18;00:00;MP7;SA Verladung FV;2895128T;NV Strauss;1;9;66.0;
2026-02-18;00:00;MP7;SA Verladung FV;2895167T;NV DS Transporte;2;2;905.0;
2026-02-18;00:00;MP7;SA Verladung FV;2895175T;NV Ciortan;1;1;94.0;
2026-02-18;00:00;MP7;SA Verladung FV;2895222T;NV Strauss;1;1;74.0;
2026-02-18;00:00;MP7;SA Verladung FV;2895237T;NV VP Logistik;1;1;169.0;
2026-02-18;00:00;MP7;SA Verladung FV;2895497T;WAB NV - großer NV;1;81;6651.0;
2026-02-18;00:00;MP7;SA Verladung FV;2895503T;WAB NV - großer NV;13;49;4450.7;
2026-02-18;00:00;MP7;SA Verladung FV;2895577T;WAB NV - großer NV;1;1;130.0;
2026-02-18;00:00;MP7;SA Verladung FV;2895641T;WAB NV - großer NV;1;16;2364.0;
2026-02-18;00:00;MP7;SA Verladung FV;2895681T;WAB NV - großer NV;4;27;7618.0;
2026-02-18;00:00;MP7;SA Verladung FV;2895709T;WAB NV - großer NV;1;25;2725.0;
2026-02-18;00:00;MP7;SA Verladung FV;2895725T;WAB NV - großer NV;1;2;518.0;
2026-02-18;00:00;MP7;SA Verladung FV;2895996T;NV VP Logistik;1;1;95.0;
2026-02-18;00:00;MP7;SA Verladung FV;2896071T;WAB NV - großer NV;8;93;63478.5;
2026-02-18;00:00;MP7;SA Verladung FV;2896073T;NV AS Transporte;6;6;267.0;
2026-02-18;00:00;MP7;SA Verladung FV;2896076T;NV VP Logistik;5;5;878.0;
2026-02-18;00:00;MP7;SA Verladung FV;2896077T;NV VP Logistik;4;15;4329.0;
2026-02-18;00:00;MP7;SA Verladung FV;2896079T;NV VP Logistik;4;4;464.0;
2026-02-18;00:00;MP7;SA Verladung FV;2896080T;NV Ciortan;21;32;5913.8;
2026-02-18;00:00;MP7;SA Verladung FV;2896081T;NV Ciortan;12;23;4726.4;
2026-02-18;00:00;MP7;SA Verladung FV;2896082T;Sonderfahrten;6;17;787.0;
2026-02-18;00:00;MP7;SA Verladung FV;2896083T;NV Tiroch;9;9;852.0;
2026-02-18;00:00;MP7;SA Verladung FV;2896084T;NV Tiroch;9;32;3528.0;
2026-02-18;00:00;MP7;SA Verladung FV;2896085T;NV Tiroch;6;17;4373.5;
2026-02-18;00:00;MP7;SA Verladung FV;2896086T;NV Tiroch;13;31;9434.2;
2026-02-18;00:00;MP7;SA Verladung FV;2896087T;NV Fischer;8;19;2668.4;
2026-02-18;00:00;MP7;SA Verladung FV;2896088T;NV Tiroch;10;36;4719.0;
2026-02-18;00:00;MP7;SA Verladung FV;2896110T;WAB NV - großer NV;5;46;20507.0;
2026-02-18;00:00;MP7;SA Verladung FV;2896123T;WAB NV - großer NV;1;9;1110.0;
2026-02-18;00:00;MP7;SA Verladung FV;2896131T;NV DS Transporte;1;4;912.0;
2026-02-18;00:00;MP7;SA Verladung FV;2896150T;WAB NV - großer NV;1;16;10432.0;
2026-02-18;00:00;MP7;SA Verladung FV;2896157T;WAB NV - großer NV;2;90;10191.0;
2026-02-18;00:00;MP7;SA Verladung FV;2896170T;NV VP Logistik;1;4;300.0;
2026-02-18;00:00;MP7;SA Verladung FV;2896193T;NV Strauss;1;1;74.0;
2026-02-18;00:00;MP7;SA Verladung FV;2896210T;NV VP Logistik;1;1;80.0;
2026-02-18;00:00;MP7;SA Verladung FV;2896400T;NV Strauss;1;1;64.4;
2026-02-18;00:00;MP7;SA Verladung FV;2896432T;NV DS Transporte;1;4;576.0;
2026-02-18;00:00;MP7;SA Verladung FV;2896440T;NV DS Transporte;1;1;112.0;
2026-02-18;00:00;MP7;SA Verladung FV;2896493T;NV Strauss;2;2;290.0;
2026-02-18;00:00;MP7;SA Verladung FV;2896774T;WAB NV - großer NV;1;1;1278.0;
2026-02-18;00:00;MP7;SA Verladung FV;2897340T;WAB NV - großer NV;7;25;1754.3;
2026-02-18;00:00;MP7;SA Verladung FV;2897344T;NV VP Logistik;1;1;47.0;
2026-02-18;00:00;MP7;SA Verladung FV;2897351T;NV Ciortan;2;2;75.0;
2026-02-18;00:00;MP7;SA Verladung FV;2898546T;NV Silagi;1;10;264.0;
2026-02-18;00:00;MP7;SA Verladung FV;2898600T;NV Silagi;1;4;966.0;
2026-02-18;00:00;MP7;SA Verladung FV;2898706T;WAB NV - großer NV;1;16;6948.0;
2026-02-18;00:00;MP9a;Sonderscan;;;23;30;3642.8;
2026-02-18;00:00;MP9b;NV Eingang;;;486;1172;210070.8;
2026-02-19;00:00;MP2;Nat. Eingang;;;16;131;34502.8;
2026-02-19;00:00;MP2;Nat. Eingang;2886544T;Fernverkehr AS;16;64;18247.0;
2026-02-19;00:00;MP2;Nat. Eingang;2890442T;Hofmanagement;1;1;166.0;
2026-02-19;00:00;MP2;Nat. Eingang;2893414T;WAB NV - Abholer;1;7;3444.5;
2026-02-19;00:00;MP2;Nat. Eingang;2894177T;Hofmanagement;3;91;36142.8;
2026-02-19;00:00;MP2;Nat. Eingang;2894661T;WAB NV - Abholer;1;12;3472.0;
2026-02-19;00:00;MP2;Nat. Eingang;2894665T;WAB NV - Abholer;1;6;1930.5;
2026-02-19;00:00;MP2;Nat. Eingang;2894738T;NV LT Trans;1;10;890.0;
2026-02-19;00:00;MP2;Nat. Eingang;2895115T;NV DS Transporte;1;1;89.0;
2026-02-19;00:00;MP2;Nat. Eingang;2895117T;NV Fischer;1;9;2340.0;
2026-02-19;00:00;MP2;Nat. Eingang;2895118T;NV Fischer;3;19;5746.0;
2026-02-19;00:00;MP2;Nat. Eingang;2895119T;NV Fischer;3;3;703.0;
2026-02-19;00:00;MP2;Nat. Eingang;2895120T;NV Fischer;6;6;1610.0;
2026-02-19;00:00;MP2;Nat. Eingang;2895121T;NV DS Transporte;13;49;14500.0;
2026-02-19;00:00;MP2;Nat. Eingang;2895122T;NV DS Transporte;6;94;6040.0;
2026-02-19;00:00;MP2;Nat. Eingang;2895125T;NV Strauss;5;37;19711.0;
2026-02-19;00:00;MP2;Nat. Eingang;2895126T;NV Strauss;1;9;669.0;
2026-02-19;00:00;MP2;Nat. Eingang;2895127T;NV Strauss;2;2;101.0;
2026-02-19;00:00;MP2;Nat. Eingang;2895128T;NV Strauss;1;1;30.0;
2026-02-19;00:00;MP2;Nat. Eingang;2895132T;NV Strauss;7;7;1542.0;
2026-02-19;00:00;MP2;Nat. Eingang;2895134T;NV DS Transporte;2;5;706.0;
2026-02-19;00:00;MP2;Nat. Eingang;2895135T;NV AS Transporte;14;92;12641.0;
2026-02-19;00:00;MP2;Nat. Eingang;2895136T;NV AS Transporte;16;125;7772.0;
2026-02-19;00:00;MP2;Nat. Eingang;2895162T;NV DS Transporte;6;79;22291.0;
2026-02-19;00:00;MP2;Nat. Eingang;2895163T;NV Strauss;6;34;5742.0;
2026-02-19;00:00;MP2;Nat. Eingang;2895167T;NV DS Transporte;13;16;3641.0;
2026-02-19;00:00;MP2;Nat. Eingang;2895168T;NV DS Transporte;1;4;1130.0;
2026-02-19;00:00;MP2;Nat. Eingang;2895169T;NV DS Transporte;2;2;164.1;
2026-02-19;00:00;MP2;Nat. Eingang;2895172T;NV Ciortan;3;6;376.0;
2026-02-19;00:00;MP2;Nat. Eingang;2895175T;NV Ciortan;6;6;341.0;
2026-02-19;00:00;MP2;Nat. Eingang;2895176T;NV AS Transporte;2;17;2299.0;
2026-02-19;00:00;MP2;Nat. Eingang;2895177T;NV AS Transporte;6;6;1753.0;
2026-02-19;00:00;MP2;Nat. Eingang;2895181T;NV DS Transporte;5;5;1950.0;
2026-02-19;00:00;MP2;Nat. Eingang;2895182T;NV DS Transporte;7;10;1528.0;
2026-02-19;00:00;MP2;Nat. Eingang;2895183T;NV DS Transporte;2;3;92.0;
2026-02-19;00:00;MP2;Nat. Eingang;2895186T;NV AS Transporte;3;6;950.0;
2026-02-19;00:00;MP2;Nat. Eingang;2895188T;NV AS Transporte;2;10;4405.0;
2026-02-19;00:00;MP2;Nat. Eingang;2895193T;NV Tiroch;10;10;790.0;
2026-02-19;00:00;MP2;Nat. Eingang;2895195T;NV Tiroch;3;9;3382.0;
2026-02-19;00:00;MP2;Nat. Eingang;2895196T;NV Tiroch;5;5;625.0;
2026-02-19;00:00;MP2;Nat. Eingang;2895197T;NV Tiroch;1;4;2400.0;
2026-02-19;00:00;MP2;Nat. Eingang;2895199T;NV Tiroch;7;94;9366.8;
2026-02-19;00:00;MP2;Nat. Eingang;2895200T;NV Tiroch;1;4;800.0;
2026-02-19;00:00;MP2;Nat. Eingang;2895205T;NV AS Transporte;4;4;575.0;
2026-02-19;00:00;MP2;Nat. Eingang;2895212T;NV AS Transporte;3;3;1748.0;
2026-02-19;00:00;MP2;Nat. Eingang;2895219T;NV Alexandru;6;14;1121.0;
2026-02-19;00:00;MP2;Nat. Eingang;2895222T;NV Strauss;4;11;2236.0;
2026-02-19;00:00;MP2;Nat. Eingang;2895230T;NV AS Transporte;4;4;864.0;
2026-02-19;00:00;MP2;Nat. Eingang;2895231T;NV Bogos Transporte;5;29;11145.0;
2026-02-19;00:00;MP2;Nat. Eingang;2895233T;NV Bogos Transporte;7;14;1149.0;
2026-02-19;00:00;MP2;Nat. Eingang;2895235T;NV Bogos Transporte;7;16;3086.0;
2026-02-19;00:00;MP2;Nat. Eingang;2895236T;NV VP Logistik;2;10;1410.0;
2026-02-19;00:00;MP2;Nat. Eingang;2895237T;NV VP Logistik;3;18;701.0;
2026-02-19;00:00;MP2;Nat. Eingang;2895238T;NV VP Logistik;1;1;70.0;
2026-02-19;00:00;MP2;Nat. Eingang;2895243T;NV Tuncay;1;1;1050.0;
2026-02-19;00:00;MP2;Nat. Eingang;2895246T;NV Guth;3;3;1082.0;
2026-02-19;00:00;MP2;Nat. Eingang;2895247T;NV Guth;1;4;222.0;
2026-02-19;00:00;MP2;Nat. Eingang;2895251T;NV Silagi;4;10;700.0;
2026-02-19;00:00;MP2;Nat. Eingang;2895452T;Hofmanagement;23;144;101746.3;
2026-02-19;00:00;MP2;Nat. Eingang;2895486T;NV AS Transporte;3;5;400.0;
2026-02-19;00:00;MP2;Nat. Eingang;2895488T;NV AS Transporte;15;40;14028.0;
2026-02-19;00:00;MP2;Nat. Eingang;2895490T;NV Ciortan;1;4;440.0;
2026-02-19;00:00;MP2;Nat. Eingang;2895492T;NV Ciortan;9;28;5078.0;
2026-02-19;00:00;MP2;Nat. Eingang;2895494T;NV AS Transporte;1;4;100.0;
2026-02-19;00:00;MP2;Nat. Eingang;2895499T;WAB NV - Abholer;12;84;28074.9;
2026-02-19;00:00;MP2;Nat. Eingang;2895505T;WAB NV - Abholer;19;20;2106.7;
2026-02-19;00:00;MP2;Nat. Eingang;2895515T;WAB NV - erweitert;1;1;150.0;
2026-02-19;00:00;MP2;Nat. Eingang;2895537T;WAB NV - Abholer;18;70;34929.0;
2026-02-19;00:00;MP2;Nat. Eingang;2895541T;WAB NV - Abholer;23;116;37023.0;
2026-02-19;00:00;MP2;Nat. Eingang;2895549T;WAB NV - Abholer;1;36;14580.0;
2026-02-19;00:00;MP2;Nat. Eingang;2895553T;WAB NV - Abholer;17;530;57313.0;
2026-02-19;00:00;MP2;Nat. Eingang;2895559T;WAB NV - Abholer;11;497;102925.0;
2026-02-19;00:00;MP2;Nat. Eingang;2895563T;WAB NV - Abholer;19;75;4303.6;
2026-02-19;00:00;MP2;Nat. Eingang;2895569T;WAB NV - Abholer;32;41;19337.6;
2026-02-19;00:00;MP2;Nat. Eingang;2895579T;WAB NV - Abholer;23;26;5913.0;
2026-02-19;00:00;MP2;Nat. Eingang;2895585T;WAB NV - Abholer;10;74;28919.8;
2026-02-19;00:00;MP2;Nat. Eingang;2895599T;WAB NV - Abholer;11;14;4142.0;
2026-02-19;00:00;MP2;Nat. Eingang;2895603T;WAB NV - Abholer;18;21;1917.9;
2026-02-19;00:00;MP2;Nat. Eingang;2895613T;WAB NV - Abholer;12;107;23574.0;
2026-02-19;00:00;MP2;Nat. Eingang;2895633T;WAB NV - Abholer;34;40;5571.6;
2026-02-19;00:00;MP2;Nat. Eingang;2895643T;WAB NV - Abholer;30;54;27559.0;
2026-02-19;00:00;MP2;Nat. Eingang;2895653T;WAB NV - Abholer;15;417;63176.0;
2026-02-19;00:00;MP2;Nat. Eingang;2895665T;WAB NV - Abholer;7;222;44400.0;
2026-02-19;00:00;MP2;Nat. Eingang;2895673T;WAB NV - Abholer;20;55;2653.2;
2026-02-19;00:00;MP2;Nat. Eingang;2895687T;WAB NV - Abholer;8;71;43417.0;
2026-02-19;00:00;MP2;Nat. Eingang;2895701T;WAB NV - Abholer;21;272;11472.6;
2026-02-19;00:00;MP2;Nat. Eingang;2895727T;WAB NV - Abholer;28;42;15871.0;
2026-02-19;00:00;MP2;Nat. Eingang;2895737T;WAB NV - Abholer;12;18;2950.0;
2026-02-19;00:00;MP2;Nat. Eingang;2895747T;WAB NV - Abholer;6;56;11605.0;
2026-02-19;00:00;MP2;Nat. Eingang;2895751T;WAB NV - Abholer;10;52;11585.0;
2026-02-19;00:00;MP2;Nat. Eingang;2895757T;WAB NV - Abholer;35;62;13364.8;
2026-02-19;00:00;MP2;Nat. Eingang;2895767T;WAB NV - Abholer;14;17;4119.8;
2026-02-19;00:00;MP2;Nat. Eingang;2895822T;NV Ciortan;5;35;7115.0;
2026-02-19;00:00;MP2;Nat. Eingang;2895834T;NV Yeritsyan;4;12;1378.3;
2026-02-19;00:00;MP2;Nat. Eingang;2895836T;NV Yeritsyan;2;10;4990.0;
2026-02-19;00:00;MP2;Nat. Eingang;2895853T;WAB NV - Abholer;40;49;6123.1;
2026-02-19;00:00;MP2;Nat. Eingang;2895855T;WAB NV - Abholer;19;202;28119.0;
2026-02-19;00:00;MP2;Nat. Eingang;2895862T;WAB NV - Abholer;16;16;2222.2;
2026-02-19;00:00;MP2;Nat. Eingang;2895866T;WAB NV - Abholer;32;56;4999.5;
2026-02-19;00:00;MP2;Nat. Eingang;2895876T;WAB NV - Abholer;14;29;3798.7;
2026-02-19;00:00;MP2;Nat. Eingang;2895880T;WAB NV - Abholer;14;129;15177.7;
2026-02-19;00:00;MP2;Nat. Eingang;2895882T;WAB NV - Abholer;15;30;6060.1;
2026-02-19;00:00;MP2;Nat. Eingang;2895906T;WAB NV - Abholer;24;86;7415.0;
2026-02-19;00:00;MP2;Nat. Eingang;2895916T;WAB NV - Abholer;17;143;10213.1;
2026-02-19;00:00;MP2;Nat. Eingang;2895932T;WAB NV - Abholer;34;140;52983.0;
2026-02-19;00:00;MP2;Nat. Eingang;2895934T;WAB NV - Abholer;31;422;144248.5;
2026-02-19;00:00;MP2;Nat. Eingang;2895936T;WAB NV - Abholer;23;86;33116.2;
2026-02-19;00:00;MP2;Nat. Eingang;2895942T;WAB NV - Abholer;40;40;2288.4;
2026-02-19;00:00;MP2;Nat. Eingang;2895944T;WAB NV - Abholer;4;7;6500.0;
2026-02-19;00:00;MP2;Nat. Eingang;2895958T;WAB NV - Abholer;16;37;19839.0;
2026-02-19;00:00;MP2;Nat. Eingang;2895992T;NV AS Transporte;6;9;3665.0;
2026-02-19;00:00;MP2;Nat. Eingang;2895994T;NV Yeritsyan;4;7;1246.8;
2026-02-19;00:00;MP2;Nat. Eingang;2896001T;NV Yeritsyan;3;15;2516.0;
2026-02-19;00:00;MP2;Nat. Eingang;2896002T;NV Yeritsyan;6;29;5211.0;
2026-02-19;00:00;MP2;Nat. Eingang;2896005T;Sonderfahrten;1;1;196.0;
2026-02-19;00:00;MP2;Nat. Eingang;2896006T;NV LT Trans;8;14;4411.2;
2026-02-19;00:00;MP2;Nat. Eingang;2896009T;NV LT Trans;7;93;8411.0;
2026-02-19;00:00;MP2;Nat. Eingang;2896011T;NV LT Trans;4;12;1940.0;
2026-02-19;00:00;MP2;Nat. Eingang;2896013T;NV Silagi;4;36;8194.0;
2026-02-19;00:00;MP2;Nat. Eingang;2896014T;NV Silagi;4;4;719.0;
2026-02-19;00:00;MP2;Nat. Eingang;2896064T;WAB NV - Abholer;10;31;5994.0;
2026-02-19;00:00;MP2;Nat. Eingang;2896068T;NV Silagi;1;25;425.0;
2026-02-19;00:00;MP2;Nat. Eingang;2896928T;WAB NV - Abholer;3;6;90.0;
2026-02-19;00:00;MP2;Nat. Eingang;2897153T;WAB NV - Abholer;10;10;3218.9;
2026-02-19;00:00;MP2;Nat. Eingang;2897333T;WAB NV - Abholer;1;4;1052.0;
2026-02-19;00:00;MP2;Nat. Eingang;2897343T;NV AS Transporte;2;5;1014.0;
2026-02-19;00:00;MP2;Nat. Eingang;2897344T;NV VP Logistik;6;9;1498.0;
2026-02-19;00:00;MP2;Nat. Eingang;2897345T;NV VP Logistik;3;6;1435.3;
2026-02-19;00:00;MP2;Nat. Eingang;2897346T;NV VP Logistik;2;2;389.0;
2026-02-19;00:00;MP2;Nat. Eingang;2897348T;NV Fischer;1;1;345.0;
2026-02-19;00:00;MP2;Nat. Eingang;2897349T;NV Fischer;11;69;7557.7;
2026-02-19;00:00;MP2;Nat. Eingang;2897350T;NV Ciortan;1;1;232.0;
2026-02-19;00:00;MP2;Nat. Eingang;2897353T;NV Tiroch;7;30;5248.0;
2026-02-19;00:00;MP2;Nat. Eingang;2897354T;NV Tiroch;1;36;12342.0;
2026-02-19;00:00;MP2;Nat. Eingang;2897358T;Sonderfahrten;2;2;73.0;
2026-02-19;00:00;MP2;Nat. Eingang;2897360T;Sonderfahrten;1;1;100.0;
2026-02-19;00:00;MP2;Nat. Eingang;2897609T;WAB NV - Abholer;7;10;1082.8;
2026-02-19;00:00;MP2;Nat. Eingang;2897617T;WAB NV - Abholer;28;78;20118.5;
2026-02-19;00:00;MP2;Nat. Eingang;2897622T;WAB NV - Abholer;10;529;6714.0;
2026-02-19;00:00;MP2;Nat. Eingang;2897628T;WAB NV - Abholer;9;201;41054.0;
2026-02-19;00:00;MP2;Nat. Eingang;2897699T;NV DS Transporte;1;1;571.0;
2026-02-19;00:00;MP4;Nat. Ausgang;;;19;61;14440.3;
2026-02-19;00:00;MP4;Nat. Ausgang;2872890T;Linien Mitte;1;5;842.0;
2026-02-19;00:00;MP4;Nat. Ausgang;2890354T;Linien International;1;6;1344.2;
2026-02-19;00:00;MP4;Nat. Ausgang;2892305T;Linien Nord;1;7;404.5;
2026-02-19;00:00;MP4;Nat. Ausgang;2894527T;Linien Südwest;2;7;1468.0;
2026-02-19;00:00;MP4;Nat. Ausgang;2894557T;Linien Mitte;2;8;1150.2;
2026-02-19;00:00;MP4;Nat. Ausgang;2894726T;Linien Mitte;1;12;363.0;
2026-02-19;00:00;MP4;Nat. Ausgang;2894853T;Linien Ruhr;1;7;3444.5;
2026-02-19;00:00;MP4;Nat. Ausgang;2895353T;Linien International;10;34;6205.3;
2026-02-19;00:00;MP4;Nat. Ausgang;2895355T;Linien International;17;69;9636.1;
2026-02-19;00:00;MP4;Nat. Ausgang;2895357T;Linien International;16;136;27545.0;
2026-02-19;00:00;MP4;Nat. Ausgang;2895359T;Linien International;11;35;9423.7;
2026-02-19;00:00;MP4;Nat. Ausgang;2895363T;Linien International;22;160;43148.4;
2026-02-19;00:00;MP4;Nat. Ausgang;2895365T;Linien Mitte;4;162;47476.7;
2026-02-19;00:00;MP4;Nat. Ausgang;2895367T;Linien Süd;10;440;21256.1;
2026-02-19;00:00;MP4;Nat. Ausgang;2895369T;Linien Süd;4;31;10665.0;
2026-02-19;00:00;MP4;Nat. Ausgang;2895371T;Linien Süd;48;213;48022.9;
2026-02-19;00:00;MP4;Nat. Ausgang;2895375T;Linien Süd;31;112;33706.5;
2026-02-19;00:00;MP4;Nat. Ausgang;2895379T;Linien Süd;22;180;50111.1;
2026-02-19;00:00;MP4;Nat. Ausgang;2895381T;Linien Süd;6;12;3859.8;
2026-02-19;00:00;MP4;Nat. Ausgang;2895383T;Linien Südwest;43;212;69849.6;
2026-02-19;00:00;MP4;Nat. Ausgang;2895446T;Fernverkehr AS;41;88;16714.3;
2026-02-19;00:00;MP4;Nat. Ausgang;2895450T;Fernverkehr AS;33;102;20136.4;
2026-02-19;00:00;MP4;Nat. Ausgang;2895776T;Linien Ruhr;32;151;8417.4;
2026-02-19;00:00;MP4;Nat. Ausgang;2895780T;Linien Ruhr;43;692;68520.3;
2026-02-19;00:00;MP4;Nat. Ausgang;2895784T;Linien Ruhr;36;77;11939.1;
2026-02-19;00:00;MP4;Nat. Ausgang;2895788T;Linien Mitte;24;33;4745.1;
2026-02-19;00:00;MP4;Nat. Ausgang;2895792T;Linien Mitte;30;68;12444.2;
2026-02-19;00:00;MP4;Nat. Ausgang;2895794T;Linien Ost;32;41;8046.1;
2026-02-19;00:00;MP4;Nat. Ausgang;2895798T;Linien Südwest;38;76;21179.3;
2026-02-19;00:00;MP4;Nat. Ausgang;2895802T;Linien Südwest;24;135;33659.0;
2026-02-19;00:00;MP4;Nat. Ausgang;2895806T;Linien Süd;42;120;34962.5;
2026-02-19;00:00;MP4;Nat. Ausgang;2895810T;Linien Süd;56;114;30513.2;
2026-02-19;00:00;MP4;Nat. Ausgang;2895814T;Linien Süd;33;113;19393.1;
2026-02-19;00:00;MP4;Nat. Ausgang;2895818T;Linien Ost;28;105;11265.1;
2026-02-19;00:00;MP4;Nat. Ausgang;2895824T;Linien Süd;21;21;2978.4;
2026-02-19;00:00;MP4;Nat. Ausgang;2895828T;Linien Mitte;35;133;15839.6;
2026-02-19;00:00;MP4;Nat. Ausgang;2895832T;Linien Mitte;18;88;17878.7;
2026-02-19;00:00;MP4;Nat. Ausgang;2895837T;Linien Süd;25;98;14081.4;
2026-02-19;00:00;MP4;Nat. Ausgang;2895839T;Linien Südwest;16;77;41048.4;
2026-02-19;00:00;MP4;Nat. Ausgang;2895843T;Linien International;16;538;73782.2;
2026-02-19;00:00;MP4;Nat. Ausgang;2895847T;Linien Ost;39;314;66645.9;
2026-02-19;00:00;MP4;Nat. Ausgang;2895964T;Linien International;29;71;13131.4;
2026-02-19;00:00;MP4;Nat. Ausgang;2895966T;Linien International;9;12;1725.2;
2026-02-19;00:00;MP4;Nat. Ausgang;2895970T;Linien International;2;5;829.4;
2026-02-19;00:00;MP4;Nat. Ausgang;2895972T;Linien International;10;65;13435.6;
2026-02-19;00:00;MP4;Nat. Ausgang;2895974T;Linien Nord;21;159;24750.2;
2026-02-19;00:00;MP4;Nat. Ausgang;2895978T;Linien Nord;10;16;6180.4;
2026-02-19;00:00;MP4;Nat. Ausgang;2895980T;Linien Süd;25;78;27368.0;
2026-02-19;00:00;MP4;Nat. Ausgang;2895984T;Linien Süd;19;22;7587.3;
2026-02-19;00:00;MP4;Nat. Ausgang;2895986T;Linien Süd;14;40;10945.1;
2026-02-19;00:00;MP4;Nat. Ausgang;2895990T;Linien Süd;8;14;3224.7;
2026-02-19;00:00;MP4;Nat. Ausgang;2895997T;Linien Mitte;30;105;21097.2;
2026-02-19;00:00;MP4;Nat. Ausgang;2896033T;Linien Mitte;46;136;15456.4;
2026-02-19;00:00;MP4;Nat. Ausgang;2896037T;Linien Süd;11;55;20970.7;
2026-02-19;00:00;MP4;Nat. Ausgang;2896041T;Linien Süd;16;44;11165.6;
2026-02-19;00:00;MP4;Nat. Ausgang;2896045T;Linien Süd;9;9;2498.2;
2026-02-19;00:00;MP4;Nat. Ausgang;2896112T;Linien Ost;1;2;627.5;
2026-02-19;00:00;MP4;Nat. Ausgang;2896409T;Fernverkehr AS;5;5;2842.0;
2026-02-19;00:00;MP4;Nat. Ausgang;2897051T;Linien Ruhr;6;12;2993.8;
2026-02-19;00:00;MP4;Nat. Ausgang;2897245T;Linien Nord;4;18;1818.0;
2026-02-19;00:00;MP4;Nat. Ausgang;2897300T;Linien Nord;11;61;6439.6;
2026-02-19;00:00;MP4;Nat. Ausgang;2897340T;WAB NV - großer NV;7;16;2209.0;
2026-02-19;00:00;MP4;Nat. Ausgang;2897407T;Linien Südwest;42;73;11566.3;
2026-02-19;00:00;MP4;Nat. Ausgang;2897429T;Linien Nord;15;42;6376.3;
2026-02-19;00:00;MP4;Nat. Ausgang;2897448T;Linien Ruhr;14;117;11322.3;
2026-02-19;00:00;MP4;Nat. Ausgang;2897488T;Linien International;32;225;9657.0;
2026-02-19;00:00;MP4;Nat. Ausgang;2897972T;Fernverkehr AS;18;120;27549.0;
2026-02-19;00:00;MP4a;Sonderausgang;2886333T;NV DS Transporte;1;1;168.5;
2026-02-19;00:00;MP4a;Sonderausgang;2887563T;Fallback;1;4;4.0;
2026-02-19;00:00;MP4a;Sonderausgang;2888888T;NV AS Transporte;1;1;93.0;
2026-02-19;00:00;MP4a;Sonderausgang;2889295T;WAB NV - großer NV;1;14;1762.0;
2026-02-19;00:00;MP4a;Sonderausgang;2890155T;NV DS Transporte;1;1;105.0;
2026-02-19;00:00;MP4a;Sonderausgang;2890160T;NV DS Transporte;1;1;70.0;
2026-02-19;00:00;MP4a;Sonderausgang;2890187T;NV Tiroch;1;1;18.0;
2026-02-19;00:00;MP4a;Sonderausgang;2890615T;WAB NV - großer NV;1;12;2196.0;
2026-02-19;00:00;MP4a;Sonderausgang;2891008T;NV Silagi;1;1;31.0;
2026-02-19;00:00;MP4a;Sonderausgang;2891416T;Fallback;1;1;1.0;
2026-02-19;00:00;MP4a;Sonderausgang;2892291T;Sonderfahrten;1;1;145.0;
2026-02-19;00:00;MP4a;Sonderausgang;2892615T;Fallback;1;1;0.1;
2026-02-19;00:00;MP4a;Sonderausgang;2892641T;NV DS Transporte;1;10;1450.0;
2026-02-19;00:00;MP4a;Sonderausgang;2892964T;NV Ciortan;1;2;496.0;
2026-02-19;00:00;MP4a;Sonderausgang;2893862T;NV DS Transporte;1;24;3400.0;
2026-02-19;00:00;MP4a;Sonderausgang;2893904T;NV Ciortan;1;1;37.0;
2026-02-19;00:00;MP4a;Sonderausgang;2894414T;WAB NV - großer NV;1;4;960.0;
2026-02-19;00:00;MP4a;Sonderausgang;2895117T;NV Fischer;1;1;22.0;
2026-02-19;00:00;MP4a;Sonderausgang;2895118T;NV Fischer;1;4;2400.0;
2026-02-19;00:00;MP4a;Sonderausgang;2895119T;NV Fischer;1;1;25.0;
2026-02-19;00:00;MP4a;Sonderausgang;2895120T;NV Fischer;1;1;87.0;
2026-02-19;00:00;MP4a;Sonderausgang;2895122T;NV DS Transporte;2;2;394.0;
2026-02-19;00:00;MP4a;Sonderausgang;2895126T;NV Strauss;1;1;95.0;
2026-02-19;00:00;MP4a;Sonderausgang;2895131T;NV Strauss;1;1;95.0;
2026-02-19;00:00;MP4a;Sonderausgang;2895133T;NV DS Transporte;2;5;542.0;
2026-02-19;00:00;MP4a;Sonderausgang;2895135T;NV AS Transporte;1;9;96.0;
2026-02-19;00:00;MP4a;Sonderausgang;2895136T;NV AS Transporte;1;1;183.0;
2026-02-19;00:00;MP4a;Sonderausgang;2895139T;NV Fischer;1;1;72.0;
2026-02-19;00:00;MP4a;Sonderausgang;2895161T;NV DS Transporte;1;1;190.0;
2026-02-19;00:00;MP4a;Sonderausgang;2895162T;NV DS Transporte;1;4;720.0;
2026-02-19;00:00;MP4a;Sonderausgang;2895163T;NV Strauss;1;1;150.0;
2026-02-19;00:00;MP4a;Sonderausgang;2895165T;NV DS Transporte;2;2;87.0;
2026-02-19;00:00;MP4a;Sonderausgang;2895167T;NV DS Transporte;1;1;70.0;
2026-02-19;00:00;MP4a;Sonderausgang;2895168T;NV DS Transporte;2;17;2568.5;
2026-02-19;00:00;MP4a;Sonderausgang;2895169T;NV DS Transporte;1;1;42.0;
2026-02-19;00:00;MP4a;Sonderausgang;2895170T;NV Ciortan;2;2;23.0;
2026-02-19;00:00;MP4a;Sonderausgang;2895172T;NV Ciortan;1;1;192.2;
2026-02-19;00:00;MP4a;Sonderausgang;2895181T;NV DS Transporte;1;4;960.0;
2026-02-19;00:00;MP4a;Sonderausgang;2895186T;NV AS Transporte;1;1;226.0;
2026-02-19;00:00;MP4a;Sonderausgang;2895196T;NV Tiroch;1;1;55.0;
2026-02-19;00:00;MP4a;Sonderausgang;2895197T;NV Tiroch;16;62;4530.0;
2026-02-19;00:00;MP4a;Sonderausgang;2895199T;NV Tiroch;3;4;1933.7;
2026-02-19;00:00;MP4a;Sonderausgang;2895200T;NV Tiroch;1;4;2184.0;
2026-02-19;00:00;MP4a;Sonderausgang;2895212T;NV AS Transporte;1;2;262.0;
2026-02-19;00:00;MP4a;Sonderausgang;2895219T;NV Alexandru;1;1;237.0;
2026-02-19;00:00;MP4a;Sonderausgang;2895230T;NV AS Transporte;1;1;142.5;
2026-02-19;00:00;MP4a;Sonderausgang;2895231T;NV Bogos Transporte;1;16;320.0;
2026-02-19;00:00;MP4a;Sonderausgang;2895233T;NV Bogos Transporte;2;2;860.0;
2026-02-19;00:00;MP4a;Sonderausgang;2895235T;NV Bogos Transporte;1;1;577.0;
2026-02-19;00:00;MP4a;Sonderausgang;2895236T;NV VP Logistik;2;2;270.5;
2026-02-19;00:00;MP4a;Sonderausgang;2895237T;NV VP Logistik;2;5;796.5;
2026-02-19;00:00;MP4a;Sonderausgang;2895238T;NV VP Logistik;3;3;620.0;
2026-02-19;00:00;MP4a;Sonderausgang;2895243T;NV Tuncay;1;1;130.0;
2026-02-19;00:00;MP4a;Sonderausgang;2895245T;NV Tuncay;2;13;5980.0;
2026-02-19;00:00;MP4a;Sonderausgang;2895246T;NV Guth;1;1;162.0;
2026-02-19;00:00;MP4a;Sonderausgang;2895247T;NV Guth;1;4;266.0;
2026-02-19;00:00;MP4a;Sonderausgang;2895251T;NV Silagi;1;1;92.5;
2026-02-19;00:00;MP4a;Sonderausgang;2895486T;NV AS Transporte;3;66;4468.0;
2026-02-19;00:00;MP4a;Sonderausgang;2895488T;NV AS Transporte;1;1;85.0;
2026-02-19;00:00;MP4a;Sonderausgang;2895492T;NV Ciortan;2;2;466.0;
2026-02-19;00:00;MP4a;Sonderausgang;2895494T;NV AS Transporte;1;4;510.0;
2026-02-19;00:00;MP4a;Sonderausgang;2895497T;WAB NV - großer NV;1;1;327.4;
2026-02-19;00:00;MP4a;Sonderausgang;2895557T;WAB NV - großer NV;3;53;7782.0;
2026-02-19;00:00;MP4a;Sonderausgang;2895577T;WAB NV - großer NV;1;4;684.0;
2026-02-19;00:00;MP4a;Sonderausgang;2895583T;WAB NV - großer NV;1;256;100096.0;
2026-02-19;00:00;MP4a;Sonderausgang;2895611T;WAB NV - großer NV;3;11;1355.0;
2026-02-19;00:00;MP4a;Sonderausgang;2895631T;WAB NV - großer NV;5;13;1650.0;
2026-02-19;00:00;MP4a;Sonderausgang;2895651T;WAB NV - großer NV;2;20;3766.0;
2026-02-19;00:00;MP4a;Sonderausgang;2895663T;WAB NV - großer NV;2;65;13683.0;
2026-02-19;00:00;MP4a;Sonderausgang;2895681T;WAB NV - großer NV;2;2;250.0;
2026-02-19;00:00;MP4a;Sonderausgang;2895725T;WAB NV - großer NV;1;4;4600.0;
2026-02-19;00:00;MP4a;Sonderausgang;2895735T;WAB NV - großer NV;1;4;596.0;
2026-02-19;00:00;MP4a;Sonderausgang;2895745T;WAB NV - großer NV;4;25;13222.0;
2026-02-19;00:00;MP4a;Sonderausgang;2895755T;WAB NV - großer NV;1;1;75.0;
2026-02-19;00:00;MP4a;Sonderausgang;2895765T;WAB NV - großer NV;2;2;660.0;
2026-02-19;00:00;MP4a;Sonderausgang;2895822T;NV Ciortan;2;2;305.0;
2026-02-19;00:00;MP4a;Sonderausgang;2895992T;NV AS Transporte;1;1;73.0;
2026-02-19;00:00;MP4a;Sonderausgang;2896001T;NV Yeritsyan;1;1;145.0;
2026-02-19;00:00;MP4a;Sonderausgang;2896002T;NV Yeritsyan;3;3;680.0;
2026-02-19;00:00;MP4a;Sonderausgang;2896006T;NV LT Trans;2;2;411.5;
2026-02-19;00:00;MP4a;Sonderausgang;2896009T;NV LT Trans;2;10;161.0;
2026-02-19;00:00;MP4a;Sonderausgang;2896011T;NV LT Trans;1;1;22.0;
2026-02-19;00:00;MP4a;Sonderausgang;2896013T;NV Silagi;3;10;3176.0;
2026-02-19;00:00;MP4a;Sonderausgang;2896014T;NV Silagi;2;2;820.0;
2026-02-19;00:00;MP4a;Sonderausgang;2896068T;NV Silagi;2;2;450.0;
2026-02-19;00:00;MP4a;Sonderausgang;2896069T;NV Silagi;3;14;1218.0;
2026-02-19;00:00;MP4a;Sonderausgang;2896197T;Direkt ab Gersthofen;1;144;56880.0;
2026-02-19;00:00;MP4a;Sonderausgang;2896205T;Direkt ab Gersthofen;2;181;79809.0;
2026-02-19;00:00;MP4a;Sonderausgang;2897341T;WAB NV - großer NV;10;10;910.0;
2026-02-19;00:00;MP4a;Sonderausgang;2897343T;NV AS Transporte;1;4;54.0;
2026-02-19;00:00;MP4a;Sonderausgang;2897346T;NV VP Logistik;2;2;303.0;
2026-02-19;00:00;MP4a;Sonderausgang;2897351T;NV Ciortan;1;1;472.0;
2026-02-19;00:00;MP4a;Sonderausgang;2897352T;NV Tiroch;3;26;2796.0;
2026-02-19;00:00;MP4a;Sonderausgang;2897353T;NV Tiroch;1;1;18.0;
2026-02-19;00:00;MP4a;Sonderausgang;2897354T;NV Tiroch;3;18;2990.0;
2026-02-19;00:00;MP4a;Sonderausgang;2897355T;NV Tiroch;1;1;560.0;
2026-02-19;00:00;MP4a;Sonderausgang;2897356T;NV Tiroch;1;72;8640.0;
2026-02-19;00:00;MP4a;Sonderausgang;2897359T;Sonderfahrten;2;6;422.0;
2026-02-19;00:00;MP4a;Sonderausgang;2897377T;WAB NV - großer NV;1;25;21435.0;
2026-02-19;00:00;MP4a;Sonderausgang;2897454T;WAB NV - großer NV;12;90;11285.0;
2026-02-19;00:00;MP4a;Sonderausgang;2898726T;WAB NV - großer NV;1;1;21.0;
2026-02-19;00:00;MP4a;Sonderausgang;2899218T;NV Ciortan;2;2;300.0;
2026-02-19;00:00;MP5;SE Entladung FV;;;1967;12545;1899968.2;
2026-02-19;00:00;MP7;SA Verladung FV;;;1;1;75.0;
2026-02-19;00:00;MP7;SA Verladung FV;2892962T;NV Ciortan;1;28;924.0;
2026-02-19;00:00;MP7;SA Verladung FV;2895114T;NV DS Transporte;11;33;11134.0;
2026-02-19;00:00;MP7;SA Verladung FV;2895115T;NV DS Transporte;10;10;617.0;
2026-02-19;00:00;MP7;SA Verladung FV;2895116T;NV Fischer;18;42;6100.0;
2026-02-19;00:00;MP7;SA Verladung FV;2895117T;NV Fischer;11;38;3846.0;
2026-02-19;00:00;MP7;SA Verladung FV;2895118T;NV Fischer;16;91;2557.0;
2026-02-19;00:00;MP7;SA Verladung FV;2895119T;NV Fischer;7;18;6709.0;
2026-02-19;00:00;MP7;SA Verladung FV;2895120T;NV Fischer;16;62;5131.5;
2026-02-19;00:00;MP7;SA Verladung FV;2895121T;NV DS Transporte;10;21;4886.4;
2026-02-19;00:00;MP7;SA Verladung FV;2895122T;NV DS Transporte;9;9;432.0;
2026-02-19;00:00;MP7;SA Verladung FV;2895125T;NV Strauss;9;18;3420.9;
2026-02-19;00:00;MP7;SA Verladung FV;2895126T;NV Strauss;10;10;1604.0;
2026-02-19;00:00;MP7;SA Verladung FV;2895127T;NV Strauss;12;15;608.0;
2026-02-19;00:00;MP7;SA Verladung FV;2895128T;NV Strauss;8;19;273.0;
2026-02-19;00:00;MP7;SA Verladung FV;2895131T;NV Strauss;10;13;2528.0;
2026-02-19;00:00;MP7;SA Verladung FV;2895132T;NV Strauss;10;19;3491.0;
2026-02-19;00:00;MP7;SA Verladung FV;2895133T;NV DS Transporte;7;61;12411.9;
2026-02-19;00:00;MP7;SA Verladung FV;2895134T;NV DS Transporte;14;20;2920.8;
2026-02-19;00:00;MP7;SA Verladung FV;2895135T;NV AS Transporte;10;87;4321.8;
2026-02-19;00:00;MP7;SA Verladung FV;2895136T;NV AS Transporte;17;86;7102.0;
2026-02-19;00:00;MP7;SA Verladung FV;2895139T;NV Fischer;6;6;669.0;
2026-02-19;00:00;MP7;SA Verladung FV;2895161T;NV DS Transporte;14;23;6522.0;
2026-02-19;00:00;MP7;SA Verladung FV;2895162T;NV DS Transporte;8;23;3100.0;
2026-02-19;00:00;MP7;SA Verladung FV;2895163T;NV Strauss;14;43;5790.0;
2026-02-19;00:00;MP7;SA Verladung FV;2895165T;NV DS Transporte;9;9;818.0;
2026-02-19;00:00;MP7;SA Verladung FV;2895166T;NV DS Transporte;15;83;10215.0;
2026-02-19;00:00;MP7;SA Verladung FV;2895167T;NV DS Transporte;8;31;8692.0;
2026-02-19;00:00;MP7;SA Verladung FV;2895168T;NV DS Transporte;8;8;1364.0;
2026-02-19;00:00;MP7;SA Verladung FV;2895169T;NV DS Transporte;8;35;5669.0;
2026-02-19;00:00;MP7;SA Verladung FV;2895170T;NV Ciortan;4;4;1357.0;
2026-02-19;00:00;MP7;SA Verladung FV;2895172T;NV Ciortan;17;17;1934.0;
2026-02-19;00:00;MP7;SA Verladung FV;2895175T;NV Ciortan;19;22;953.4;
2026-02-19;00:00;MP7;SA Verladung FV;2895176T;NV AS Transporte;13;34;3183.0;
2026-02-19;00:00;MP7;SA Verladung FV;2895177T;NV AS Transporte;16;27;4367.0;
2026-02-19;00:00;MP7;SA Verladung FV;2895181T;NV DS Transporte;7;15;2719.0;
2026-02-19;00:00;MP7;SA Verladung FV;2895182T;NV DS Transporte;6;41;7097.8;
2026-02-19;00:00;MP7;SA Verladung FV;2895183T;NV DS Transporte;11;11;475.0;
2026-02-19;00:00;MP7;SA Verladung FV;2895186T;NV AS Transporte;15;24;3310.0;
2026-02-19;00:00;MP7;SA Verladung FV;2895188T;NV AS Transporte;10;29;5675.0;
2026-02-19;00:00;MP7;SA Verladung FV;2895190T;NV AS Transporte;12;66;2450.0;
2026-02-19;00:00;MP7;SA Verladung FV;2895195T;NV Tiroch;13;22;5450.9;
2026-02-19;00:00;MP7;SA Verladung FV;2895196T;NV Tiroch;14;30;2959.6;
2026-02-19;00:00;MP7;SA Verladung FV;2895197T;NV Tiroch;2;2;332.0;
2026-02-19;00:00;MP7;SA Verladung FV;2895199T;NV Tiroch;7;11;2631.0;
2026-02-19;00:00;MP7;SA Verladung FV;2895200T;NV Tiroch;10;34;7067.0;
2026-02-19;00:00;MP7;SA Verladung FV;2895201T;DM AS-Transport;9;38;13712.0;
2026-02-19;00:00;MP7;SA Verladung FV;2895202T;DM AS-Transport;13;38;9784.0;
2026-02-19;00:00;MP7;SA Verladung FV;2895203T;DM AS-Transport;8;31;9859.0;
2026-02-19;00:00;MP7;SA Verladung FV;2895204T;NV AS Transporte;1;1;32.0;
2026-02-19;00:00;MP7;SA Verladung FV;2895205T;NV AS Transporte;13;84;3769.0;
2026-02-19;00:00;MP7;SA Verladung FV;2895209T;DM AS-Transport;11;26;9628.0;
2026-02-19;00:00;MP7;SA Verladung FV;2895212T;NV AS Transporte;9;28;5034.0;
2026-02-19;00:00;MP7;SA Verladung FV;2895219T;NV Alexandru;10;18;3577.0;
2026-02-19;00:00;MP7;SA Verladung FV;2895221T;NV Strauss;10;37;3234.8;
2026-02-19;00:00;MP7;SA Verladung FV;2895222T;NV Strauss;11;17;2374.0;
2026-02-19;00:00;MP7;SA Verladung FV;2895225T;DM AS-Transport;10;32;9996.0;
2026-02-19;00:00;MP7;SA Verladung FV;2895226T;DM AS-Transport;10;38;13590.0;
2026-02-19;00:00;MP7;SA Verladung FV;2895227T;DM AS-Transport;10;34;14289.0;
2026-02-19;00:00;MP7;SA Verladung FV;2895230T;NV AS Transporte;11;11;1451.0;
2026-02-19;00:00;MP7;SA Verladung FV;2895231T;NV Bogos Transporte;13;28;3363.8;
2026-02-19;00:00;MP7;SA Verladung FV;2895233T;NV Bogos Transporte;9;25;4827.0;
2026-02-19;00:00;MP7;SA Verladung FV;2895235T;NV Bogos Transporte;10;94;7551.8;
2026-02-19;00:00;MP7;SA Verladung FV;2895236T;NV VP Logistik;13;31;2551.0;
2026-02-19;00:00;MP7;SA Verladung FV;2895237T;NV VP Logistik;11;22;3066.0;
2026-02-19;00:00;MP7;SA Verladung FV;2895238T;NV VP Logistik;11;25;4068.0;
2026-02-19;00:00;MP7;SA Verladung FV;2895243T;NV Tuncay;8;235;9683.0;
2026-02-19;00:00;MP7;SA Verladung FV;2895245T;NV Tuncay;7;22;1382.0;
2026-02-19;00:00;MP7;SA Verladung FV;2895246T;NV Guth;9;16;2220.0;
2026-02-19;00:00;MP7;SA Verladung FV;2895247T;NV Guth;11;29;5242.0;
2026-02-19;00:00;MP7;SA Verladung FV;2895248T;NV Guth;4;117;9730.0;
2026-02-19;00:00;MP7;SA Verladung FV;2895250T;Sonderfahrten;6;9;939.0;
2026-02-19;00:00;MP7;SA Verladung FV;2895251T;NV Silagi;11;59;1736.0;
2026-02-19;00:00;MP7;SA Verladung FV;2895414T;DM AS-Transport;18;73;25341.0;
2026-02-19;00:00;MP7;SA Verladung FV;2895416T;DM AS-Transport;12;61;24172.0;
2026-02-19;00:00;MP7;SA Verladung FV;2895418T;DM AS-Transport;21;73;25089.0;
2026-02-19;00:00;MP7;SA Verladung FV;2895420T;DM AS-Transport;20;58;21779.0;
2026-02-19;00:00;MP7;SA Verladung FV;2895422T;DM AS-Transport;19;111;34642.0;
2026-02-19;00:00;MP7;SA Verladung FV;2895424T;DM AS-Transport;19;96;32620.0;
2026-02-19;00:00;MP7;SA Verladung FV;2895426T;DM AS-Transport;11;69;21304.0;
2026-02-19;00:00;MP7;SA Verladung FV;2895428T;DM AS-Transport;14;132;56168.0;
2026-02-19;00:00;MP7;SA Verladung FV;2895430T;DM AS-Transport;21;73;25460.0;
2026-02-19;00:00;MP7;SA Verladung FV;2895432T;DM AS-Transport;10;64;18882.0;
2026-02-19;00:00;MP7;SA Verladung FV;2895485T;WAB NV - großer NV;3;17;11820.0;
2026-02-19;00:00;MP7;SA Verladung FV;2895486T;NV AS Transporte;8;29;3093.0;
2026-02-19;00:00;MP7;SA Verladung FV;2895488T;NV AS Transporte;17;33;7062.4;
2026-02-19;00:00;MP7;SA Verladung FV;2895490T;NV Ciortan;22;155;16729.2;
2026-02-19;00:00;MP7;SA Verladung FV;2895492T;NV Ciortan;16;52;6784.9;
2026-02-19;00:00;MP7;SA Verladung FV;2895494T;NV AS Transporte;11;41;7177.0;
2026-02-19;00:00;MP7;SA Verladung FV;2895497T;WAB NV - großer NV;13;75;12758.0;
2026-02-19;00:00;MP7;SA Verladung FV;2895525T;WAB NV - großer NV;2;170;26018.0;
2026-02-19;00:00;MP7;SA Verladung FV;2895547T;WAB NV - großer NV;7;40;7816.2;
2026-02-19;00:00;MP7;SA Verladung FV;2895557T;WAB NV - großer NV;4;90;11311.4;
2026-02-19;00:00;MP7;SA Verladung FV;2895567T;WAB NV - großer NV;2;2;1755.0;
2026-02-19;00:00;MP7;SA Verladung FV;2895577T;WAB NV - großer NV;22;77;20046.8;
2026-02-19;00:00;MP7;SA Verladung FV;2895583T;WAB NV - großer NV;2;5;2647.0;
2026-02-19;00:00;MP7;SA Verladung FV;2895611T;WAB NV - großer NV;13;171;39006.0;
2026-02-19;00:00;MP7;SA Verladung FV;2895631T;WAB NV - großer NV;5;44;9395.4;
2026-02-19;00:00;MP7;SA Verladung FV;2895641T;WAB NV - großer NV;12;72;25313.0;
2026-02-19;00:00;MP7;SA Verladung FV;2895651T;WAB NV - großer NV;8;49;15394.0;
2026-02-19;00:00;MP7;SA Verladung FV;2895663T;WAB NV - großer NV;8;73;39345.0;
2026-02-19;00:00;MP7;SA Verladung FV;2895681T;WAB NV - großer NV;3;21;18857.0;
2026-02-19;00:00;MP7;SA Verladung FV;2895685T;WAB NV - großer NV;8;52;15223.2;
2026-02-19;00:00;MP7;SA Verladung FV;2895709T;WAB NV - großer NV;8;57;15196.0;
2026-02-19;00:00;MP7;SA Verladung FV;2895725T;WAB NV - großer NV;11;78;29629.6;
2026-02-19;00:00;MP7;SA Verladung FV;2895735T;WAB NV - großer NV;11;191;31019.0;
2026-02-19;00:00;MP7;SA Verladung FV;2895745T;WAB NV - großer NV;5;40;10186.0;
2026-02-19;00:00;MP7;SA Verladung FV;2895755T;WAB NV - großer NV;2;52;16736.0;
2026-02-19;00:00;MP7;SA Verladung FV;2895765T;WAB NV - großer NV;8;53;27810.0;
2026-02-19;00:00;MP7;SA Verladung FV;2895775T;Sonderfahrten;1;4;1370.0;
2026-02-19;00:00;MP7;SA Verladung FV;2895822T;NV Ciortan;10;10;1489.2;
2026-02-19;00:00;MP7;SA Verladung FV;2895834T;NV Yeritsyan;17;103;7152.9;
2026-02-19;00:00;MP7;SA Verladung FV;2895836T;NV Yeritsyan;17;20;3927.0;
2026-02-19;00:00;MP7;SA Verladung FV;2895861T;WAB NV - großer NV;3;17;10392.0;
2026-02-19;00:00;MP7;SA Verladung FV;2895886T;WAB NV - großer NV;1;9;7560.0;
2026-02-19;00:00;MP7;SA Verladung FV;2895955T;WAB NV - großer NV;9;3624;203374.3;
2026-02-19;00:00;MP7;SA Verladung FV;2895992T;NV AS Transporte;10;32;3364.0;
2026-02-19;00:00;MP7;SA Verladung FV;2895994T;NV Yeritsyan;16;22;5731.6;
2026-02-19;00:00;MP7;SA Verladung FV;2895995T;Sonderfahrten;1;1;52.0;
2026-02-19;00:00;MP7;SA Verladung FV;2895996T;NV VP Logistik;5;8;369.0;
2026-02-19;00:00;MP7;SA Verladung FV;2896001T;NV Yeritsyan;14;29;4141.0;
2026-02-19;00:00;MP7;SA Verladung FV;2896002T;NV Yeritsyan;11;43;9578.0;
2026-02-19;00:00;MP7;SA Verladung FV;2896005T;Sonderfahrten;10;147;15238.0;
2026-02-19;00:00;MP7;SA Verladung FV;2896006T;NV LT Trans;15;39;3971.0;
2026-02-19;00:00;MP7;SA Verladung FV;2896009T;NV LT Trans;16;171;9131.9;
2026-02-19;00:00;MP7;SA Verladung FV;2896011T;NV LT Trans;13;56;13407.9;
2026-02-19;00:00;MP7;SA Verladung FV;2896013T;NV Silagi;12;38;6868.0;
2026-02-19;00:00;MP7;SA Verladung FV;2896014T;NV Silagi;13;34;6684.0;
2026-02-19;00:00;MP7;SA Verladung FV;2896058T;WAB NV - großer NV;11;147;14142.0;
2026-02-19;00:00;MP7;SA Verladung FV;2896068T;NV Silagi;12;18;4237.0;
2026-02-19;00:00;MP7;SA Verladung FV;2896069T;NV Silagi;15;63;4979.4;
2026-02-19;00:00;MP7;SA Verladung FV;2896070T;Sonderfahrten;5;60;11619.0;
2026-02-19;00:00;MP7;SA Verladung FV;2896399T;NV Strauss;1;1;50.0;
2026-02-19;00:00;MP7;SA Verladung FV;2896400T;NV Strauss;1;1;61.0;
2026-02-19;00:00;MP7;SA Verladung FV;2896405T;NV DS Transporte;1;1;73.0;
2026-02-19;00:00;MP7;SA Verladung FV;2896414T;Fallback;1;1;100.0;
2026-02-19;00:00;MP7;SA Verladung FV;2896432T;NV DS Transporte;1;4;576.0;
2026-02-19;00:00;MP7;SA Verladung FV;2896446T;NV Ciortan;1;1;60.0;
2026-02-19;00:00;MP7;SA Verladung FV;2896448T;NV AS Transporte;1;1;154.0;
2026-02-19;00:00;MP7;SA Verladung FV;2896461T;NV AS Transporte;2;2;181.0;
2026-02-19;00:00;MP7;SA Verladung FV;2896501T;NV AS Transporte;2;2;108.0;
2026-02-19;00:00;MP7;SA Verladung FV;2896511T;NV VP Logistik;1;4;1060.0;
2026-02-19;00:00;MP7;SA Verladung FV;2896517T;NV Guth;2;2;401.0;
2026-02-19;00:00;MP7;SA Verladung FV;2896519T;NV Guth;1;1;208.0;
2026-02-19;00:00;MP7;SA Verladung FV;2896522T;NV Silagi;1;1;22.0;
2026-02-19;00:00;MP7;SA Verladung FV;2896753T;NV AS Transporte;1;1;139.0;
2026-02-19;00:00;MP7;SA Verladung FV;2896757T;NV Ciortan;1;1;70.5;
2026-02-19;00:00;MP7;SA Verladung FV;2896761T;NV AS Transporte;1;1;295.0;
2026-02-19;00:00;MP7;SA Verladung FV;2896774T;WAB NV - großer NV;16;54;21754.0;
2026-02-19;00:00;MP7;SA Verladung FV;2896806T;WAB NV - großer NV;2;2;413.0;
2026-02-19;00:00;MP7;SA Verladung FV;2896848T;WAB NV - großer NV;1;36;6300.0;
2026-02-19;00:00;MP7;SA Verladung FV;2896854T;WAB NV - großer NV;3;6;1407.0;
2026-02-19;00:00;MP7;SA Verladung FV;2896912T;WAB NV - großer NV;1;40;6600.0;
2026-02-19;00:00;MP7;SA Verladung FV;2896980T;WAB NV - großer NV;2;29;4399.0;
2026-02-19;00:00;MP7;SA Verladung FV;2896996T;WAB NV - großer NV;3;482;55663.4;
2026-02-19;00:00;MP7;SA Verladung FV;2897093T;NV Ciortan;1;1;55.0;
2026-02-19;00:00;MP7;SA Verladung FV;2897340T;WAB NV - großer NV;4;4;0.4;
2026-02-19;00:00;MP7;SA Verladung FV;2897341T;WAB NV - großer NV;2;2;200.0;
2026-02-19;00:00;MP7;SA Verladung FV;2897343T;NV AS Transporte;5;5;338.0;
2026-02-19;00:00;MP7;SA Verladung FV;2897344T;NV VP Logistik;14;68;4518.0;
2026-02-19;00:00;MP7;SA Verladung FV;2897345T;NV VP Logistik;3;6;449.0;
2026-02-19;00:00;MP7;SA Verladung FV;2897346T;NV VP Logistik;2;2;134.0;
2026-02-19;00:00;MP7;SA Verladung FV;2897347T;NV VP Logistik;2;5;289.0;
2026-02-19;00:00;MP7;SA Verladung FV;2897348T;NV Fischer;15;15;2573.9;
2026-02-19;00:00;MP7;SA Verladung FV;2897349T;NV Fischer;5;13;2022.0;
2026-02-19;00:00;MP7;SA Verladung FV;2897350T;NV Ciortan;10;48;17445.9;
2026-02-19;00:00;MP7;SA Verladung FV;2897351T;NV Ciortan;22;59;10850.2;
2026-02-19;00:00;MP7;SA Verladung FV;2897352T;NV Tiroch;7;16;5120.0;
2026-02-19;00:00;MP7;SA Verladung FV;2897353T;NV Tiroch;10;10;2467.0;
2026-02-19;00:00;MP7;SA Verladung FV;2897354T;NV Tiroch;5;35;4245.0;
2026-02-19;00:00;MP7;SA Verladung FV;2897355T;NV Tiroch;10;130;4921.2;
2026-02-19;00:00;MP7;SA Verladung FV;2897356T;NV Tiroch;8;81;3927.2;
2026-02-19;00:00;MP7;SA Verladung FV;2897358T;Sonderfahrten;10;27;588.4;
2026-02-19;00:00;MP7;SA Verladung FV;2897359T;Sonderfahrten;2;2;429.0;
2026-02-19;00:00;MP7;SA Verladung FV;2897360T;Sonderfahrten;6;57;2770.0;
2026-02-19;00:00;MP7;SA Verladung FV;2897377T;WAB NV - großer NV;5;239;42483.0;
2026-02-19;00:00;MP7;SA Verladung FV;2897403T;DM AS-Transport;9;36;14194.0;
2026-02-19;00:00;MP7;SA Verladung FV;2897454T;WAB NV - großer NV;15;81;15136.5;
2026-02-19;00:00;MP7;SA Verladung FV;2897502T;NV VP Logistik;1;1;90.0;
2026-02-19;00:00;MP7;SA Verladung FV;2897512T;NV Guth;1;4;336.0;
2026-02-19;00:00;MP7;SA Verladung FV;2897543T;DM AS-Transport;10;39;12588.0;
2026-02-19;00:00;MP7;SA Verladung FV;2897674T;Fallback;1;1;280.0;
2026-02-19;00:00;MP7;SA Verladung FV;2898354T;NV Ciortan;1;1;453.0;
2026-02-19;00:00;MP7;SA Verladung FV;2898546T;NV Silagi;1;1;231.0;
2026-02-19;00:00;MP7;SA Verladung FV;2898590T;WAB NV - großer NV;1;1;90.0;
2026-02-19;00:00;MP7;SA Verladung FV;2898612T;NV VP Logistik;1;1;108.0;
2026-02-19;00:00;MP7;SA Verladung FV;2898714T;NV VP Logistik;1;1;380.0;
2026-02-19;00:00;MP7;SA Verladung FV;2898726T;WAB NV - großer NV;1;4;88.0;
2026-02-19;00:00;MP7;SA Verladung FV;2899823T;WAB NV - großer NV;1;1;262.0;
2026-02-19;00:00;MP9a;Sonderscan;;;36;59;7720.7;
2026-02-19;00:00;MP9b;NV Eingang;;;509;1362;236547.1;
2026-02-20;00:00;MP2;Nat. Eingang;;;9;48;7371.0;
2026-02-20;00:00;MP2;Nat. Eingang;2891726T;Hofmanagement;1;1;1073.0;
2026-02-20;00:00;MP2;Nat. Eingang;2894177T;Hofmanagement;1;4;3096.0;
2026-02-20;00:00;MP2;Nat. Eingang;2895452T;Hofmanagement;2;5;3511.0;
2026-02-20;00:00;MP2;Nat. Eingang;2896387T;NV DS Transporte;1;1;91.0;
2026-02-20;00:00;MP2;Nat. Eingang;2896389T;NV Fischer;1;4;62.0;
2026-02-20;00:00;MP2;Nat. Eingang;2896390T;NV Fischer;1;36;5148.0;
2026-02-20;00:00;MP2;Nat. Eingang;2896391T;NV Fischer;6;15;558.0;
2026-02-20;00:00;MP2;Nat. Eingang;2896392T;NV Fischer;5;20;9972.0;
2026-02-20;00:00;MP2;Nat. Eingang;2896393T;NV DS Transporte;7;27;2662.0;
2026-02-20;00:00;MP2;Nat. Eingang;2896394T;NV DS Transporte;2;2;64.0;
2026-02-20;00:00;MP2;Nat. Eingang;2896397T;NV Strauss;3;4;340.4;
2026-02-20;00:00;MP2;Nat. Eingang;2896398T;NV Strauss;2;2;154.0;
2026-02-20;00:00;MP2;Nat. Eingang;2896399T;NV Strauss;2;2;87.0;
2026-02-20;00:00;MP2;Nat. Eingang;2896403T;NV Strauss;3;38;660.0;
2026-02-20;00:00;MP2;Nat. Eingang;2896404T;NV Strauss;1;1;49.0;
2026-02-20;00:00;MP2;Nat. Eingang;2896406T;NV DS Transporte;3;18;12056.0;
2026-02-20;00:00;MP2;Nat. Eingang;2896407T;NV AS Transporte;2;2;205.0;
2026-02-20;00:00;MP2;Nat. Eingang;2896408T;NV AS Transporte;2;10;790.0;
2026-02-20;00:00;MP2;Nat. Eingang;2896411T;NV Fischer;2;5;1536.0;
2026-02-20;00:00;MP2;Nat. Eingang;2896433T;NV DS Transporte;9;40;3880.8;
2026-02-20;00:00;MP2;Nat. Eingang;2896434T;NV Strauss;1;1;120.0;
2026-02-20;00:00;MP2;Nat. Eingang;2896435T;NV Strauss;3;6;424.0;
2026-02-20;00:00;MP2;Nat. Eingang;2896438T;NV DS Transporte;9;9;3205.0;
2026-02-20;00:00;MP2;Nat. Eingang;2896439T;NV DS Transporte;3;16;730.0;
2026-02-20;00:00;MP2;Nat. Eingang;2896440T;NV DS Transporte;15;105;21297.0;
2026-02-20;00:00;MP2;Nat. Eingang;2896443T;NV Ciortan;1;4;680.0;
2026-02-20;00:00;MP2;Nat. Eingang;2896446T;NV Ciortan;4;4;330.0;
2026-02-20;00:00;MP2;Nat. Eingang;2896448T;NV AS Transporte;12;52;3174.0;
2026-02-20;00:00;MP2;Nat. Eingang;2896452T;NV DS Transporte;5;10;500.0;
2026-02-20;00:00;MP2;Nat. Eingang;2896454T;NV DS Transporte;4;4;277.0;
2026-02-20;00:00;MP2;Nat. Eingang;2896457T;NV AS Transporte;1;1;150.0;
2026-02-20;00:00;MP2;Nat. Eingang;2896461T;NV AS Transporte;2;8;2640.0;
2026-02-20;00:00;MP2;Nat. Eingang;2896464T;NV Tiroch;7;10;700.0;
2026-02-20;00:00;MP2;Nat. Eingang;2896466T;NV Tiroch;4;7;1010.0;
2026-02-20;00:00;MP2;Nat. Eingang;2896467T;NV Tiroch;8;46;4581.0;
2026-02-20;00:00;MP2;Nat. Eingang;2896468T;NV Tiroch;10;30;5834.0;
2026-02-20;00:00;MP2;Nat. Eingang;2896470T;NV Tiroch;6;9;1275.0;
2026-02-20;00:00;MP2;Nat. Eingang;2896471T;NV Tiroch;10;45;1309.6;
2026-02-20;00:00;MP2;Nat. Eingang;2896475T;NV AS Transporte;1;1;100.0;
2026-02-20;00:00;MP2;Nat. Eingang;2896476T;NV AS Transporte;10;58;7305.0;
2026-02-20;00:00;MP2;Nat. Eingang;2896483T;NV AS Transporte;7;34;3188.0;
2026-02-20;00:00;MP2;Nat. Eingang;2896493T;NV Strauss;2;2;258.0;
2026-02-20;00:00;MP2;Nat. Eingang;2896501T;NV AS Transporte;2;5;419.0;
2026-02-20;00:00;MP2;Nat. Eingang;2896502T;NV Bogos Transporte;2;2;297.0;
2026-02-20;00:00;MP2;Nat. Eingang;2896504T;NV Bogos Transporte;3;3;597.0;
2026-02-20;00:00;MP2;Nat. Eingang;2896506T;NV Bogos Transporte;9;12;1795.0;
2026-02-20;00:00;MP2;Nat. Eingang;2896507T;NV VP Logistik;3;6;530.0;
2026-02-20;00:00;MP2;Nat. Eingang;2896509T;NV VP Logistik;2;2;250.0;
2026-02-20;00:00;MP2;Nat. Eingang;2896514T;NV Tuncay;2;2;388.0;
2026-02-20;00:00;MP2;Nat. Eingang;2896517T;NV Guth;3;11;1616.0;
2026-02-20;00:00;MP2;Nat. Eingang;2896519T;NV Guth;4;7;390.0;
2026-02-20;00:00;MP2;Nat. Eingang;2896520T;NV VP Logistik;1;9;690.0;
2026-02-20;00:00;MP2;Nat. Eingang;2896719T;Hofmanagement;27;130;45565.2;
2026-02-20;00:00;MP2;Nat. Eingang;2896753T;NV AS Transporte;2;7;660.0;
2026-02-20;00:00;MP2;Nat. Eingang;2896755T;NV AS Transporte;5;76;10096.0;
2026-02-20;00:00;MP2;Nat. Eingang;2896757T;NV Ciortan;2;2;421.0;
2026-02-20;00:00;MP2;Nat. Eingang;2896759T;NV Ciortan;11;73;31423.0;
2026-02-20;00:00;MP2;Nat. Eingang;2896766T;WAB NV - Abholer;26;82;3278.2;
2026-02-20;00:00;MP2;Nat. Eingang;2896776T;WAB NV - Abholer;4;94;13364.0;
2026-02-20;00:00;MP2;Nat. Eingang;2896798T;WAB NV - Abholer;8;233;46662.0;
2026-02-20;00:00;MP2;Nat. Eingang;2896808T;WAB NV - Abholer;30;39;9245.4;
2026-02-20;00:00;MP2;Nat. Eingang;2896830T;WAB NV - Abholer;17;102;69949.0;
2026-02-20;00:00;MP2;Nat. Eingang;2896834T;WAB NV - Abholer;17;17;3361.5;
2026-02-20;00:00;MP2;Nat. Eingang;2896840T;WAB NV - Abholer;4;490;64550.0;
2026-02-20;00:00;MP2;Nat. Eingang;2896844T;WAB NV - Abholer;26;46;19903.0;
2026-02-20;00:00;MP2;Nat. Eingang;2896850T;WAB NV - Abholer;10;28;3286.0;
2026-02-20;00:00;MP2;Nat. Eingang;2896856T;WAB NV - Abholer;11;80;17818.0;
2026-02-20;00:00;MP2;Nat. Eingang;2896864T;WAB NV - erweitert;10;13;1673.8;
2026-02-20;00:00;MP2;Nat. Eingang;2896870T;WAB NV - Abholer;13;249;85113.0;
2026-02-20;00:00;MP2;Nat. Eingang;2896884T;WAB NV - Abholer;16;89;13237.0;
2026-02-20;00:00;MP2;Nat. Eingang;2896888T;WAB NV - Abholer;6;119;6241.8;
2026-02-20;00:00;MP2;Nat. Eingang;2896894T;WAB NV - Abholer;21;67;22451.3;
2026-02-20;00:00;MP2;Nat. Eingang;2896914T;WAB NV - Abholer;15;212;143004.0;
2026-02-20;00:00;MP2;Nat. Eingang;2896924T;WAB NV - Abholer;11;245;116250.2;
2026-02-20;00:00;MP2;Nat. Eingang;2896928T;WAB NV - Abholer;20;58;23562.0;
2026-02-20;00:00;MP2;Nat. Eingang;2896936T;WAB NV - Abholer;5;155;30920.0;
2026-02-20;00:00;MP2;Nat. Eingang;2896944T;WAB NV - Abholer;21;43;7765.0;
2026-02-20;00:00;MP2;Nat. Eingang;2896958T;WAB NV - Abholer;19;25;7885.6;
2026-02-20;00:00;MP2;Nat. Eingang;2896972T;WAB NV - Abholer;12;74;21200.0;
2026-02-20;00:00;MP2;Nat. Eingang;2896998T;WAB NV - Abholer;26;61;6262.0;
2026-02-20;00:00;MP2;Nat. Eingang;2897008T;WAB NV - Abholer;10;67;8577.0;
2026-02-20;00:00;MP2;Nat. Eingang;2897032T;WAB NV - Abholer;11;14;1550.0;
2026-02-20;00:00;MP2;Nat. Eingang;2897038T;WAB NV - Abholer;22;44;19127.0;
2026-02-20;00:00;MP2;Nat. Eingang;2897093T;NV Ciortan;3;6;2622.0;
2026-02-20;00:00;MP2;Nat. Eingang;2897105T;NV Yeritsyan;2;2;1500.0;
2026-02-20;00:00;MP2;Nat. Eingang;2897107T;NV Yeritsyan;7;87;7085.0;
2026-02-20;00:00;MP2;Nat. Eingang;2897124T;WAB NV - Abholer;33;33;3869.1;
2026-02-20;00:00;MP2;Nat. Eingang;2897126T;WAB NV - Abholer;6;216;77901.2;
2026-02-20;00:00;MP2;Nat. Eingang;2897133T;WAB NV - Abholer;18;60;3443.7;
2026-02-20;00:00;MP2;Nat. Eingang;2897137T;WAB NV - Abholer;28;45;4971.1;
2026-02-20;00:00;MP2;Nat. Eingang;2897151T;WAB NV - Abholer;32;38;5128.1;
2026-02-20;00:00;MP2;Nat. Eingang;2897153T;WAB NV - Abholer;26;32;8685.0;
2026-02-20;00:00;MP2;Nat. Eingang;2897187T;WAB NV - Abholer;19;75;12728.6;
2026-02-20;00:00;MP2;Nat. Eingang;2897189T;WAB NV - Abholer;22;67;5640.5;
2026-02-20;00:00;MP2;Nat. Eingang;2897203T;WAB NV - Abholer;26;165;58990.2;
2026-02-20;00:00;MP2;Nat. Eingang;2897205T;WAB NV - Abholer;30;44;11095.6;
2026-02-20;00:00;MP2;Nat. Eingang;2897207T;WAB NV - Abholer;16;91;31138.9;
2026-02-20;00:00;MP2;Nat. Eingang;2897213T;WAB NV - Abholer;22;71;9340.8;
2026-02-20;00:00;MP2;Nat. Eingang;2897215T;WAB NV - Abholer;21;57;36655.0;
2026-02-20;00:00;MP2;Nat. Eingang;2897229T;WAB NV - Abholer;13;40;36257.0;
2026-02-20;00:00;MP2;Nat. Eingang;2897263T;NV AS Transporte;11;67;7559.2;
2026-02-20;00:00;MP2;Nat. Eingang;2897266T;Sonderfahrten;3;4;633.0;
2026-02-20;00:00;MP2;Nat. Eingang;2897273T;NV Yeritsyan;1;1;200.0;
2026-02-20;00:00;MP2;Nat. Eingang;2897276T;NV Tuncay;4;20;4486.0;
2026-02-20;00:00;MP2;Nat. Eingang;2897278T;NV LT Trans;4;4;956.0;
2026-02-20;00:00;MP2;Nat. Eingang;2897280T;NV LT Trans;4;15;2884.0;
2026-02-20;00:00;MP2;Nat. Eingang;2897282T;NV LT Trans;8;27;3686.8;
2026-02-20;00:00;MP2;Nat. Eingang;2897284T;NV Silagi;2;10;4293.0;
2026-02-20;00:00;MP2;Nat. Eingang;2897285T;NV Silagi;2;26;5874.0;
2026-02-20;00:00;MP2;Nat. Eingang;2897329T;WAB NV - Abholer;18;49;3492.9;
2026-02-20;00:00;MP2;Nat. Eingang;2897333T;WAB NV - Abholer;12;42;7939.0;
2026-02-20;00:00;MP2;Nat. Eingang;2897337T;NV Silagi;3;24;7214.0;
2026-02-20;00:00;MP2;Nat. Eingang;2898145T;WAB NV - Abholer;3;6;828.0;
2026-02-20;00:00;MP2;Nat. Eingang;2898607T;NV Ciortan;4;14;1184.0;
2026-02-20;00:00;MP2;Nat. Eingang;2898610T;NV VP Logistik;2;2;80.0;
2026-02-20;00:00;MP2;Nat. Eingang;2898615T;NV Tiroch;5;14;2887.0;
2026-02-20;00:00;MP2;Nat. Eingang;2898618T;NV Tuncay;2;2;84.0;
2026-02-20;00:00;MP2;Nat. Eingang;2898748T;WAB NV - Abholer;27;944;30544.8;
2026-02-20;00:00;MP2;Nat. Eingang;2898752T;WAB NV - Abholer;7;280;29198.7;
2026-02-20;00:00;MP2;Nat. Eingang;2899993T;WAB NV - Abholer;11;11;878.0;
2026-02-20;00:00;MP2;Nat. Eingang;2901114T;NV Fischer;1;1;200.0;
2026-02-20;00:00;MP2;Nat. Eingang;2901292T;WAB NV - Abholer;1;4;680.0;
2026-02-20;00:00;MP4;Nat. Ausgang;;;15;26;3608.5;
2026-02-20;00:00;MP4;Nat. Ausgang;2872890T;Linien Mitte;1;5;842.0;
2026-02-20;00:00;MP4;Nat. Ausgang;2889550T;Linien Mitte;1;1;100.0;
2026-02-20;00:00;MP4;Nat. Ausgang;2890958T;Linien International;1;2;122.6;
2026-02-20;00:00;MP4;Nat. Ausgang;2893270T;Linien Ost;1;7;3576.0;
2026-02-20;00:00;MP4;Nat. Ausgang;2893440T;Linien International;1;1;154.6;
2026-02-20;00:00;MP4;Nat. Ausgang;2894535T;Linien Süd;1;10;890.0;
2026-02-20;00:00;MP4;Nat. Ausgang;2895450T;Fernverkehr AS;1;1;61.0;
2026-02-20;00:00;MP4;Nat. Ausgang;2895806T;Linien Süd;1;2;526.0;
2026-02-20;00:00;MP4;Nat. Ausgang;2895972T;Linien International;1;2;123.5;
2026-02-20;00:00;MP4;Nat. Ausgang;2895980T;Linien Süd;1;1;80.0;
2026-02-20;00:00;MP4;Nat. Ausgang;2896037T;Linien Süd;1;2;374.0;
2026-02-20;00:00;MP4;Nat. Ausgang;2896409T;Fernverkehr AS;19;47;4811.4;
2026-02-20;00:00;MP4;Nat. Ausgang;2896623T;Linien International;7;113;5875.9;
2026-02-20;00:00;MP4;Nat. Ausgang;2896625T;Linien International;19;52;18093.3;
2026-02-20;00:00;MP4;Nat. Ausgang;2896627T;Linien International;14;73;44094.3;
2026-02-20;00:00;MP4;Nat. Ausgang;2896631T;Linien International;9;17;4142.7;
2026-02-20;00:00;MP4;Nat. Ausgang;2896633T;Linien Mitte;3;309;133785.8;
2026-02-20;00:00;MP4;Nat. Ausgang;2896635T;Linien Süd;19;58;14553.1;
2026-02-20;00:00;MP4;Nat. Ausgang;2896637T;Linien Süd;6;68;24038.5;
2026-02-20;00:00;MP4;Nat. Ausgang;2896639T;Linien Süd;55;89;28083.4;
2026-02-20;00:00;MP4;Nat. Ausgang;2896643T;Linien Süd;37;160;23139.7;
2026-02-20;00:00;MP4;Nat. Ausgang;2896647T;Linien Süd;25;170;43509.2;
2026-02-20;00:00;MP4;Nat. Ausgang;2896649T;Linien Süd;4;53;16637.3;
2026-02-20;00:00;MP4;Nat. Ausgang;2896651T;Linien Südwest;34;90;12462.9;
2026-02-20;00:00;MP4;Nat. Ausgang;2896705T;Fernverkehr AS;35;137;20631.2;
2026-02-20;00:00;MP4;Nat. Ausgang;2897047T;Linien Ruhr;33;205;21061.9;
2026-02-20;00:00;MP4;Nat. Ausgang;2897051T;Linien Ruhr;35;131;29337.2;
2026-02-20;00:00;MP4;Nat. Ausgang;2897055T;Linien Ruhr;36;144;18084.1;
2026-02-20;00:00;MP4;Nat. Ausgang;2897059T;Linien Mitte;33;129;14867.9;
2026-02-20;00:00;MP4;Nat. Ausgang;2897063T;Linien Mitte;22;120;13903.9;
2026-02-20;00:00;MP4;Nat. Ausgang;2897065T;Linien Ost;24;30;5441.5;
2026-02-20;00:00;MP4;Nat. Ausgang;2897069T;Linien Südwest;26;119;11603.1;
2026-02-20;00:00;MP4;Nat. Ausgang;2897073T;Linien Südwest;29;76;18875.5;
2026-02-20;00:00;MP4;Nat. Ausgang;2897077T;Linien Süd;56;152;34146.9;
2026-02-20;00:00;MP4;Nat. Ausgang;2897081T;Linien Süd;45;365;31605.3;
2026-02-20;00:00;MP4;Nat. Ausgang;2897085T;Linien Süd;29;41;8974.0;
2026-02-20;00:00;MP4;Nat. Ausgang;2897089T;Linien Ost;22;115;19106.8;
2026-02-20;00:00;MP4;Nat. Ausgang;2897095T;Linien Süd;13;17;4407.2;
2026-02-20;00:00;MP4;Nat. Ausgang;2897099T;Linien Mitte;32;137;27113.3;
2026-02-20;00:00;MP4;Nat. Ausgang;2897103T;Linien Mitte;32;127;19942.6;
2026-02-20;00:00;MP4;Nat. Ausgang;2897108T;Linien Süd;10;46;22783.3;
2026-02-20;00:00;MP4;Nat. Ausgang;2897110T;Linien Südwest;37;157;42561.5;
2026-02-20;00:00;MP4;Nat. Ausgang;2897114T;Linien International;23;44;5989.7;
2026-02-20;00:00;MP4;Nat. Ausgang;2897118T;Linien Ost;39;99;24913.8;
2026-02-20;00:00;MP4;Nat. Ausgang;2897235T;Linien International;34;73;12925.0;
2026-02-20;00:00;MP4;Nat. Ausgang;2897237T;Linien International;9;45;13960.9;
2026-02-20;00:00;MP4;Nat. Ausgang;2897241T;Linien International;2;2;194.0;
2026-02-20;00:00;MP4;Nat. Ausgang;2897243T;Linien International;10;40;8018.2;
2026-02-20;00:00;MP4;Nat. Ausgang;2897245T;Linien Nord;21;71;8802.5;
2026-02-20;00:00;MP4;Nat. Ausgang;2897249T;Linien Nord;13;19;2146.3;
2026-02-20;00:00;MP4;Nat. Ausgang;2897251T;Linien Süd;24;128;35646.9;
2026-02-20;00:00;MP4;Nat. Ausgang;2897255T;Linien Süd;9;18;6667.0;
2026-02-20;00:00;MP4;Nat. Ausgang;2897257T;Linien Süd;21;89;16366.1;
2026-02-20;00:00;MP4;Nat. Ausgang;2897261T;Linien Süd;4;7;1392.2;
2026-02-20;00:00;MP4;Nat. Ausgang;2897268T;Linien Mitte;26;484;257477.8;
2026-02-20;00:00;MP4;Nat. Ausgang;2897300T;Linien Nord;17;26;5761.3;
2026-02-20;00:00;MP4;Nat. Ausgang;2897302T;Linien Ruhr;20;225;45246.0;
2026-02-20;00:00;MP4;Nat. Ausgang;2897304T;Linien Mitte;41;588;45373.9;
2026-02-20;00:00;MP4;Nat. Ausgang;2897308T;Linien Süd;14;52;2616.9;
2026-02-20;00:00;MP4;Nat. Ausgang;2897312T;Linien Süd;18;29;4626.4;
2026-02-20;00:00;MP4;Nat. Ausgang;2897316T;Linien Süd;7;215;40950.2;
2026-02-20;00:00;MP4;Nat. Ausgang;2897340T;WAB NV - großer NV;1;1;120.0;
2026-02-20;00:00;MP4;Nat. Ausgang;2897972T;Fernverkehr AS;14;23;5454.7;
2026-02-20;00:00;MP4;Nat. Ausgang;2898141T;WAB NV - erweitert;17;65;11786.4;
2026-02-20;00:00;MP4;Nat. Ausgang;2898308T;Linien Ruhr;5;13;1710.8;
2026-02-20;00:00;MP4;Nat. Ausgang;2898312T;Linien Ruhr;2;5;380.0;
2026-02-20;00:00;MP4;Nat. Ausgang;2898371T;Linien Südwest;16;27;4887.3;
2026-02-20;00:00;MP4;Nat. Ausgang;2898529T;Linien Mitte;10;35;5180.6;
2026-02-20;00:00;MP4;Nat. Ausgang;2898561T;Linien Nord;13;22;5844.7;
2026-02-20;00:00;MP4;Nat. Ausgang;2898639T;Linien International;12;33;7260.0;
2026-02-20;00:00;MP4;Nat. Ausgang;2899872T;Linien Ost;1;1;49.0;
2026-02-20;00:00;MP4;Nat. Ausgang;2899876T;Linien Ost;3;14;5871.0;
2026-02-20;00:00;MP4a;Sonderausgang;2883830T;NV DS Transporte;1;1;83.0;
2026-02-20;00:00;MP4a;Sonderausgang;2890216T;NV Strauss;1;1;214.0;
2026-02-20;00:00;MP4a;Sonderausgang;2892290T;NV Silagi;1;1;166.0;
2026-02-20;00:00;MP4a;Sonderausgang;2892450T;WAB NV - großer NV;1;1;40.0;
2026-02-20;00:00;MP4a;Sonderausgang;2892608T;NV DS Transporte;1;1;148.0;
2026-02-20;00:00;MP4a;Sonderausgang;2892615T;Fallback;1;1;10.0;
2026-02-20;00:00;MP4a;Sonderausgang;2892639T;NV DS Transporte;1;1;214.0;
2026-02-20;00:00;MP4a;Sonderausgang;2892725T;NV Silagi;1;4;544.0;
2026-02-20;00:00;MP4a;Sonderausgang;2893482T;NV LT Trans;1;1;36.0;
2026-02-20;00:00;MP4a;Sonderausgang;2893856T;NV Strauss;1;2;17.0;
2026-02-20;00:00;MP4a;Sonderausgang;2893863T;NV DS Transporte;1;1;240.0;
2026-02-20;00:00;MP4a;Sonderausgang;2893869T;Fallback;1;1;1.0;
2026-02-20;00:00;MP4a;Sonderausgang;2893871T;Fallback;1;1;61.0;
2026-02-20;00:00;MP4a;Sonderausgang;2893898T;NV DS Transporte;1;1;83.0;
2026-02-20;00:00;MP4a;Sonderausgang;2893979T;Sonderfahrten;1;1;37.0;
2026-02-20;00:00;MP4a;Sonderausgang;2894721T;NV AS Transporte;1;4;204.0;
2026-02-20;00:00;MP4a;Sonderausgang;2894731T;NV Yeritsyan;1;2;53.0;
2026-02-20;00:00;MP4a;Sonderausgang;2894992T;Direkt ab Gersthofen;1;81;28215.0;
2026-02-20;00:00;MP4a;Sonderausgang;2895140T;Fallback;1;1;1.0;
2026-02-20;00:00;MP4a;Sonderausgang;2895163T;NV Strauss;1;1;150.0;
2026-02-20;00:00;MP4a;Sonderausgang;2896389T;NV Fischer;1;1;600.0;
2026-02-20;00:00;MP4a;Sonderausgang;2896390T;NV Fischer;4;12;8154.0;
2026-02-20;00:00;MP4a;Sonderausgang;2896391T;NV Fischer;1;4;2550.0;
2026-02-20;00:00;MP4a;Sonderausgang;2896392T;NV Fischer;1;1;200.0;
2026-02-20;00:00;MP4a;Sonderausgang;2896400T;NV Strauss;2;5;281.0;
2026-02-20;00:00;MP4a;Sonderausgang;2896403T;NV Strauss;1;16;2672.0;
2026-02-20;00:00;MP4a;Sonderausgang;2896407T;NV AS Transporte;1;1;1062.0;
2026-02-20;00:00;MP4a;Sonderausgang;2896411T;NV Fischer;1;1;140.0;
2026-02-20;00:00;MP4a;Sonderausgang;2896432T;NV DS Transporte;1;1;195.0;
2026-02-20;00:00;MP4a;Sonderausgang;2896435T;NV Strauss;1;1;148.0;
2026-02-20;00:00;MP4a;Sonderausgang;2896438T;NV DS Transporte;3;27;2274.0;
2026-02-20;00:00;MP4a;Sonderausgang;2896440T;NV DS Transporte;1;1;83.0;
2026-02-20;00:00;MP4a;Sonderausgang;2896443T;NV Ciortan;2;5;1946.0;
2026-02-20;00:00;MP4a;Sonderausgang;2896448T;NV AS Transporte;2;2;162.0;
2026-02-20;00:00;MP4a;Sonderausgang;2896457T;NV AS Transporte;1;1;61.8;
2026-02-20;00:00;MP4a;Sonderausgang;2896459T;NV AS Transporte;1;9;1401.0;
2026-02-20;00:00;MP4a;Sonderausgang;2896467T;NV Tiroch;3;3;485.0;
2026-02-20;00:00;MP4a;Sonderausgang;2896468T;NV Tiroch;14;64;1165.0;
2026-02-20;00:00;MP4a;Sonderausgang;2896470T;NV Tiroch;6;21;6162.0;
2026-02-20;00:00;MP4a;Sonderausgang;2896471T;NV Tiroch;1;1;200.0;
2026-02-20;00:00;MP4a;Sonderausgang;2896476T;NV AS Transporte;1;4;496.0;
2026-02-20;00:00;MP4a;Sonderausgang;2896483T;NV AS Transporte;1;1;435.0;
2026-02-20;00:00;MP4a;Sonderausgang;2896492T;NV Strauss;2;2;619.0;
2026-02-20;00:00;MP4a;Sonderausgang;2896494T;Sonderfahrten;1;1;90.2;
2026-02-20;00:00;MP4a;Sonderausgang;2896501T;NV AS Transporte;2;2;185.0;
2026-02-20;00:00;MP4a;Sonderausgang;2896502T;NV Bogos Transporte;3;3;1259.0;
2026-02-20;00:00;MP4a;Sonderausgang;2896504T;NV Bogos Transporte;1;1;702.0;
2026-02-20;00:00;MP4a;Sonderausgang;2896506T;NV Bogos Transporte;1;1;60.0;
2026-02-20;00:00;MP4a;Sonderausgang;2896509T;NV VP Logistik;2;2;862.0;
2026-02-20;00:00;MP4a;Sonderausgang;2896511T;NV VP Logistik;2;2;682.0;
2026-02-20;00:00;MP4a;Sonderausgang;2896517T;NV Guth;1;4;711.4;
2026-02-20;00:00;MP4a;Sonderausgang;2896520T;NV VP Logistik;1;1;63.6;
2026-02-20;00:00;MP4a;Sonderausgang;2896522T;NV Silagi;2;2;188.0;
2026-02-20;00:00;MP4a;Sonderausgang;2896752T;WAB NV - großer NV;1;1;191.0;
2026-02-20;00:00;MP4a;Sonderausgang;2896755T;NV AS Transporte;1;4;700.0;
2026-02-20;00:00;MP4a;Sonderausgang;2896757T;NV Ciortan;2;2;811.0;
2026-02-20;00:00;MP4a;Sonderausgang;2896759T;NV Ciortan;2;2;184.0;
2026-02-20;00:00;MP4a;Sonderausgang;2896761T;NV AS Transporte;2;2;172.0;
2026-02-20;00:00;MP4a;Sonderausgang;2896796T;WAB NV - großer NV;1;1;50.0;
2026-02-20;00:00;MP4a;Sonderausgang;2896806T;WAB NV - großer NV;1;1;150.0;
2026-02-20;00:00;MP4a;Sonderausgang;2896818T;WAB NV - großer NV;3;9;1202.5;
2026-02-20;00:00;MP4a;Sonderausgang;2896828T;WAB NV - großer NV;2;29;6179.0;
2026-02-20;00:00;MP4a;Sonderausgang;2896882T;WAB NV - großer NV;1;1;353.0;
2026-02-20;00:00;MP4a;Sonderausgang;2896902T;WAB NV - großer NV;2;290;53523.0;
2026-02-20;00:00;MP4a;Sonderausgang;2896912T;WAB NV - großer NV;2;2;346.2;
2026-02-20;00:00;MP4a;Sonderausgang;2896932T;WAB NV - großer NV;1;4;3272.0;
2026-02-20;00:00;MP4a;Sonderausgang;2896956T;WAB NV - großer NV;12;12;1220.0;
2026-02-20;00:00;MP4a;Sonderausgang;2896980T;WAB NV - großer NV;1;1;24.0;
2026-02-20;00:00;MP4a;Sonderausgang;2897006T;WAB NV - großer NV;1;36;18432.0;
2026-02-20;00:00;MP4a;Sonderausgang;2897036T;WAB NV - großer NV;2;5;1380.0;
2026-02-20;00:00;MP4a;Sonderausgang;2897132T;WAB NV - großer NV;1;400;61180.0;
2026-02-20;00:00;MP4a;Sonderausgang;2897157T;WAB NV - großer NV;5;5;845.0;
2026-02-20;00:00;MP4a;Sonderausgang;2897225T;WAB NV - großer NV;2;2;117.0;
2026-02-20;00:00;MP4a;Sonderausgang;2897226T;WAB NV - großer NV;1;1;166.0;
2026-02-20;00:00;MP4a;Sonderausgang;2897263T;NV AS Transporte;2;5;2119.0;
2026-02-20;00:00;MP4a;Sonderausgang;2897265T;NV Yeritsyan;2;2;272.0;
2026-02-20;00:00;MP4a;Sonderausgang;2897273T;NV Yeritsyan;2;10;1718.0;
2026-02-20;00:00;MP4a;Sonderausgang;2897280T;NV LT Trans;1;1;36.0;
2026-02-20;00:00;MP4a;Sonderausgang;2897284T;NV Silagi;1;4;44.0;
2026-02-20;00:00;MP4a;Sonderausgang;2897338T;NV Silagi;2;2;286.8;
2026-02-20;00:00;MP4a;Sonderausgang;2897470T;WAB NV - großer NV;1;81;34317.0;
2026-02-20;00:00;MP4a;Sonderausgang;2897702T;NV Ciortan;1;1;149.9;
2026-02-20;00:00;MP4a;Sonderausgang;2897754T;NV Strauss;1;1;100.0;
2026-02-20;00:00;MP4a;Sonderausgang;2897768T;NV VP Logistik;1;1;327.0;
2026-02-20;00:00;MP4a;Sonderausgang;2897777T;NV Tuncay;1;1;177.0;
2026-02-20;00:00;MP4a;Sonderausgang;2897782T;Sonderfahrten;1;9;1629.0;
2026-02-20;00:00;MP4a;Sonderausgang;2897972T;Fernverkehr AS;1;49;15085.0;
2026-02-20;00:00;MP4a;Sonderausgang;2898115T;WAB NV - großer NV;1;1;294.0;
2026-02-20;00:00;MP4a;Sonderausgang;2898590T;WAB NV - großer NV;1;1;168.5;
2026-02-20;00:00;MP4a;Sonderausgang;2898603T;WAB NV - großer NV;1;25;10195.0;
2026-02-20;00:00;MP4a;Sonderausgang;2898605T;NV Fischer;1;4;700.0;
2026-02-20;00:00;MP4a;Sonderausgang;2898607T;NV Ciortan;2;5;242.8;
2026-02-20;00:00;MP4a;Sonderausgang;2898613T;NV Tiroch;2;2;132.0;
2026-02-20;00:00;MP4a;Sonderausgang;2898615T;NV Tiroch;2;5;596.0;
2026-02-20;00:00;MP4a;Sonderausgang;2898618T;NV Tuncay;1;1;92.0;
2026-02-20;00:00;MP4a;Sonderausgang;2898706T;WAB NV - großer NV;7;21;4112.0;
2026-02-20;00:00;MP4a;Sonderausgang;2898726T;WAB NV - großer NV;5;32;533.0;
2026-02-20;00:00;MP4a;Sonderausgang;2898798T;WAB NV - großer NV;1;9;2826.0;
2026-02-20;00:00;MP4a;Sonderausgang;2898850T;NV Fischer;1;1;100.9;
2026-02-20;00:00;MP4a;Sonderausgang;2899745T;NV Silagi;1;1;74.2;
2026-02-20;00:00;MP4a;Sonderausgang;2900617T;WAB NV - großer NV;1;36;7212.7;
2026-02-20;00:00;MP5;SE Entladung FV;;;1740;12857;1739757.8;
2026-02-20;00:00;MP7;SA Verladung FV;2893915T;NV AS Transporte;1;5;171.0;
2026-02-20;00:00;MP7;SA Verladung FV;2895486T;NV AS Transporte;1;2;519.0;
2026-02-20;00:00;MP7;SA Verladung FV;2896255T;DM AS-Transport;19;66;22852.0;
2026-02-20;00:00;MP7;SA Verladung FV;2896260T;DM AS-Transport;16;68;26956.0;
2026-02-20;00:00;MP7;SA Verladung FV;2896263T;DM AS-Transport;19;63;20425.0;
2026-02-20;00:00;MP7;SA Verladung FV;2896270T;DM AS-Transport;21;98;33837.0;
2026-02-20;00:00;MP7;SA Verladung FV;2896386T;NV DS Transporte;14;24;4876.0;
2026-02-20;00:00;MP7;SA Verladung FV;2896387T;NV DS Transporte;7;109;2412.0;
2026-02-20;00:00;MP7;SA Verladung FV;2896388T;NV Fischer;17;201;4765.0;
2026-02-20;00:00;MP7;SA Verladung FV;2896389T;NV Fischer;10;28;2878.0;
2026-02-20;00:00;MP7;SA Verladung FV;2896390T;NV Fischer;7;10;2073.4;
2026-02-20;00:00;MP7;SA Verladung FV;2896391T;NV Fischer;9;43;9509.6;
2026-02-20;00:00;MP7;SA Verladung FV;2896392T;NV Fischer;17;21;3316.0;
2026-02-20;00:00;MP7;SA Verladung FV;2896393T;NV DS Transporte;7;34;6360.9;
2026-02-20;00:00;MP7;SA Verladung FV;2896394T;NV DS Transporte;7;10;677.7;
2026-02-20;00:00;MP7;SA Verladung FV;2896397T;NV Strauss;12;37;5430.0;
2026-02-20;00:00;MP7;SA Verladung FV;2896398T;NV Strauss;8;86;5860.0;
2026-02-20;00:00;MP7;SA Verladung FV;2896399T;NV Strauss;13;13;418.0;
2026-02-20;00:00;MP7;SA Verladung FV;2896400T;NV Strauss;4;4;187.4;
2026-02-20;00:00;MP7;SA Verladung FV;2896403T;NV Strauss;7;7;1275.3;
2026-02-20;00:00;MP7;SA Verladung FV;2896404T;NV Strauss;5;47;7850.0;
2026-02-20;00:00;MP7;SA Verladung FV;2896405T;NV DS Transporte;10;55;8225.0;
2026-02-20;00:00;MP7;SA Verladung FV;2896406T;NV DS Transporte;10;115;5703.0;
2026-02-20;00:00;MP7;SA Verladung FV;2896407T;NV AS Transporte;11;23;6782.5;
2026-02-20;00:00;MP7;SA Verladung FV;2896408T;NV AS Transporte;14;31;5185.0;
2026-02-20;00:00;MP7;SA Verladung FV;2896411T;NV Fischer;13;79;7880.0;
2026-02-20;00:00;MP7;SA Verladung FV;2896432T;NV DS Transporte;9;33;7237.0;
2026-02-20;00:00;MP7;SA Verladung FV;2896433T;NV DS Transporte;9;15;5382.0;
2026-02-20;00:00;MP7;SA Verladung FV;2896434T;NV Strauss;13;21;2294.0;
2026-02-20;00:00;MP7;SA Verladung FV;2896435T;NV Strauss;6;12;1665.0;
2026-02-20;00:00;MP7;SA Verladung FV;2896436T;NV DS Transporte;10;18;702.0;
2026-02-20;00:00;MP7;SA Verladung FV;2896437T;NV DS Transporte;9;18;7565.9;
2026-02-20;00:00;MP7;SA Verladung FV;2896438T;NV DS Transporte;4;28;5460.8;
2026-02-20;00:00;MP7;SA Verladung FV;2896439T;NV DS Transporte;11;15;1460.0;
2026-02-20;00:00;MP7;SA Verladung FV;2896440T;NV DS Transporte;15;15;1800.5;
2026-02-20;00:00;MP7;SA Verladung FV;2896441T;NV Ciortan;8;8;712.5;
2026-02-20;00:00;MP7;SA Verladung FV;2896443T;NV Ciortan;13;42;11534.0;
2026-02-20;00:00;MP7;SA Verladung FV;2896446T;NV Ciortan;19;19;934.5;
2026-02-20;00:00;MP7;SA Verladung FV;2896447T;NV AS Transporte;16;43;5966.9;
2026-02-20;00:00;MP7;SA Verladung FV;2896448T;NV AS Transporte;14;20;2124.1;
2026-02-20;00:00;MP7;SA Verladung FV;2896452T;NV DS Transporte;8;31;9482.0;
2026-02-20;00:00;MP7;SA Verladung FV;2896454T;NV DS Transporte;10;115;1310.0;
2026-02-20;00:00;MP7;SA Verladung FV;2896457T;NV AS Transporte;12;17;3743.5;
2026-02-20;00:00;MP7;SA Verladung FV;2896459T;NV AS Transporte;8;19;2539.0;
2026-02-20;00:00;MP7;SA Verladung FV;2896461T;NV AS Transporte;17;28;1695.0;
2026-02-20;00:00;MP7;SA Verladung FV;2896464T;NV Tiroch;17;38;9782.0;
2026-02-20;00:00;MP7;SA Verladung FV;2896465T;NV Tiroch;2;13;2734.0;
2026-02-20;00:00;MP7;SA Verladung FV;2896466T;NV Tiroch;15;58;10857.4;
2026-02-20;00:00;MP7;SA Verladung FV;2896467T;NV Tiroch;15;42;6690.5;
2026-02-20;00:00;MP7;SA Verladung FV;2896468T;NV Tiroch;2;5;611.0;
2026-02-20;00:00;MP7;SA Verladung FV;2896470T;NV Tiroch;9;17;965.4;
2026-02-20;00:00;MP7;SA Verladung FV;2896471T;NV Tiroch;18;32;5281.0;
2026-02-20;00:00;MP7;SA Verladung FV;2896472T;DM AS-Transport;11;26;9179.0;
2026-02-20;00:00;MP7;SA Verladung FV;2896473T;DM AS-Transport;10;31;11730.0;
2026-02-20;00:00;MP7;SA Verladung FV;2896474T;DM AS-Transport;10;28;8597.0;
2026-02-20;00:00;MP7;SA Verladung FV;2896475T;NV AS Transporte;8;11;839.9;
2026-02-20;00:00;MP7;SA Verladung FV;2896476T;NV AS Transporte;11;37;7989.0;
2026-02-20;00:00;MP7;SA Verladung FV;2896480T;DM AS-Transport;7;19;6776.0;
2026-02-20;00:00;MP7;SA Verladung FV;2896483T;NV AS Transporte;13;97;5366.0;
2026-02-20;00:00;MP7;SA Verladung FV;2896492T;NV Strauss;7;10;1146.0;
2026-02-20;00:00;MP7;SA Verladung FV;2896493T;NV Strauss;8;8;1804.4;
2026-02-20;00:00;MP7;SA Verladung FV;2896494T;Sonderfahrten;7;10;379.0;
2026-02-20;00:00;MP7;SA Verladung FV;2896496T;DM AS-Transport;11;17;6268.0;
2026-02-20;00:00;MP7;SA Verladung FV;2896497T;DM AS-Transport;10;35;13584.0;
2026-02-20;00:00;MP7;SA Verladung FV;2896498T;DM AS-Transport;5;26;9279.0;
2026-02-20;00:00;MP7;SA Verladung FV;2896501T;NV AS Transporte;13;19;3309.0;
2026-02-20;00:00;MP7;SA Verladung FV;2896502T;NV Bogos Transporte;9;36;3543.0;
2026-02-20;00:00;MP7;SA Verladung FV;2896504T;NV Bogos Transporte;8;12;1739.0;
2026-02-20;00:00;MP7;SA Verladung FV;2896506T;NV Bogos Transporte;8;31;6375.3;
2026-02-20;00:00;MP7;SA Verladung FV;2896507T;NV VP Logistik;15;173;4448.0;
2026-02-20;00:00;MP7;SA Verladung FV;2896509T;NV VP Logistik;12;39;3691.0;
2026-02-20;00:00;MP7;SA Verladung FV;2896511T;NV VP Logistik;5;37;7905.0;
2026-02-20;00:00;MP7;SA Verladung FV;2896514T;NV Tuncay;12;23;5945.0;
2026-02-20;00:00;MP7;SA Verladung FV;2896517T;NV Guth;10;10;2458.0;
2026-02-20;00:00;MP7;SA Verladung FV;2896518T;NV Guth;5;11;1981.0;
2026-02-20;00:00;MP7;SA Verladung FV;2896519T;NV Guth;11;14;1420.0;
2026-02-20;00:00;MP7;SA Verladung FV;2896520T;NV VP Logistik;13;64;7295.0;
2026-02-20;00:00;MP7;SA Verladung FV;2896521T;Sonderfahrten;8;8;1321.0;
2026-02-20;00:00;MP7;SA Verladung FV;2896522T;NV Silagi;13;16;599.0;
2026-02-20;00:00;MP7;SA Verladung FV;2896681T;DM AS-Transport;15;103;38374.0;
2026-02-20;00:00;MP7;SA Verladung FV;2896683T;DM AS-Transport;6;25;10007.0;
2026-02-20;00:00;MP7;SA Verladung FV;2896685T;DM AS-Transport;13;69;25758.0;
2026-02-20;00:00;MP7;SA Verladung FV;2896687T;DM AS-Transport;11;71;27383.0;
2026-02-20;00:00;MP7;SA Verladung FV;2896689T;DM AS-Transport;20;51;18603.0;
2026-02-20;00:00;MP7;SA Verladung FV;2896693T;DM AS-Transport;19;81;29683.0;
2026-02-20;00:00;MP7;SA Verladung FV;2896695T;DM AS-Transport;5;23;7281.0;
2026-02-20;00:00;MP7;SA Verladung FV;2896697T;DM AS-Transport;17;87;31513.0;
2026-02-20;00:00;MP7;SA Verladung FV;2896699T;DM AS-Transport;16;42;15635.0;
2026-02-20;00:00;MP7;SA Verladung FV;2896752T;WAB NV - großer NV;9;91;47367.0;
2026-02-20;00:00;MP7;SA Verladung FV;2896753T;NV AS Transporte;14;44;4293.2;
2026-02-20;00:00;MP7;SA Verladung FV;2896755T;NV AS Transporte;24;121;7616.1;
2026-02-20;00:00;MP7;SA Verladung FV;2896757T;NV Ciortan;25;92;9502.7;
2026-02-20;00:00;MP7;SA Verladung FV;2896759T;NV Ciortan;20;85;15354.0;
2026-02-20;00:00;MP7;SA Verladung FV;2896761T;NV AS Transporte;14;40;4239.0;
2026-02-20;00:00;MP7;SA Verladung FV;2896796T;WAB NV - großer NV;4;12;8397.0;
2026-02-20;00:00;MP7;SA Verladung FV;2896806T;WAB NV - großer NV;16;409;44974.5;
2026-02-20;00:00;MP7;SA Verladung FV;2896818T;WAB NV - großer NV;8;27;6226.5;
2026-02-20;00:00;MP7;SA Verladung FV;2896828T;WAB NV - großer NV;6;29;6483.0;
2026-02-20;00:00;MP7;SA Verladung FV;2896848T;WAB NV - großer NV;15;86;21581.0;
2026-02-20;00:00;MP7;SA Verladung FV;2896854T;WAB NV - großer NV;3;61;22541.0;
2026-02-20;00:00;MP7;SA Verladung FV;2896868T;WAB NV - großer NV;3;165;16172.0;
2026-02-20;00:00;MP7;SA Verladung FV;2896882T;WAB NV - großer NV;15;27;6425.2;
2026-02-20;00:00;MP7;SA Verladung FV;2896902T;WAB NV - großer NV;3;6;716.0;
2026-02-20;00:00;MP7;SA Verladung FV;2896912T;WAB NV - großer NV;11;182;33460.5;
2026-02-20;00:00;MP7;SA Verladung FV;2896932T;WAB NV - großer NV;2;85;15850.0;
2026-02-20;00:00;MP7;SA Verladung FV;2896934T;WAB NV - großer NV;3;276;42540.0;
2026-02-20;00:00;MP7;SA Verladung FV;2896952T;WAB NV - großer NV;3;101;30973.0;
2026-02-20;00:00;MP7;SA Verladung FV;2896956T;WAB NV - großer NV;6;27;14435.0;
2026-02-20;00:00;MP7;SA Verladung FV;2896980T;WAB NV - großer NV;5;46;12122.0;
2026-02-20;00:00;MP7;SA Verladung FV;2896996T;WAB NV - großer NV;6;27;22685.0;
2026-02-20;00:00;MP7;SA Verladung FV;2897006T;WAB NV - großer NV;3;34;26910.0;
2026-02-20;00:00;MP7;SA Verladung FV;2897026T;WAB NV - großer NV;3;3051;91273.0;
2026-02-20;00:00;MP7;SA Verladung FV;2897036T;WAB NV - großer NV;6;12;1819.0;
2026-02-20;00:00;MP7;SA Verladung FV;2897093T;NV Ciortan;15;29;2107.5;
2026-02-20;00:00;MP7;SA Verladung FV;2897105T;NV Yeritsyan;13;78;8352.0;
2026-02-20;00:00;MP7;SA Verladung FV;2897107T;NV Yeritsyan;13;38;7549.0;
2026-02-20;00:00;MP7;SA Verladung FV;2897132T;WAB NV - großer NV;3;46;17122.6;
2026-02-20;00:00;MP7;SA Verladung FV;2897157T;WAB NV - großer NV;7;50;10945.0;
2026-02-20;00:00;MP7;SA Verladung FV;2897225T;WAB NV - großer NV;11;64;3623.0;
2026-02-20;00:00;MP7;SA Verladung FV;2897226T;WAB NV - großer NV;10;280;48241.0;
2026-02-20;00:00;MP7;SA Verladung FV;2897263T;NV AS Transporte;10;77;17578.0;
2026-02-20;00:00;MP7;SA Verladung FV;2897265T;NV Yeritsyan;11;80;4897.0;
2026-02-20;00:00;MP7;SA Verladung FV;2897266T;Sonderfahrten;3;3;326.0;
2026-02-20;00:00;MP7;SA Verladung FV;2897267T;NV VP Logistik;3;6;1393.0;
2026-02-20;00:00;MP7;SA Verladung FV;2897272T;NV Yeritsyan;14;20;2071.0;
2026-02-20;00:00;MP7;SA Verladung FV;2897273T;NV Yeritsyan;16;67;12515.0;
2026-02-20;00:00;MP7;SA Verladung FV;2897276T;NV Tuncay;15;24;2679.0;
2026-02-20;00:00;MP7;SA Verladung FV;2897277T;NV LT Trans;10;21;4904.0;
2026-02-20;00:00;MP7;SA Verladung FV;2897278T;NV LT Trans;7;28;2851.0;
2026-02-20;00:00;MP7;SA Verladung FV;2897279T;Sonderfahrten;5;14;4332.0;
2026-02-20;00:00;MP7;SA Verladung FV;2897280T;NV LT Trans;18;53;3193.9;
2026-02-20;00:00;MP7;SA Verladung FV;2897282T;NV LT Trans;18;53;2903.4;
2026-02-20;00:00;MP7;SA Verladung FV;2897284T;NV Silagi;14;40;8498.0;
2026-02-20;00:00;MP7;SA Verladung FV;2897285T;NV Silagi;20;34;4774.7;
2026-02-20;00:00;MP7;SA Verladung FV;2897286T;Sonderfahrten;5;11;1097.0;
2026-02-20;00:00;MP7;SA Verladung FV;2897327T;WAB NV - großer NV;6;94;10133.0;
2026-02-20;00:00;MP7;SA Verladung FV;2897337T;NV Silagi;13;19;3848.4;
2026-02-20;00:00;MP7;SA Verladung FV;2897338T;NV Silagi;13;120;6689.0;
2026-02-20;00:00;MP7;SA Verladung FV;2897340T;WAB NV - großer NV;4;4;0.4;
2026-02-20;00:00;MP7;SA Verladung FV;2897484T;NV Fischer;8;19;5392.0;
2026-02-20;00:00;MP7;SA Verladung FV;2897485T;NV Fischer;10;36;13224.0;
2026-02-20;00:00;MP7;SA Verladung FV;2897487T;NV Tiroch;11;30;9547.0;
2026-02-20;00:00;MP7;SA Verladung FV;2897490T;NV Tiroch;9;23;8492.0;
2026-02-20;00:00;MP7;SA Verladung FV;2897649T;NV Fischer;1;1;54.0;
2026-02-20;00:00;MP7;SA Verladung FV;2897652T;NV Fischer;1;1;11.0;
2026-02-20;00:00;MP7;SA Verladung FV;2897694T;NV DS Transporte;2;2;429.0;
2026-02-20;00:00;MP7;SA Verladung FV;2897697T;NV DS Transporte;1;1;51.0;
2026-02-20;00:00;MP7;SA Verladung FV;2897699T;NV DS Transporte;1;1;112.0;
2026-02-20;00:00;MP7;SA Verladung FV;2897700T;NV DS Transporte;1;36;4320.0;
2026-02-20;00:00;MP7;SA Verladung FV;2897702T;NV Ciortan;1;1;90.0;
2026-02-20;00:00;MP7;SA Verladung FV;2897704T;NV Ciortan;1;1;12.0;
2026-02-20;00:00;MP7;SA Verladung FV;2897707T;NV Ciortan;2;2;145.0;
2026-02-20;00:00;MP7;SA Verladung FV;2897709T;NV AS Transporte;1;1;33.0;
2026-02-20;00:00;MP7;SA Verladung FV;2897722T;NV AS Transporte;1;1;93.0;
2026-02-20;00:00;MP7;SA Verladung FV;2897725T;NV Tiroch;1;1;53.0;
2026-02-20;00:00;MP7;SA Verladung FV;2897769T;NV VP Logistik;1;1;112.0;
2026-02-20;00:00;MP7;SA Verladung FV;2897772T;NV VP Logistik;1;1;43.0;
2026-02-20;00:00;MP7;SA Verladung FV;2897775T;NV Tuncay;2;2;649.0;
2026-02-20;00:00;MP7;SA Verladung FV;2897777T;NV Tuncay;1;4;64.0;
2026-02-20;00:00;MP7;SA Verladung FV;2897779T;NV Guth;2;343;9692.0;
2026-02-20;00:00;MP7;SA Verladung FV;2897780T;NV Guth;4;4;482.0;
2026-02-20;00:00;MP7;SA Verladung FV;2897781T;NV VP Logistik;2;5;1160.0;
2026-02-20;00:00;MP7;SA Verladung FV;2898015T;WAB NV - großer NV;3;3;269.0;
2026-02-20;00:00;MP7;SA Verladung FV;2898018T;NV AS Transporte;1;1;39.0;
2026-02-20;00:00;MP7;SA Verladung FV;2898025T;WAB NV - großer NV;1;4;1522.0;
2026-02-20;00:00;MP7;SA Verladung FV;2898035T;WAB NV - großer NV;18;48;9803.5;
2026-02-20;00:00;MP7;SA Verladung FV;2898115T;WAB NV - großer NV;2;72;12432.0;
2026-02-20;00:00;MP7;SA Verladung FV;2898153T;WAB NV - großer NV;1;16;80.0;
2026-02-20;00:00;MP7;SA Verladung FV;2898183T;WAB NV - großer NV;2;17;646.0;
2026-02-20;00:00;MP7;SA Verladung FV;2898267T;WAB NV - großer NV;1;49;7966.0;
2026-02-20;00:00;MP7;SA Verladung FV;2898354T;NV Ciortan;1;1;453.0;
2026-02-20;00:00;MP7;SA Verladung FV;2898487T;WAB NV - großer NV;1;1;210.0;
2026-02-20;00:00;MP7;SA Verladung FV;2898524T;NV AS Transporte;1;2;150.0;
2026-02-20;00:00;MP7;SA Verladung FV;2898539T;NV LT Trans;1;25;2465.0;
2026-02-20;00:00;MP7;SA Verladung FV;2898541T;NV LT Trans;1;1;183.0;
2026-02-20;00:00;MP7;SA Verladung FV;2898543T;NV LT Trans;1;1;76.0;
2026-02-20;00:00;MP7;SA Verladung FV;2898545T;NV Silagi;1;1;524.0;
2026-02-20;00:00;MP7;SA Verladung FV;2898546T;NV Silagi;1;1;231.0;
2026-02-20;00:00;MP7;SA Verladung FV;2898590T;WAB NV - großer NV;14;130;15178.9;
2026-02-20;00:00;MP7;SA Verladung FV;2898600T;NV Silagi;1;4;696.0;
2026-02-20;00:00;MP7;SA Verladung FV;2898603T;WAB NV - großer NV;3;61;10227.0;
2026-02-20;00:00;MP7;SA Verladung FV;2898605T;NV Fischer;7;18;2359.6;
2026-02-20;00:00;MP7;SA Verladung FV;2898607T;NV Ciortan;17;54;9318.3;
2026-02-20;00:00;MP7;SA Verladung FV;2898608T;NV Ciortan;12;12;1530.0;
2026-02-20;00:00;MP7;SA Verladung FV;2898609T;NV VP Logistik;3;6;960.0;
2026-02-20;00:00;MP7;SA Verladung FV;2898610T;NV VP Logistik;4;4;520.0;
2026-02-20;00:00;MP7;SA Verladung FV;2898611T;NV VP Logistik;5;8;462.0;
2026-02-20;00:00;MP7;SA Verladung FV;2898612T;NV VP Logistik;7;15;1117.0;
2026-02-20;00:00;MP7;SA Verladung FV;2898613T;NV Tiroch;8;22;2628.0;
2026-02-20;00:00;MP7;SA Verladung FV;2898614T;NV Tiroch;9;179;9192.0;
2026-02-20;00:00;MP7;SA Verladung FV;2898615T;NV Tiroch;6;6;969.0;
2026-02-20;00:00;MP7;SA Verladung FV;2898618T;NV Tuncay;8;256;13213.0;
2026-02-20;00:00;MP7;SA Verladung FV;2898623T;WAB NV - großer NV;5;38;25517.0;
2026-02-20;00:00;MP7;SA Verladung FV;2898648T;WAB NV - großer NV;2;25;3804.8;
2026-02-20;00:00;MP7;SA Verladung FV;2898665T;WAB NV - großer NV;8;46;19708.0;
2026-02-20;00:00;MP7;SA Verladung FV;2898706T;WAB NV - großer NV;10;28;8166.0;
2026-02-20;00:00;MP7;SA Verladung FV;2898714T;NV VP Logistik;1;1;380.0;
2026-02-20;00:00;MP7;SA Verladung FV;2898715T;WAB NV - großer NV;1;16;12640.0;
2026-02-20;00:00;MP7;SA Verladung FV;2898798T;WAB NV - großer NV;1;1;251.0;
2026-02-20;00:00;MP7;SA Verladung FV;2899235T;WAB NV - großer NV;1;9;1497.0;
2026-02-20;00:00;MP7;SA Verladung FV;2899329T;WAB NV - großer NV;5;13;1570.1;
2026-02-20;00:00;MP7;SA Verladung FV;2899566T;NV Yeritsyan;1;1;5.0;
2026-02-20;00:00;MP7;SA Verladung FV;2899804T;WAB NV - erweitert;1;4;912.0;
2026-02-20;00:00;MP7;SA Verladung FV;2899807T;WAB NV - großer NV;2;26;8950.0;
2026-02-20;00:00;MP7;SA Verladung FV;2899809T;NV Ciortan;1;1;148.0;
2026-02-20;00:00;MP7;SA Verladung FV;2899810T;NV VP Logistik;1;9;1596.0;
2026-02-20;00:00;MP7;SA Verladung FV;2899812T;NV VP Logistik;1;1;20.0;
2026-02-20;00:00;MP7;SA Verladung FV;2899815T;NV Ciortan;2;10;1078.2;
2026-02-20;00:00;MP7;SA Verladung FV;2899820T;NV Tiroch;1;4;201.4;
2026-02-20;00:00;MP7;SA Verladung FV;2899823T;WAB NV - großer NV;6;36;4662.0;
2026-02-20;00:00;MP7;SA Verladung FV;2899827T;NV AS Transporte;1;8;4200.0;
2026-02-20;00:00;MP7;SA Verladung FV;2899859T;NV Strauss;1;1;150.0;
2026-02-20;00:00;MP7;SA Verladung FV;2899964T;WAB NV - großer NV;1;16;5412.0;
2026-02-20;00:00;MP7;SA Verladung FV;2901125T;NV Tiroch;1;1;1.0;
2026-02-20;00:00;MP9a;Sonderscan;;;14;40;3485.2;
2026-02-20;00:00;MP9b;NV Eingang;;;505;2018;270183.1;
2026-02-21;00:00;MP5;SE Entladung FV;;;294;1471;292356.8;
2026-02-21;00:00;MP7;SA Verladung FV;2896259T;DM AS-Transport;21;57;18799.0;
2026-02-21;00:00;MP7;SA Verladung FV;2896267T;DM AS-Transport;21;72;23245.0;
2026-02-22;00:00;MP5;SE Entladung FV;;;95;945;120735.9;
2026-02-22;00:00;MP7;SA Verladung FV;2898057T;WAB NV - großer NV;3;41;7397.0;
2026-02-22;00:00;MP7;SA Verladung FV;2898590T;WAB NV - großer NV;3;9;892.7;
2026-02-23;00:00;MP2;Nat. Eingang;;;15;43;4939.4;
2026-02-23;00:00;MP2;Nat. Eingang;2895452T;Hofmanagement;1;4;4428.0;
2026-02-23;00:00;MP2;Nat. Eingang;2895665T;WAB NV - Abholer;1;1;200.0;
2026-02-23;00:00;MP2;Nat. Eingang;2896719T;Hofmanagement;5;43;44430.0;
2026-02-23;00:00;MP2;Nat. Eingang;2896766T;WAB NV - Abholer;1;1;249.9;
2026-02-23;00:00;MP2;Nat. Eingang;2896870T;WAB NV - Abholer;1;25;14250.0;
2026-02-23;00:00;MP2;Nat. Eingang;2896888T;WAB NV - Abholer;1;2;21.4;
2026-02-23;00:00;MP2;Nat. Eingang;2896936T;WAB NV - Abholer;1;100;20000.0;
2026-02-23;00:00;MP2;Nat. Eingang;2897207T;WAB NV - Abholer;1;2;834.7;
2026-02-23;00:00;MP2;Nat. Eingang;2897333T;WAB NV - Abholer;1;1;137.0;
2026-02-23;00:00;MP2;Nat. Eingang;2897464T;Fernverkehr AS;24;81;20464.0;
2026-02-23;00:00;MP2;Nat. Eingang;2897647T;NV DS Transporte;1;144;7680.0;
2026-02-23;00:00;MP2;Nat. Eingang;2897648T;NV Fischer;8;14;1306.0;
2026-02-23;00:00;MP2;Nat. Eingang;2897650T;NV Fischer;8;8;1565.0;
2026-02-23;00:00;MP2;Nat. Eingang;2897651T;NV Fischer;3;105;16692.0;
2026-02-23;00:00;MP2;Nat. Eingang;2897652T;NV Fischer;11;14;2872.0;
2026-02-23;00:00;MP2;Nat. Eingang;2897653T;NV DS Transporte;4;11;970.0;
2026-02-23;00:00;MP2;Nat. Eingang;2897654T;NV DS Transporte;9;18;1035.0;
2026-02-23;00:00;MP2;Nat. Eingang;2897659T;NV Strauss;3;6;174.0;
2026-02-23;00:00;MP2;Nat. Eingang;2897663T;NV Strauss;4;4;435.0;
2026-02-23;00:00;MP2;Nat. Eingang;2897664T;NV Strauss;5;8;1259.0;
2026-02-23;00:00;MP2;Nat. Eingang;2897666T;NV DS Transporte;2;5;922.1;
2026-02-23;00:00;MP2;Nat. Eingang;2897667T;NV AS Transporte;4;7;2087.0;
2026-02-23;00:00;MP2;Nat. Eingang;2897694T;NV DS Transporte;7;13;3009.0;
2026-02-23;00:00;MP2;Nat. Eingang;2897696T;NV Strauss;10;35;5535.0;
2026-02-23;00:00;MP2;Nat. Eingang;2897699T;NV DS Transporte;7;16;4506.0;
2026-02-23;00:00;MP2;Nat. Eingang;2897703T;NV DS Transporte;1;1;150.0;
2026-02-23;00:00;MP2;Nat. Eingang;2897704T;NV Ciortan;6;9;653.7;
2026-02-23;00:00;MP2;Nat. Eingang;2897706T;NV Ciortan;5;27;9383.0;
2026-02-23;00:00;MP2;Nat. Eingang;2897707T;NV Ciortan;3;6;200.0;
2026-02-23;00:00;MP2;Nat. Eingang;2897708T;NV AS Transporte;1;3;75.0;
2026-02-23;00:00;MP2;Nat. Eingang;2897709T;NV AS Transporte;3;18;3874.0;
2026-02-23;00:00;MP2;Nat. Eingang;2897710T;NV AS Transporte;4;22;3163.0;
2026-02-23;00:00;MP2;Nat. Eingang;2897713T;NV DS Transporte;2;10;2410.0;
2026-02-23;00:00;MP2;Nat. Eingang;2897714T;NV DS Transporte;10;16;1681.0;
2026-02-23;00:00;MP2;Nat. Eingang;2897715T;NV DS Transporte;3;3;127.0;
2026-02-23;00:00;MP2;Nat. Eingang;2897718T;NV AS Transporte;2;5;211.0;
2026-02-23;00:00;MP2;Nat. Eingang;2897720T;NV AS Transporte;6;17;1284.0;
2026-02-23;00:00;MP2;Nat. Eingang;2897722T;NV AS Transporte;5;5;2086.0;
2026-02-23;00:00;MP2;Nat. Eingang;2897725T;NV Tiroch;4;7;3326.0;
2026-02-23;00:00;MP2;Nat. Eingang;2897726T;NV Tiroch;2;2;796.0;
2026-02-23;00:00;MP2;Nat. Eingang;2897727T;NV Tiroch;6;22;7648.0;
2026-02-23;00:00;MP2;Nat. Eingang;2897728T;NV Tiroch;1;1;43.0;
2026-02-23;00:00;MP2;Nat. Eingang;2897729T;NV Tiroch;4;31;8185.0;
2026-02-23;00:00;MP2;Nat. Eingang;2897731T;NV Tiroch;8;8;640.0;
2026-02-23;00:00;MP2;Nat. Eingang;2897732T;NV Tiroch;8;67;8813.0;
2026-02-23;00:00;MP2;Nat. Eingang;2897736T;NV AS Transporte;2;2;167.0;
2026-02-23;00:00;MP2;Nat. Eingang;2897737T;NV AS Transporte;6;12;5002.0;
2026-02-23;00:00;MP2;Nat. Eingang;2897751T;NV Alexandru;7;18;3072.0;
2026-02-23;00:00;MP2;Nat. Eingang;2897754T;NV Strauss;1;4;720.0;
2026-02-23;00:00;MP2;Nat. Eingang;2897763T;NV Bogos Transporte;1;1;166.6;
2026-02-23;00:00;MP2;Nat. Eingang;2897765T;NV Bogos Transporte;4;4;666.0;
2026-02-23;00:00;MP2;Nat. Eingang;2897767T;NV Bogos Transporte;7;7;1485.0;
2026-02-23;00:00;MP2;Nat. Eingang;2897768T;NV VP Logistik;1;1;250.0;
2026-02-23;00:00;MP2;Nat. Eingang;2897769T;NV VP Logistik;5;5;275.0;
2026-02-23;00:00;MP2;Nat. Eingang;2897772T;NV VP Logistik;2;2;340.0;
2026-02-23;00:00;MP2;Nat. Eingang;2897775T;NV Tuncay;2;3;1510.0;
2026-02-23;00:00;MP2;Nat. Eingang;2897776T;NV Tuncay;3;3;1907.0;
2026-02-23;00:00;MP2;Nat. Eingang;2897777T;NV Tuncay;3;3;290.0;
2026-02-23;00:00;MP2;Nat. Eingang;2897778T;NV Guth;5;5;1174.0;
2026-02-23;00:00;MP2;Nat. Eingang;2897780T;NV Guth;3;6;199.0;
2026-02-23;00:00;MP2;Nat. Eingang;2897781T;NV VP Logistik;10;18;902.0;
2026-02-23;00:00;MP2;Nat. Eingang;2897783T;NV Silagi;1;1;20.0;
2026-02-23;00:00;MP2;Nat. Eingang;2897982T;Hofmanagement;64;1077;355799.0;
2026-02-23;00:00;MP2;Nat. Eingang;2898016T;NV AS Transporte;9;9;1414.2;
2026-02-23;00:00;MP2;Nat. Eingang;2898018T;NV AS Transporte;15;55;28087.0;
2026-02-23;00:00;MP2;Nat. Eingang;2898020T;NV Ciortan;2;26;2009.0;
2026-02-23;00:00;MP2;Nat. Eingang;2898022T;NV Ciortan;8;56;19307.0;
2026-02-23;00:00;MP2;Nat. Eingang;2898027T;WAB NV - Abholer;24;68;48650.0;
2026-02-23;00:00;MP2;Nat. Eingang;2898037T;WAB NV - Abholer;18;723;35501.0;
2026-02-23;00:00;MP2;Nat. Eingang;2898047T;WAB NV - erweitert;8;16;2482.0;
2026-02-23;00:00;MP2;Nat. Eingang;2898069T;WAB NV - Abholer;2;136;49108.0;
2026-02-23;00:00;MP2;Nat. Eingang;2898073T;WAB NV - Abholer;8;30;5445.4;
2026-02-23;00:00;MP2;Nat. Eingang;2898081T;WAB NV - Abholer;30;180;33988.0;
2026-02-23;00:00;MP2;Nat. Eingang;2898091T;WAB NV - Abholer;33;36;14160.0;
2026-02-23;00:00;MP2;Nat. Eingang;2898095T;WAB NV - Abholer;39;54;7804.0;
2026-02-23;00:00;MP2;Nat. Eingang;2898117T;WAB NV - Abholer;14;44;17456.0;
2026-02-23;00:00;MP2;Nat. Eingang;2898125T;WAB NV - erweitert;1;961;468007.0;
2026-02-23;00:00;MP2;Nat. Eingang;2898131T;WAB NV - Abholer;31;253;7527.7;
2026-02-23;00:00;MP2;Nat. Eingang;2898145T;WAB NV - Abholer;43;68;17909.5;
2026-02-23;00:00;MP2;Nat. Eingang;2898155T;WAB NV - Abholer;23;44;14740.9;
2026-02-23;00:00;MP2;Nat. Eingang;2898169T;WAB NV - Abholer;29;48;3859.8;
2026-02-23;00:00;MP2;Nat. Eingang;2898175T;WAB NV - Abholer;25;28;3200.0;
2026-02-23;00:00;MP2;Nat. Eingang;2898179T;WAB NV - Abholer;14;126;48713.0;
2026-02-23;00:00;MP2;Nat. Eingang;2898185T;WAB NV - Abholer;11;11;850.0;
2026-02-23;00:00;MP2;Nat. Eingang;2898197T;WAB NV - Abholer;14;212;29172.1;
2026-02-23;00:00;MP2;Nat. Eingang;2898205T;WAB NV - Abholer;10;125;16452.7;
2026-02-23;00:00;MP2;Nat. Eingang;2898233T;WAB NV - Abholer;5;5;1050.0;
2026-02-23;00:00;MP2;Nat. Eingang;2898243T;WAB NV - Abholer;43;61;11395.0;
2026-02-23;00:00;MP2;Nat. Eingang;2898269T;WAB NV - Abholer;12;67;10100.0;
2026-02-23;00:00;MP2;Nat. Eingang;2898289T;WAB NV - Abholer;6;118;48208.0;
2026-02-23;00:00;MP2;Nat. Eingang;2898293T;WAB NV - Abholer;8;437;10163.0;
2026-02-23;00:00;MP2;Nat. Eingang;2898299T;WAB NV - Abholer;17;28;1837.0;
2026-02-23;00:00;MP2;Nat. Eingang;2898307T;Sonderfahrten;1;1;30.0;
2026-02-23;00:00;MP2;Nat. Eingang;2898354T;NV Ciortan;1;9;1950.0;
2026-02-23;00:00;MP2;Nat. Eingang;2898366T;NV Yeritsyan;3;3;770.0;
2026-02-23;00:00;MP2;Nat. Eingang;2898368T;NV Yeritsyan;6;48;4707.0;
2026-02-23;00:00;MP2;Nat. Eingang;2898385T;WAB NV - Abholer;9;135;77360.0;
2026-02-23;00:00;MP2;Nat. Eingang;2898387T;WAB NV - Abholer;14;81;11563.4;
2026-02-23;00:00;MP2;Nat. Eingang;2898394T;WAB NV - Abholer;38;49;3358.9;
2026-02-23;00:00;MP2;Nat. Eingang;2898398T;WAB NV - Abholer;6;1078;187478.6;
2026-02-23;00:00;MP2;Nat. Eingang;2898406T;WAB NV - Abholer;45;45;7272.1;
2026-02-23;00:00;MP2;Nat. Eingang;2898412T;WAB NV - Abholer;26;29;10461.3;
2026-02-23;00:00;MP2;Nat. Eingang;2898414T;WAB NV - Abholer;41;41;5022.3;
2026-02-23;00:00;MP2;Nat. Eingang;2898438T;WAB NV - Abholer;11;202;17162.0;
2026-02-23;00:00;MP2;Nat. Eingang;2898448T;WAB NV - Abholer;19;81;9931.3;
2026-02-23;00:00;MP2;Nat. Eingang;2898450T;WAB NV - Abholer;19;81;11877.5;
2026-02-23;00:00;MP2;Nat. Eingang;2898452T;WAB NV - Abholer;20;23;1422.9;
2026-02-23;00:00;MP2;Nat. Eingang;2898464T;WAB NV - Abholer;39;107;27816.3;
2026-02-23;00:00;MP2;Nat. Eingang;2898466T;WAB NV - Abholer;36;77;21285.7;
2026-02-23;00:00;MP2;Nat. Eingang;2898468T;WAB NV - Abholer;20;220;96044.4;
2026-02-23;00:00;MP2;Nat. Eingang;2898474T;WAB NV - Abholer;10;180;15572.0;
2026-02-23;00:00;MP2;Nat. Eingang;2898476T;WAB NV - Abholer;12;137;14918.2;
2026-02-23;00:00;MP2;Nat. Eingang;2898490T;WAB NV - Abholer;20;71;9862.9;
2026-02-23;00:00;MP2;Nat. Eingang;2898492T;WAB NV - Abholer;8;8;4075.2;
2026-02-23;00:00;MP2;Nat. Eingang;2898494T;WAB NV - Abholer;19;55;4854.1;
2026-02-23;00:00;MP2;Nat. Eingang;2898524T;NV AS Transporte;3;3;821.0;
2026-02-23;00:00;MP2;Nat. Eingang;2898526T;NV Yeritsyan;4;4;582.0;
2026-02-23;00:00;MP2;Nat. Eingang;2898533T;NV Yeritsyan;3;51;6916.0;
2026-02-23;00:00;MP2;Nat. Eingang;2898534T;NV Yeritsyan;1;1;200.0;
2026-02-23;00:00;MP2;Nat. Eingang;2898539T;NV LT Trans;4;7;1017.0;
2026-02-23;00:00;MP2;Nat. Eingang;2898541T;NV LT Trans;4;31;12206.0;
2026-02-23;00:00;MP2;Nat. Eingang;2898543T;NV LT Trans;5;65;4907.9;
2026-02-23;00:00;MP2;Nat. Eingang;2898545T;NV Silagi;5;24;3098.0;
2026-02-23;00:00;MP2;Nat. Eingang;2898546T;NV Silagi;3;3;363.0;
2026-02-23;00:00;MP2;Nat. Eingang;2898547T;Sonderfahrten;7;29;959.0;
2026-02-23;00:00;MP2;Nat. Eingang;2898592T;WAB NV - Abholer;15;26;4117.0;
2026-02-23;00:00;MP2;Nat. Eingang;2898596T;WAB NV - Abholer;22;109;16871.6;
2026-02-23;00:00;MP2;Nat. Eingang;2898600T;NV Silagi;3;6;520.0;
2026-02-23;00:00;MP2;Nat. Eingang;2898601T;NV Silagi;6;9;986.0;
2026-02-23;00:00;MP2;Nat. Eingang;2899666T;WAB NV - Abholer;1;1;28.0;
2026-02-23;00:00;MP2;Nat. Eingang;2899802T;Sonderfahrten;1;1;133.0;
2026-02-23;00:00;MP2;Nat. Eingang;2899806T;NV AS Transporte;4;4;567.0;
2026-02-23;00:00;MP2;Nat. Eingang;2899809T;NV Ciortan;6;13;1087.0;
2026-02-23;00:00;MP2;Nat. Eingang;2899810T;NV VP Logistik;4;22;7777.0;
2026-02-23;00:00;MP2;Nat. Eingang;2899812T;NV VP Logistik;2;2;87.0;
2026-02-23;00:00;MP2;Nat. Eingang;2899813T;NV VP Logistik;2;2;183.0;
2026-02-23;00:00;MP2;Nat. Eingang;2899815T;NV Ciortan;2;5;1974.0;
2026-02-23;00:00;MP2;Nat. Eingang;2899817T;NV Fischer;3;14;4553.0;
2026-02-23;00:00;MP2;Nat. Eingang;2899818T;NV DS Transporte;7;7;338.0;
2026-02-23;00:00;MP2;Nat. Eingang;2899819T;NV Tiroch;6;9;2716.0;
2026-02-23;00:00;MP2;Nat. Eingang;2899821T;NV Tiroch;11;50;6555.8;
2026-02-23;00:00;MP2;Nat. Eingang;2899825T;NV Fischer;2;18;14895.0;
2026-02-23;00:00;MP2;Nat. Eingang;2899827T;NV AS Transporte;10;39;8104.0;
2026-02-23;00:00;MP2;Nat. Eingang;2899859T;NV Strauss;6;14;4106.0;
2026-02-23;00:00;MP2;Nat. Eingang;2900040T;NV DS Transporte;7;7;596.0;
2026-02-23;00:00;MP2;Nat. Eingang;2902254T;WAB NV - Abholer;1;1;157.5;
2026-02-23;00:00;MP2;Nat. Eingang;2902591T;WAB NV - Abholer;18;23;4114.0;
2026-02-23;00:00;MP4;Nat. Ausgang;;;13;45;2321.1;
2026-02-23;00:00;MP4;Nat. Ausgang;2875497T;Linien International;1;1;17.0;
2026-02-23;00:00;MP4;Nat. Ausgang;2894109T;Linien Südwest;1;1;66.5;
2026-02-23;00:00;MP4;Nat. Ausgang;2896635T;Linien Süd;1;2;222.9;
2026-02-23;00:00;MP4;Nat. Ausgang;2896637T;Linien Süd;1;20;9060.0;
2026-02-23;00:00;MP4;Nat. Ausgang;2897077T;Linien Süd;3;8;1626.3;
2026-02-23;00:00;MP4;Nat. Ausgang;2897108T;Linien Süd;1;2;200.0;
2026-02-23;00:00;MP4;Nat. Ausgang;2897885T;Linien International;17;49;11226.0;
2026-02-23;00:00;MP4;Nat. Ausgang;2897887T;Linien International;23;61;20135.4;
2026-02-23;00:00;MP4;Nat. Ausgang;2897889T;Linien International;17;204;109308.6;
2026-02-23;00:00;MP4;Nat. Ausgang;2897893T;Linien International;22;56;15610.4;
2026-02-23;00:00;MP4;Nat. Ausgang;2897895T;Linien Mitte;7;153;100453.6;
2026-02-23;00:00;MP4;Nat. Ausgang;2897897T;Linien Süd;25;448;11884.9;
2026-02-23;00:00;MP4;Nat. Ausgang;2897899T;Linien Süd;10;49;11174.0;
2026-02-23;00:00;MP4;Nat. Ausgang;2897901T;Linien Süd;40;147;48139.3;
2026-02-23;00:00;MP4;Nat. Ausgang;2897905T;Linien Süd;18;246;29148.6;
2026-02-23;00:00;MP4;Nat. Ausgang;2897909T;Linien Süd;41;143;34076.1;
2026-02-23;00:00;MP4;Nat. Ausgang;2897911T;Linien Süd;5;40;14260.0;
2026-02-23;00:00;MP4;Nat. Ausgang;2897913T;Linien Südwest;59;164;37927.9;
2026-02-23;00:00;MP4;Nat. Ausgang;2897917T;Linien Ruhr;34;73;18591.7;
2026-02-23;00:00;MP4;Nat. Ausgang;2897976T;Fernverkehr AS;24;137;13887.5;
2026-02-23;00:00;MP4;Nat. Ausgang;2897980T;Fernverkehr AS;10;21;1534.0;
2026-02-23;00:00;MP4;Nat. Ausgang;2898308T;Linien Ruhr;31;116;12847.4;
2026-02-23;00:00;MP4;Nat. Ausgang;2898312T;Linien Ruhr;28;177;74126.3;
2026-02-23;00:00;MP4;Nat. Ausgang;2898316T;Linien Ruhr;42;222;20029.0;
2026-02-23;00:00;MP4;Nat. Ausgang;2898320T;Linien Mitte;47;251;31193.5;
2026-02-23;00:00;MP4;Nat. Ausgang;2898324T;Linien Mitte;27;117;16785.8;
2026-02-23;00:00;MP4;Nat. Ausgang;2898326T;Linien Ost;32;142;58718.2;
2026-02-23;00:00;MP4;Nat. Ausgang;2898330T;Linien Südwest;29;82;39014.6;
2026-02-23;00:00;MP4;Nat. Ausgang;2898334T;Linien Südwest;39;153;42025.6;
2026-02-23;00:00;MP4;Nat. Ausgang;2898338T;Linien Süd;61;205;32493.8;
2026-02-23;00:00;MP4;Nat. Ausgang;2898342T;Linien Süd;49;163;43943.1;
2026-02-23;00:00;MP4;Nat. Ausgang;2898346T;Linien Süd;31;128;34382.2;
2026-02-23;00:00;MP4;Nat. Ausgang;2898350T;Linien Ost;30;133;18538.4;
2026-02-23;00:00;MP4;Nat. Ausgang;2898356T;Linien Süd;21;65;7717.6;
2026-02-23;00:00;MP4;Nat. Ausgang;2898360T;Linien Mitte;35;123;12572.9;
2026-02-23;00:00;MP4;Nat. Ausgang;2898364T;Linien Mitte;21;140;44865.8;
2026-02-23;00:00;MP4;Nat. Ausgang;2898369T;Linien Süd;36;163;27285.7;
2026-02-23;00:00;MP4;Nat. Ausgang;2898371T;Linien Südwest;23;115;13285.8;
2026-02-23;00:00;MP4;Nat. Ausgang;2898375T;Linien International;13;235;32375.9;
2026-02-23;00:00;MP4;Nat. Ausgang;2898496T;Linien International;34;83;22488.3;
2026-02-23;00:00;MP4;Nat. Ausgang;2898498T;Linien International;6;33;9731.0;
2026-02-23;00:00;MP4;Nat. Ausgang;2898502T;Linien International;2;34;2788.0;
2026-02-23;00:00;MP4;Nat. Ausgang;2898504T;Linien International;5;19;1881.2;
2026-02-23;00:00;MP4;Nat. Ausgang;2898506T;Linien Nord;25;114;34122.8;
2026-02-23;00:00;MP4;Nat. Ausgang;2898510T;Linien Nord;8;43;4476.4;
2026-02-23;00:00;MP4;Nat. Ausgang;2898512T;Linien Süd;35;73;30795.6;
2026-02-23;00:00;MP4;Nat. Ausgang;2898516T;Linien Süd;4;19;4570.0;
2026-02-23;00:00;MP4;Nat. Ausgang;2898518T;Linien Süd;24;87;13279.2;
2026-02-23;00:00;MP4;Nat. Ausgang;2898522T;Linien Süd;6;21;9610.8;
2026-02-23;00:00;MP4;Nat. Ausgang;2898529T;Linien Mitte;33;112;29460.1;
2026-02-23;00:00;MP4;Nat. Ausgang;2898561T;Linien Nord;15;128;12601.4;
2026-02-23;00:00;MP4;Nat. Ausgang;2898565T;Linien Mitte;24;358;67612.5;
2026-02-23;00:00;MP4;Nat. Ausgang;2898569T;Linien Süd;12;77;8070.6;
2026-02-23;00:00;MP4;Nat. Ausgang;2898573T;Linien Süd;22;41;11594.6;
2026-02-23;00:00;MP4;Nat. Ausgang;2898577T;Linien Süd;6;9;1067.8;
2026-02-23;00:00;MP4;Nat. Ausgang;2898868T;Fernverkehr AS;3;11;8820.4;
2026-02-23;00:00;MP4;Nat. Ausgang;2899100T;Linien Süd;14;69;16779.3;
2026-02-23;00:00;MP4;Nat. Ausgang;2899166T;Fernverkehr AS;8;11;1278.8;
2026-02-23;00:00;MP4;Nat. Ausgang;2899512T;Linien Ruhr;7;25;7095.6;
2026-02-23;00:00;MP4;Nat. Ausgang;2899516T;Linien Ruhr;12;53;20362.7;
2026-02-23;00:00;MP4;Nat. Ausgang;2899526T;Linien Ost;3;11;4289.8;
2026-02-23;00:00;MP4;Nat. Ausgang;2899534T;Linien Südwest;10;114;26596.6;
2026-02-23;00:00;MP4;Nat. Ausgang;2899546T;Linien Süd;3;3;304.8;
2026-02-23;00:00;MP4;Nat. Ausgang;2899571T;Linien Südwest;15;36;7865.5;
2026-02-23;00:00;MP4;Nat. Ausgang;2899579T;Linien Ost;5;8;583.7;
2026-02-23;00:00;MP4;Nat. Ausgang;2899706T;Linien Nord;21;51;10650.6;
2026-02-23;00:00;MP4;Nat. Ausgang;2899712T;Linien Süd;7;15;4384.5;
2026-02-23;00:00;MP4;Nat. Ausgang;2899716T;Linien Süd;7;22;3842.0;
2026-02-23;00:00;MP4;Nat. Ausgang;2899761T;Linien Nord;15;61;20122.1;
2026-02-23;00:00;MP4;Nat. Ausgang;2899844T;Linien Ruhr;15;21;3769.3;
2026-02-23;00:00;MP4;Nat. Ausgang;2899872T;Linien Ost;27;108;51009.3;
2026-02-23;00:00;MP4;Nat. Ausgang;2899876T;Linien Ost;8;19;2412.6;
2026-02-23;00:00;MP4;Nat. Ausgang;2899999T;Linien Südwest;38;148;37645.3;
2026-02-23;00:00;MP4;Nat. Ausgang;2901105T;WAB NV - großer NV;5;26;1648.0;
2026-02-23;00:00;MP4a;Sonderausgang;2884669T;NV Yeritsyan;1;3;259.0;
2026-02-23;00:00;MP4a;Sonderausgang;2889253T;WAB NV - großer NV;1;1;190.0;
2026-02-23;00:00;MP4a;Sonderausgang;2890191T;NV Tiroch;1;1;50.0;
2026-02-23;00:00;MP4a;Sonderausgang;2890577T;WAB NV - großer NV;1;5;886.0;
2026-02-23;00:00;MP4a;Sonderausgang;2892609T;NV DS Transporte;1;4;2200.0;
2026-02-23;00:00;MP4a;Sonderausgang;2893157T;WAB NV - großer NV;1;2;725.0;
2026-02-23;00:00;MP4a;Sonderausgang;2893929T;NV Tiroch;1;2;259.0;
2026-02-23;00:00;MP4a;Sonderausgang;2895836T;NV Yeritsyan;1;1;37.0;
2026-02-23;00:00;MP4a;Sonderausgang;2896001T;NV Yeritsyan;1;1;30.0;
2026-02-23;00:00;MP4a;Sonderausgang;2896457T;NV AS Transporte;1;3;1170.0;
2026-02-23;00:00;MP4a;Sonderausgang;2897105T;NV Yeritsyan;1;2;588.0;
2026-02-23;00:00;MP4a;Sonderausgang;2897355T;NV Tiroch;1;1;275.0;
2026-02-23;00:00;MP4a;Sonderausgang;2897647T;NV DS Transporte;2;2;174.4;
2026-02-23;00:00;MP4a;Sonderausgang;2897650T;NV Fischer;2;2;684.0;
2026-02-23;00:00;MP4a;Sonderausgang;2897651T;NV Fischer;1;4;2160.0;
2026-02-23;00:00;MP4a;Sonderausgang;2897664T;NV Strauss;2;10;2106.0;
2026-02-23;00:00;MP4a;Sonderausgang;2897665T;NV DS Transporte;1;9;1188.0;
2026-02-23;00:00;MP4a;Sonderausgang;2897666T;NV DS Transporte;2;5;2302.3;
2026-02-23;00:00;MP4a;Sonderausgang;2897667T;NV AS Transporte;3;3;760.0;
2026-02-23;00:00;MP4a;Sonderausgang;2897672T;Fallback;1;1;1.0;
2026-02-23;00:00;MP4a;Sonderausgang;2897695T;NV Strauss;1;25;4030.0;
2026-02-23;00:00;MP4a;Sonderausgang;2897702T;NV Ciortan;2;2;168.9;
2026-02-23;00:00;MP4a;Sonderausgang;2897704T;NV Ciortan;1;1;83.6;
2026-02-23;00:00;MP4a;Sonderausgang;2897706T;NV Ciortan;1;1;136.0;
2026-02-23;00:00;MP4a;Sonderausgang;2897710T;NV AS Transporte;1;1;547.0;
2026-02-23;00:00;MP4a;Sonderausgang;2897718T;NV AS Transporte;4;4;1201.0;
2026-02-23;00:00;MP4a;Sonderausgang;2897720T;NV AS Transporte;5;8;2223.8;
2026-02-23;00:00;MP4a;Sonderausgang;2897722T;NV AS Transporte;1;1;500.0;
2026-02-23;00:00;MP4a;Sonderausgang;2897725T;NV Tiroch;1;1;132.0;
2026-02-23;00:00;MP4a;Sonderausgang;2897726T;NV Tiroch;4;10;2734.0;
2026-02-23;00:00;MP4a;Sonderausgang;2897728T;NV Tiroch;1;1;120.0;
2026-02-23;00:00;MP4a;Sonderausgang;2897729T;NV Tiroch;21;43;940.0;
2026-02-23;00:00;MP4a;Sonderausgang;2897732T;NV Tiroch;1;1;7.0;
2026-02-23;00:00;MP4a;Sonderausgang;2897737T;NV AS Transporte;2;2;352.0;
2026-02-23;00:00;MP4a;Sonderausgang;2897751T;NV Alexandru;3;3;764.0;
2026-02-23;00:00;MP4a;Sonderausgang;2897753T;NV Strauss;2;17;3690.0;
2026-02-23;00:00;MP4a;Sonderausgang;2897754T;NV Strauss;1;1;100.0;
2026-02-23;00:00;MP4a;Sonderausgang;2897761T;NV Ciortan;1;1;88.0;
2026-02-23;00:00;MP4a;Sonderausgang;2897765T;NV Bogos Transporte;3;6;1945.0;
2026-02-23;00:00;MP4a;Sonderausgang;2897768T;NV VP Logistik;2;2;335.0;
2026-02-23;00:00;MP4a;Sonderausgang;2897769T;NV VP Logistik;2;2;1226.0;
2026-02-23;00:00;MP4a;Sonderausgang;2897775T;NV Tuncay;2;10;1615.0;
2026-02-23;00:00;MP4a;Sonderausgang;2897777T;NV Tuncay;1;1;177.0;
2026-02-23;00:00;MP4a;Sonderausgang;2897778T;NV Guth;1;1;265.0;
2026-02-23;00:00;MP4a;Sonderausgang;2897780T;NV Guth;1;4;216.0;
2026-02-23;00:00;MP4a;Sonderausgang;2897781T;NV VP Logistik;1;1;197.0;
2026-02-23;00:00;MP4a;Sonderausgang;2897782T;Sonderfahrten;1;9;1629.0;
2026-02-23;00:00;MP4a;Sonderausgang;2897980T;Fernverkehr AS;1;1352;455260.0;
2026-02-23;00:00;MP4a;Sonderausgang;2898016T;NV AS Transporte;3;3;352.7;
2026-02-23;00:00;MP4a;Sonderausgang;2898018T;NV AS Transporte;1;1;40.0;
2026-02-23;00:00;MP4a;Sonderausgang;2898020T;NV Ciortan;1;1;151.0;
2026-02-23;00:00;MP4a;Sonderausgang;2898022T;NV Ciortan;4;28;3013.9;
2026-02-23;00:00;MP4a;Sonderausgang;2898025T;WAB NV - großer NV;1;16;9732.0;
2026-02-23;00:00;MP4a;Sonderausgang;2898089T;WAB NV - großer NV;2;2;200.0;
2026-02-23;00:00;MP4a;Sonderausgang;2898129T;WAB NV - großer NV;4;133;28480.3;
2026-02-23;00:00;MP4a;Sonderausgang;2898153T;WAB NV - großer NV;3;6;3639.0;
2026-02-23;00:00;MP4a;Sonderausgang;2898163T;WAB NV - großer NV;2;82;13436.0;
2026-02-23;00:00;MP4a;Sonderausgang;2898173T;WAB NV - großer NV;3;21;3113.0;
2026-02-23;00:00;MP4a;Sonderausgang;2898183T;WAB NV - großer NV;1;9;1899.0;
2026-02-23;00:00;MP4a;Sonderausgang;2898195T;WAB NV - großer NV;1;144;27900.0;
2026-02-23;00:00;MP4a;Sonderausgang;2898213T;WAB NV - großer NV;4;109;17681.6;
2026-02-23;00:00;MP4a;Sonderausgang;2898257T;WAB NV - großer NV;2;2;419.0;
2026-02-23;00:00;MP4a;Sonderausgang;2898354T;NV Ciortan;1;1;40.0;
2026-02-23;00:00;MP4a;Sonderausgang;2898366T;NV Yeritsyan;1;1;410.0;
2026-02-23;00:00;MP4a;Sonderausgang;2898368T;NV Yeritsyan;1;9;3870.0;
2026-02-23;00:00;MP4a;Sonderausgang;2898393T;WAB NV - großer NV;3;42;14342.0;
2026-02-23;00:00;MP4a;Sonderausgang;2898418T;WAB NV - großer NV;6;9;1987.0;
2026-02-23;00:00;MP4a;Sonderausgang;2898524T;NV AS Transporte;1;9;1458.0;
2026-02-23;00:00;MP4a;Sonderausgang;2898533T;NV Yeritsyan;1;1;246.0;
2026-02-23;00:00;MP4a;Sonderausgang;2898534T;NV Yeritsyan;1;1;241.0;
2026-02-23;00:00;MP4a;Sonderausgang;2898538T;NV LT Trans;1;4;976.0;
2026-02-23;00:00;MP4a;Sonderausgang;2898540T;Sonderfahrten;1;9;3756.0;
2026-02-23;00:00;MP4a;Sonderausgang;2898545T;NV Silagi;1;9;3594.0;
2026-02-23;00:00;MP4a;Sonderausgang;2898546T;NV Silagi;3;6;860.0;
2026-02-23;00:00;MP4a;Sonderausgang;2898601T;NV Silagi;3;3;253.8;
2026-02-23;00:00;MP4a;Sonderausgang;2898602T;Sonderfahrten;1;1;782.0;
2026-02-23;00:00;MP4a;Sonderausgang;2898850T;NV Fischer;1;1;100.9;
2026-02-23;00:00;MP4a;Sonderausgang;2899309T;WAB NV - großer NV;2;3;208.0;
2026-02-23;00:00;MP4a;Sonderausgang;2899745T;NV Silagi;1;1;74.2;
2026-02-23;00:00;MP4a;Sonderausgang;2899804T;WAB NV - erweitert;1;16;5136.0;
2026-02-23;00:00;MP4a;Sonderausgang;2899806T;NV AS Transporte;2;5;964.0;
2026-02-23;00:00;MP4a;Sonderausgang;2899809T;NV Ciortan;1;1;83.4;
2026-02-23;00:00;MP4a;Sonderausgang;2899812T;NV VP Logistik;1;1;162.0;
2026-02-23;00:00;MP4a;Sonderausgang;2899813T;NV VP Logistik;1;1;296.0;
2026-02-23;00:00;MP4a;Sonderausgang;2899815T;NV Ciortan;1;1;510.0;
2026-02-23;00:00;MP4a;Sonderausgang;2899817T;NV Fischer;1;9;1965.0;
2026-02-23;00:00;MP4a;Sonderausgang;2899819T;NV Tiroch;2;2;592.0;
2026-02-23;00:00;MP4a;Sonderausgang;2899820T;NV Tiroch;1;1;50.0;
2026-02-23;00:00;MP4a;Sonderausgang;2899821T;NV Tiroch;1;4;1758.0;
2026-02-23;00:00;MP4a;Sonderausgang;2899822T;NV Tiroch;1;2;250.0;
2026-02-23;00:00;MP4a;Sonderausgang;2899841T;Direkt ab Gersthofen;1;400;155900.0;
2026-02-23;00:00;MP4a;Sonderausgang;2899918T;WAB NV - großer NV;3;14;4653.0;
2026-02-23;00:00;MP4a;Sonderausgang;2899964T;WAB NV - großer NV;2;17;10848.0;
2026-02-23;00:00;MP4a;Sonderausgang;2900617T;WAB NV - großer NV;1;36;7212.7;
2026-02-23;00:00;MP4a;Sonderausgang;2901221T;WAB NV - großer NV;1;16;2448.0;
2026-02-23;00:00;MP5;SE Entladung FV;;;1824;8949;1919997.1;
2026-02-23;00:00;MP7;SA Verladung FV;2892362T;NV Ciortan;2;14;1084.0;
2026-02-23;00:00;MP7;SA Verladung FV;2894815T;NV Ciortan;1;8;219.0;
2026-02-23;00:00;MP7;SA Verladung FV;2897646T;NV DS Transporte;9;44;8335.0;
2026-02-23;00:00;MP7;SA Verladung FV;2897647T;NV DS Transporte;5;5;620.0;
2026-02-23;00:00;MP7;SA Verladung FV;2897648T;NV Fischer;12;50;7924.0;
2026-02-23;00:00;MP7;SA Verladung FV;2897649T;NV Fischer;13;51;5652.0;
2026-02-23;00:00;MP7;SA Verladung FV;2897650T;NV Fischer;15;81;6605.0;
2026-02-23;00:00;MP7;SA Verladung FV;2897651T;NV Fischer;8;38;9359.0;
2026-02-23;00:00;MP7;SA Verladung FV;2897652T;NV Fischer;16;25;2368.6;
2026-02-23;00:00;MP7;SA Verladung FV;2897653T;NV DS Transporte;6;14;1568.0;
2026-02-23;00:00;MP7;SA Verladung FV;2897654T;NV DS Transporte;8;14;1405.0;
2026-02-23;00:00;MP7;SA Verladung FV;2897659T;NV Strauss;12;12;555.0;
2026-02-23;00:00;MP7;SA Verladung FV;2897660T;NV Strauss;7;7;205.2;
2026-02-23;00:00;MP7;SA Verladung FV;2897663T;NV Strauss;11;51;4174.4;
2026-02-23;00:00;MP7;SA Verladung FV;2897664T;NV Strauss;5;26;5790.0;
2026-02-23;00:00;MP7;SA Verladung FV;2897665T;NV DS Transporte;8;40;6828.0;
2026-02-23;00:00;MP7;SA Verladung FV;2897666T;NV DS Transporte;9;68;3416.0;
2026-02-23;00:00;MP7;SA Verladung FV;2897667T;NV AS Transporte;10;19;3938.0;
2026-02-23;00:00;MP7;SA Verladung FV;2897671T;NV Fischer;5;11;2645.0;
2026-02-23;00:00;MP7;SA Verladung FV;2897674T;Fallback;1;1;1.0;
2026-02-23;00:00;MP7;SA Verladung FV;2897693T;NV DS Transporte;11;41;7120.0;
2026-02-23;00:00;MP7;SA Verladung FV;2897694T;NV DS Transporte;9;37;5084.9;
2026-02-23;00:00;MP7;SA Verladung FV;2897695T;NV Strauss;8;22;2056.0;
2026-02-23;00:00;MP7;SA Verladung FV;2897696T;NV Strauss;6;30;7841.0;
2026-02-23;00:00;MP7;SA Verladung FV;2897697T;NV DS Transporte;12;12;862.0;
2026-02-23;00:00;MP7;SA Verladung FV;2897698T;NV DS Transporte;6;44;6635.0;
2026-02-23;00:00;MP7;SA Verladung FV;2897699T;NV DS Transporte;10;28;6678.0;
2026-02-23;00:00;MP7;SA Verladung FV;2897700T;NV DS Transporte;10;84;8394.0;
2026-02-23;00:00;MP7;SA Verladung FV;2897701T;NV DS Transporte;8;45;6498.0;
2026-02-23;00:00;MP7;SA Verladung FV;2897702T;NV Ciortan;9;12;939.0;
2026-02-23;00:00;MP7;SA Verladung FV;2897703T;NV DS Transporte;9;28;1141.0;
2026-02-23;00:00;MP7;SA Verladung FV;2897704T;NV Ciortan;15;24;2437.0;
2026-02-23;00:00;MP7;SA Verladung FV;2897706T;NV Ciortan;15;129;16236.0;
2026-02-23;00:00;MP7;SA Verladung FV;2897707T;NV Ciortan;10;11;525.1;
2026-02-23;00:00;MP7;SA Verladung FV;2897708T;NV AS Transporte;15;42;8303.2;
2026-02-23;00:00;MP7;SA Verladung FV;2897709T;NV AS Transporte;16;38;3200.5;
2026-02-23;00:00;MP7;SA Verladung FV;2897710T;NV AS Transporte;12;33;6729.9;
2026-02-23;00:00;MP7;SA Verladung FV;2897713T;NV DS Transporte;8;84;7069.0;
2026-02-23;00:00;MP7;SA Verladung FV;2897714T;NV DS Transporte;9;32;8499.0;
2026-02-23;00:00;MP7;SA Verladung FV;2897715T;NV DS Transporte;7;22;1247.0;
2026-02-23;00:00;MP7;SA Verladung FV;2897718T;NV AS Transporte;10;16;3452.0;
2026-02-23;00:00;MP7;SA Verladung FV;2897720T;NV AS Transporte;7;153;8221.1;
2026-02-23;00:00;MP7;SA Verladung FV;2897722T;NV AS Transporte;16;24;4326.0;
2026-02-23;00:00;MP7;SA Verladung FV;2897725T;NV Tiroch;15;57;5209.0;
2026-02-23;00:00;MP7;SA Verladung FV;2897726T;NV Tiroch;6;94;3786.5;
2026-02-23;00:00;MP7;SA Verladung FV;2897727T;NV Tiroch;8;86;12009.0;
2026-02-23;00:00;MP7;SA Verladung FV;2897728T;NV Tiroch;12;24;3019.0;
2026-02-23;00:00;MP7;SA Verladung FV;2897729T;NV Tiroch;2;41;2931.0;
2026-02-23;00:00;MP7;SA Verladung FV;2897732T;NV Tiroch;12;87;5995.0;
2026-02-23;00:00;MP7;SA Verladung FV;2897736T;NV AS Transporte;6;6;770.9;
2026-02-23;00:00;MP7;SA Verladung FV;2897737T;NV AS Transporte;15;21;5101.0;
2026-02-23;00:00;MP7;SA Verladung FV;2897741T;DM AS-Transport;11;47;12166.0;
2026-02-23;00:00;MP7;SA Verladung FV;2897751T;NV Alexandru;13;32;2265.0;
2026-02-23;00:00;MP7;SA Verladung FV;2897753T;NV Strauss;7;21;1397.0;
2026-02-23;00:00;MP7;SA Verladung FV;2897754T;NV Strauss;9;12;2480.0;
2026-02-23;00:00;MP7;SA Verladung FV;2897755T;Sonderfahrten;11;20;685.0;
2026-02-23;00:00;MP7;SA Verladung FV;2897757T;DM AS-Transport;7;23;9594.0;
2026-02-23;00:00;MP7;SA Verladung FV;2897758T;DM AS-Transport;9;26;9833.0;
2026-02-23;00:00;MP7;SA Verladung FV;2897759T;DM AS-Transport;8;19;5866.0;
2026-02-23;00:00;MP7;SA Verladung FV;2897760T;DM AS-Transport;11;40;15438.0;
2026-02-23;00:00;MP7;SA Verladung FV;2897761T;NV Ciortan;10;10;618.0;
2026-02-23;00:00;MP7;SA Verladung FV;2897763T;NV Bogos Transporte;19;28;2477.0;
2026-02-23;00:00;MP7;SA Verladung FV;2897765T;NV Bogos Transporte;11;54;4441.0;
2026-02-23;00:00;MP7;SA Verladung FV;2897767T;NV Bogos Transporte;18;35;6586.2;
2026-02-23;00:00;MP7;SA Verladung FV;2897768T;NV VP Logistik;13;34;2182.0;
2026-02-23;00:00;MP7;SA Verladung FV;2897769T;NV VP Logistik;13;70;7545.0;
2026-02-23;00:00;MP7;SA Verladung FV;2897772T;NV VP Logistik;9;15;1865.0;
2026-02-23;00:00;MP7;SA Verladung FV;2897775T;NV Tuncay;9;20;3535.0;
2026-02-23;00:00;MP7;SA Verladung FV;2897776T;NV Tuncay;15;27;3866.0;
2026-02-23;00:00;MP7;SA Verladung FV;2897777T;NV Tuncay;11;20;4001.0;
2026-02-23;00:00;MP7;SA Verladung FV;2897778T;NV Guth;10;96;12231.0;
2026-02-23;00:00;MP7;SA Verladung FV;2897779T;NV Guth;10;394;19202.0;
2026-02-23;00:00;MP7;SA Verladung FV;2897780T;NV Guth;16;75;4257.0;
2026-02-23;00:00;MP7;SA Verladung FV;2897781T;NV VP Logistik;15;24;5331.0;
2026-02-23;00:00;MP7;SA Verladung FV;2897782T;Sonderfahrten;3;6;2009.0;
2026-02-23;00:00;MP7;SA Verladung FV;2897783T;NV Silagi;11;14;1317.0;
2026-02-23;00:00;MP7;SA Verladung FV;2897944T;DM AS-Transport;22;146;29161.0;
2026-02-23;00:00;MP7;SA Verladung FV;2897946T;DM AS-Transport;12;34;10711.0;
2026-02-23;00:00;MP7;SA Verladung FV;2897948T;DM AS-Transport;17;34;11043.0;
2026-02-23;00:00;MP7;SA Verladung FV;2897950T;DM AS-Transport;20;35;11325.0;
2026-02-23;00:00;MP7;SA Verladung FV;2897952T;DM AS-Transport;21;201;38743.0;
2026-02-23;00:00;MP7;SA Verladung FV;2897954T;DM AS-Transport;20;40;13046.0;
2026-02-23;00:00;MP7;SA Verladung FV;2897956T;DM AS-Transport;20;67;20432.0;
2026-02-23;00:00;MP7;SA Verladung FV;2897958T;DM AS-Transport;6;14;4703.0;
2026-02-23;00:00;MP7;SA Verladung FV;2897960T;DM AS-Transport;18;60;20779.0;
2026-02-23;00:00;MP7;SA Verladung FV;2898015T;WAB NV - großer NV;6;29;12265.0;
2026-02-23;00:00;MP7;SA Verladung FV;2898016T;NV AS Transporte;17;69;15979.0;
2026-02-23;00:00;MP7;SA Verladung FV;2898018T;NV AS Transporte;18;63;12748.5;
2026-02-23;00:00;MP7;SA Verladung FV;2898020T;NV Ciortan;25;55;15079.1;
2026-02-23;00:00;MP7;SA Verladung FV;2898022T;NV Ciortan;16;115;11583.0;
2026-02-23;00:00;MP7;SA Verladung FV;2898025T;WAB NV - großer NV;5;83;28783.0;
2026-02-23;00:00;MP7;SA Verladung FV;2898057T;WAB NV - großer NV;11;76;20802.0;
2026-02-23;00:00;MP7;SA Verladung FV;2898067T;WAB NV - großer NV;9;23;7443.0;
2026-02-23;00:00;MP7;SA Verladung FV;2898079T;WAB NV - großer NV;24;93;40197.0;
2026-02-23;00:00;MP7;SA Verladung FV;2898089T;WAB NV - großer NV;10;94;69478.0;
2026-02-23;00:00;MP7;SA Verladung FV;2898115T;WAB NV - großer NV;10;198;50107.0;
2026-02-23;00:00;MP7;SA Verladung FV;2898129T;WAB NV - großer NV;5;13;6315.0;
2026-02-23;00:00;MP7;SA Verladung FV;2898143T;WAB NV - großer NV;1;64;36408.0;
2026-02-23;00:00;MP7;SA Verladung FV;2898153T;WAB NV - großer NV;17;41;6795.1;
2026-02-23;00:00;MP7;SA Verladung FV;2898163T;WAB NV - großer NV;2;50;23089.0;
2026-02-23;00:00;MP7;SA Verladung FV;2898173T;WAB NV - großer NV;13;98;26641.0;
2026-02-23;00:00;MP7;SA Verladung FV;2898183T;WAB NV - großer NV;4;105;39557.0;
2026-02-23;00:00;MP7;SA Verladung FV;2898195T;WAB NV - großer NV;5;210;31615.0;
2026-02-23;00:00;MP7;SA Verladung FV;2898213T;WAB NV - großer NV;13;72;11209.0;
2026-02-23;00:00;MP7;SA Verladung FV;2898217T;WAB NV - großer NV;3;77;23060.0;
2026-02-23;00:00;MP7;SA Verladung FV;2898241T;WAB NV - großer NV;7;85;31171.7;
2026-02-23;00:00;MP7;SA Verladung FV;2898257T;WAB NV - großer NV;11;71;30690.7;
2026-02-23;00:00;MP7;SA Verladung FV;2898267T;WAB NV - großer NV;16;220;41746.0;
2026-02-23;00:00;MP7;SA Verladung FV;2898287T;WAB NV - großer NV;7;16;8433.0;
2026-02-23;00:00;MP7;SA Verladung FV;2898297T;WAB NV - großer NV;5;124;42903.2;
2026-02-23;00:00;MP7;SA Verladung FV;2898307T;Sonderfahrten;7;10;1143.0;
2026-02-23;00:00;MP7;SA Verladung FV;2898354T;NV Ciortan;13;19;3433.2;
2026-02-23;00:00;MP7;SA Verladung FV;2898366T;NV Yeritsyan;14;55;3757.2;
2026-02-23;00:00;MP7;SA Verladung FV;2898368T;NV Yeritsyan;11;38;6011.3;
2026-02-23;00:00;MP7;SA Verladung FV;2898393T;WAB NV - großer NV;4;13;4572.0;
2026-02-23;00:00;MP7;SA Verladung FV;2898487T;WAB NV - großer NV;12;76;29759.0;
2026-02-23;00:00;MP7;SA Verladung FV;2898524T;NV AS Transporte;13;30;2933.0;
2026-02-23;00:00;MP7;SA Verladung FV;2898526T;NV Yeritsyan;10;21;4552.0;
2026-02-23;00:00;MP7;SA Verladung FV;2898527T;Sonderfahrten;5;8;888.0;
2026-02-23;00:00;MP7;SA Verladung FV;2898528T;NV VP Logistik;3;51;1558.0;
2026-02-23;00:00;MP7;SA Verladung FV;2898533T;NV Yeritsyan;15;29;4384.9;
2026-02-23;00:00;MP7;SA Verladung FV;2898534T;NV Yeritsyan;14;68;3987.1;
2026-02-23;00:00;MP7;SA Verladung FV;2898538T;NV LT Trans;9;24;3100.9;
2026-02-23;00:00;MP7;SA Verladung FV;2898539T;NV LT Trans;9;53;8026.0;
2026-02-23;00:00;MP7;SA Verladung FV;2898540T;Sonderfahrten;3;66;12516.0;
2026-02-23;00:00;MP7;SA Verladung FV;2898541T;NV LT Trans;16;30;4434.5;
2026-02-23;00:00;MP7;SA Verladung FV;2898543T;NV LT Trans;17;28;5171.5;
2026-02-23;00:00;MP7;SA Verladung FV;2898545T;NV Silagi;15;29;5163.0;
2026-02-23;00:00;MP7;SA Verladung FV;2898546T;NV Silagi;16;118;5339.0;
2026-02-23;00:00;MP7;SA Verladung FV;2898547T;Sonderfahrten;13;24;668.0;
2026-02-23;00:00;MP7;SA Verladung FV;2898590T;WAB NV - großer NV;3;26;1849.0;
2026-02-23;00:00;MP7;SA Verladung FV;2898600T;NV Silagi;14;38;6878.0;
2026-02-23;00:00;MP7;SA Verladung FV;2898601T;NV Silagi;16;19;2562.0;
2026-02-23;00:00;MP7;SA Verladung FV;2898602T;Sonderfahrten;5;26;6835.0;
2026-02-23;00:00;MP7;SA Verladung FV;2898854T;NV Strauss;1;4;666.0;
2026-02-23;00:00;MP7;SA Verladung FV;2898864T;NV DS Transporte;1;1;250.0;
2026-02-23;00:00;MP7;SA Verladung FV;2898895T;NV DS Transporte;1;1;60.0;
2026-02-23;00:00;MP7;SA Verladung FV;2898907T;NV AS Transporte;1;1;162.0;
2026-02-23;00:00;MP7;SA Verladung FV;2898925T;NV Tiroch;1;1;285.6;
2026-02-23;00:00;MP7;SA Verladung FV;2898961T;NV Bogos Transporte;1;1;23.0;
2026-02-23;00:00;MP7;SA Verladung FV;2898966T;NV VP Logistik;1;1;30.0;
2026-02-23;00:00;MP7;SA Verladung FV;2899235T;WAB NV - großer NV;10;42;9146.6;
2026-02-23;00:00;MP7;SA Verladung FV;2899267T;WAB NV - großer NV;1;25;10075.0;
2026-02-23;00:00;MP7;SA Verladung FV;2899279T;WAB NV - großer NV;1;4;1866.0;
2026-02-23;00:00;MP7;SA Verladung FV;2899329T;WAB NV - großer NV;2;13;2450.5;
2026-02-23;00:00;MP7;SA Verladung FV;2899415T;WAB NV - großer NV;7;19;7648.0;
2026-02-23;00:00;MP7;SA Verladung FV;2899593T;WAB NV - großer NV;1;1;32.0;
2026-02-23;00:00;MP7;SA Verladung FV;2899724T;NV AS Transporte;1;1;130.0;
2026-02-23;00:00;MP7;SA Verladung FV;2899727T;Sonderfahrten;1;1;74.0;
2026-02-23;00:00;MP7;SA Verladung FV;2899738T;NV LT Trans;1;1;96.0;
2026-02-23;00:00;MP7;SA Verladung FV;2899739T;NV LT Trans;1;1;45.0;
2026-02-23;00:00;MP7;SA Verladung FV;2899804T;WAB NV - erweitert;4;22;4516.0;
2026-02-23;00:00;MP7;SA Verladung FV;2899806T;NV AS Transporte;14;17;6144.0;
2026-02-23;00:00;MP7;SA Verladung FV;2899807T;WAB NV - großer NV;13;154;30107.0;
2026-02-23;00:00;MP7;SA Verladung FV;2899809T;NV Ciortan;16;111;9241.1;
2026-02-23;00:00;MP7;SA Verladung FV;2899810T;NV VP Logistik;3;19;3020.0;
2026-02-23;00:00;MP7;SA Verladung FV;2899812T;NV VP Logistik;4;4;389.0;
2026-02-23;00:00;MP7;SA Verladung FV;2899813T;NV VP Logistik;1;4;500.0;
2026-02-23;00:00;MP7;SA Verladung FV;2899814T;NV VP Logistik;3;22;2257.0;
2026-02-23;00:00;MP7;SA Verladung FV;2899815T;NV Ciortan;10;44;7304.2;
2026-02-23;00:00;MP7;SA Verladung FV;2899817T;NV Fischer;7;87;7141.5;
2026-02-23;00:00;MP7;SA Verladung FV;2899818T;NV DS Transporte;9;23;1175.0;
2026-02-23;00:00;MP7;SA Verladung FV;2899819T;NV Tiroch;6;25;10728.0;
2026-02-23;00:00;MP7;SA Verladung FV;2899820T;NV Tiroch;3;12;1143.4;
2026-02-23;00:00;MP7;SA Verladung FV;2899821T;NV Tiroch;4;63;6838.0;
2026-02-23;00:00;MP7;SA Verladung FV;2899822T;NV Tiroch;11;26;1541.0;
2026-02-23;00:00;MP7;SA Verladung FV;2899825T;NV Fischer;1;25;4900.0;
2026-02-23;00:00;MP7;SA Verladung FV;2899827T;NV AS Transporte;4;14;9057.0;
2026-02-23;00:00;MP7;SA Verladung FV;2899859T;NV Strauss;9;42;7676.0;
2026-02-23;00:00;MP7;SA Verladung FV;2899918T;WAB NV - großer NV;7;19;5605.0;
2026-02-23;00:00;MP7;SA Verladung FV;2899922T;WAB NV - großer NV;10;90;17251.0;
2026-02-23;00:00;MP7;SA Verladung FV;2899928T;NV VP Logistik;1;1;306.0;
2026-02-23;00:00;MP7;SA Verladung FV;2899939T;Sonderfahrten;1;1;215.0;
2026-02-23;00:00;MP7;SA Verladung FV;2899943T;Sonderfahrten;3;3;525.5;
2026-02-23;00:00;MP7;SA Verladung FV;2899964T;WAB NV - großer NV;5;35;27532.0;
2026-02-23;00:00;MP7;SA Verladung FV;2900527T;WAB NV - großer NV;2;13;2489.0;
2026-02-23;00:00;MP7;SA Verladung FV;2900537T;WAB NV - großer NV;1;4;380.0;
2026-02-23;00:00;MP7;SA Verladung FV;2900617T;WAB NV - großer NV;2;8;1829.2;
2026-02-23;00:00;MP7;SA Verladung FV;2900645T;WAB NV - großer NV;8;22;849.0;
2026-02-23;00:00;MP7;SA Verladung FV;2901105T;WAB NV - großer NV;2;5;344.0;
2026-02-23;00:00;MP7;SA Verladung FV;2901123T;WAB NV - großer NV;1;36;7284.0;
2026-02-23;00:00;MP7;SA Verladung FV;2901221T;WAB NV - großer NV;3;25;9802.0;
2026-02-23;00:00;MP7;SA Verladung FV;2901353T;WAB NV - großer NV;1;2;200.0;
2026-02-23;00:00;MP7;SA Verladung FV;2902392T;NV VP Logistik;1;1;43.0;
2026-02-23;00:00;MP7;SA Verladung FV;2902421T;WAB NV - großer NV;5;296;50064.0;
2026-02-23;00:00;MP7;SA Verladung FV;2905111T;NV Ciortan;1;1;30.0;
2026-02-23;00:00;MP9a;Sonderscan;;;15;18;1922.7;
2026-02-23;00:00;MP9b;NV Eingang;;;478;1573;220362.3;
2026-02-24;00:00;MP2;Nat. Eingang;;;22;511;39666.1;
2026-02-24;00:00;MP2;Nat. Eingang;2881098T;Fernverkehr AS;19;67;2954.0;
2026-02-24;00:00;MP2;Nat. Eingang;2887813T;Fernverkehr AS;21;62;17673.0;
2026-02-24;00:00;MP2;Nat. Eingang;2897982T;Hofmanagement;5;197;69628.8;
2026-02-24;00:00;MP2;Nat. Eingang;2898394T;WAB NV - Abholer;1;1;27.0;
2026-02-24;00:00;MP2;Nat. Eingang;2898464T;WAB NV - Abholer;1;5;2078.9;
2026-02-24;00:00;MP2;Nat. Eingang;2898847T;NV Fischer;11;29;1861.0;
2026-02-24;00:00;MP2;Nat. Eingang;2898848T;NV Fischer;1;1;150.0;
2026-02-24;00:00;MP2;Nat. Eingang;2898849T;NV Fischer;2;45;5169.0;
2026-02-24;00:00;MP2;Nat. Eingang;2898850T;NV Fischer;10;49;10658.0;
2026-02-24;00:00;MP2;Nat. Eingang;2898851T;NV Fischer;10;48;21101.0;
2026-02-24;00:00;MP2;Nat. Eingang;2898852T;NV DS Transporte;10;69;14731.0;
2026-02-24;00:00;MP2;Nat. Eingang;2898854T;NV Strauss;3;126;31968.0;
2026-02-24;00:00;MP2;Nat. Eingang;2898859T;NV Strauss;1;1;18.0;
2026-02-24;00:00;MP2;Nat. Eingang;2898862T;NV Strauss;1;16;7540.0;
2026-02-24;00:00;MP2;Nat. Eingang;2898863T;NV Strauss;3;69;17455.0;
2026-02-24;00:00;MP2;Nat. Eingang;2898865T;NV DS Transporte;8;18;3969.3;
2026-02-24;00:00;MP2;Nat. Eingang;2898866T;NV AS Transporte;1;1;20.0;
2026-02-24;00:00;MP2;Nat. Eingang;2898891T;NV DS Transporte;1;25;7850.0;
2026-02-24;00:00;MP2;Nat. Eingang;2898892T;NV DS Transporte;3;11;8350.0;
2026-02-24;00:00;MP2;Nat. Eingang;2898894T;NV Strauss;3;4;830.0;
2026-02-24;00:00;MP2;Nat. Eingang;2898895T;NV DS Transporte;1;1;63.0;
2026-02-24;00:00;MP2;Nat. Eingang;2898897T;NV DS Transporte;11;25;4789.0;
2026-02-24;00:00;MP2;Nat. Eingang;2898901T;NV DS Transporte;1;1;100.0;
2026-02-24;00:00;MP2;Nat. Eingang;2898902T;NV Ciortan;6;20;3647.0;
2026-02-24;00:00;MP2;Nat. Eingang;2898904T;NV Ciortan;7;87;3215.0;
2026-02-24;00:00;MP2;Nat. Eingang;2898906T;NV AS Transporte;17;402;47145.0;
2026-02-24;00:00;MP2;Nat. Eingang;2898907T;NV AS Transporte;9;81;1765.0;
2026-02-24;00:00;MP2;Nat. Eingang;2898908T;NV AS Transporte;6;6;962.0;
2026-02-24;00:00;MP2;Nat. Eingang;2898911T;NV DS Transporte;6;48;8204.0;
2026-02-24;00:00;MP2;Nat. Eingang;2898913T;NV DS Transporte;5;40;2526.0;
2026-02-24;00:00;MP2;Nat. Eingang;2898916T;NV AS Transporte;5;5;1249.0;
2026-02-24;00:00;MP2;Nat. Eingang;2898918T;NV AS Transporte;4;60;1653.0;
2026-02-24;00:00;MP2;Nat. Eingang;2898920T;NV AS Transporte;3;6;1340.0;
2026-02-24;00:00;MP2;Nat. Eingang;2898923T;NV Tiroch;9;9;770.0;
2026-02-24;00:00;MP2;Nat. Eingang;2898924T;NV Tiroch;3;33;5026.0;
2026-02-24;00:00;MP2;Nat. Eingang;2898925T;NV Tiroch;4;7;704.8;
2026-02-24;00:00;MP2;Nat. Eingang;2898926T;NV Tiroch;4;4;323.0;
2026-02-24;00:00;MP2;Nat. Eingang;2898929T;NV Tiroch;10;13;1961.0;
2026-02-24;00:00;MP2;Nat. Eingang;2898930T;NV Tiroch;13;54;4650.6;
2026-02-24;00:00;MP2;Nat. Eingang;2898935T;NV AS Transporte;6;15;5723.0;
2026-02-24;00:00;MP2;Nat. Eingang;2898949T;NV Alexandru;6;16;5796.0;
2026-02-24;00:00;MP2;Nat. Eingang;2898952T;NV Strauss;1;1;148.0;
2026-02-24;00:00;MP2;Nat. Eingang;2898961T;NV Bogos Transporte;6;6;902.2;
2026-02-24;00:00;MP2;Nat. Eingang;2898963T;NV Bogos Transporte;6;6;356.0;
2026-02-24;00:00;MP2;Nat. Eingang;2898965T;NV Bogos Transporte;12;53;7282.0;
2026-02-24;00:00;MP2;Nat. Eingang;2898966T;NV VP Logistik;2;2;116.0;
2026-02-24;00:00;MP2;Nat. Eingang;2898967T;NV VP Logistik;4;10;458.0;
2026-02-24;00:00;MP2;Nat. Eingang;2898970T;NV VP Logistik;1;1;444.0;
2026-02-24;00:00;MP2;Nat. Eingang;2898974T;NV Tuncay;4;32;7140.0;
2026-02-24;00:00;MP2;Nat. Eingang;2898975T;NV Tuncay;3;6;307.0;
2026-02-24;00:00;MP2;Nat. Eingang;2898976T;NV Guth;7;15;3127.0;
2026-02-24;00:00;MP2;Nat. Eingang;2898979T;NV VP Logistik;2;13;1130.0;
2026-02-24;00:00;MP2;Nat. Eingang;2898981T;NV Silagi;2;2;95.0;
2026-02-24;00:00;MP2;Nat. Eingang;2899180T;Hofmanagement;39;159;30487.0;
2026-02-24;00:00;MP2;Nat. Eingang;2899214T;NV AS Transporte;3;3;352.0;
2026-02-24;00:00;MP2;Nat. Eingang;2899216T;NV AS Transporte;35;122;31517.0;
2026-02-24;00:00;MP2;Nat. Eingang;2899218T;NV Ciortan;3;9;812.0;
2026-02-24;00:00;MP2;Nat. Eingang;2899220T;NV Ciortan;11;92;20909.0;
2026-02-24;00:00;MP2;Nat. Eingang;2899222T;NV AS Transporte;3;6;200.0;
2026-02-24;00:00;MP2;Nat. Eingang;2899227T;WAB NV - Abholer;9;83;22688.0;
2026-02-24;00:00;MP2;Nat. Eingang;2899237T;WAB NV - Abholer;11;14;598.0;
2026-02-24;00:00;MP2;Nat. Eingang;2899249T;WAB NV - Abholer;7;62;13310.0;
2026-02-24;00:00;MP2;Nat. Eingang;2899269T;WAB NV - Abholer;22;120;51427.0;
2026-02-24;00:00;MP2;Nat. Eingang;2899281T;WAB NV - Abholer;20;47;19463.3;
2026-02-24;00:00;MP2;Nat. Eingang;2899291T;WAB NV - Abholer;16;19;6442.0;
2026-02-24;00:00;MP2;Nat. Eingang;2899295T;WAB NV - Abholer;2;5;708.2;
2026-02-24;00:00;MP2;Nat. Eingang;2899301T;WAB NV - Abholer;22;35;7730.5;
2026-02-24;00:00;MP2;Nat. Eingang;2899311T;WAB NV - Abholer;29;32;8921.0;
2026-02-24;00:00;MP2;Nat. Eingang;2899317T;WAB NV - Abholer;15;30;4500.0;
2026-02-24;00:00;MP2;Nat. Eingang;2899325T;WAB NV - erweitert;5;8;714.0;
2026-02-24;00:00;MP2;Nat. Eingang;2899331T;WAB NV - Abholer;9;155;18959.0;
2026-02-24;00:00;MP2;Nat. Eingang;2899345T;WAB NV - Abholer;27;116;42601.0;
2026-02-24;00:00;MP2;Nat. Eingang;2899369T;WAB NV - Abholer;31;109;6414.0;
2026-02-24;00:00;MP2;Nat. Eingang;2899385T;WAB NV - Abholer;30;43;19585.0;
2026-02-24;00:00;MP2;Nat. Eingang;2899389T;WAB NV - Abholer;33;75;32458.9;
2026-02-24;00:00;MP2;Nat. Eingang;2899405T;WAB NV - Abholer;26;253;8178.5;
2026-02-24;00:00;MP2;Nat. Eingang;2899419T;WAB NV - Abholer;20;34;14150.0;
2026-02-24;00:00;MP2;Nat. Eingang;2899433T;WAB NV - Abholer;22;57;20651.0;
2026-02-24;00:00;MP2;Nat. Eingang;2899449T;WAB NV - Abholer;18;18;2203.0;
2026-02-24;00:00;MP2;Nat. Eingang;2899469T;WAB NV - Abholer;18;125;30760.0;
2026-02-24;00:00;MP2;Nat. Eingang;2899499T;WAB NV - Abholer;18;162;23742.7;
2026-02-24;00:00;MP2;Nat. Eingang;2899554T;NV Ciortan;6;30;3385.2;
2026-02-24;00:00;MP2;Nat. Eingang;2899566T;NV Yeritsyan;3;14;525.0;
2026-02-24;00:00;MP2;Nat. Eingang;2899568T;NV Yeritsyan;7;50;4431.0;
2026-02-24;00:00;MP2;Nat. Eingang;2899585T;WAB NV - Abholer;33;36;6704.7;
2026-02-24;00:00;MP2;Nat. Eingang;2899591T;WAB NV - erweitert;6;55;16709.0;
2026-02-24;00:00;MP2;Nat. Eingang;2899594T;WAB NV - Abholer;40;48;3807.4;
2026-02-24;00:00;MP2;Nat. Eingang;2899598T;WAB NV - Abholer;34;51;5146.2;
2026-02-24;00:00;MP2;Nat. Eingang;2899612T;WAB NV - Abholer;17;187;16420.0;
2026-02-24;00:00;MP2;Nat. Eingang;2899614T;WAB NV - Abholer;20;75;8594.4;
2026-02-24;00:00;MP2;Nat. Eingang;2899619T;WAB NV - Abholer;33;63;4038.9;
2026-02-24;00:00;MP2;Nat. Eingang;2899621T;WAB NV - Abholer;31;40;3902.8;
2026-02-24;00:00;MP2;Nat. Eingang;2899638T;WAB NV - Abholer;18;21;1653.0;
2026-02-24;00:00;MP2;Nat. Eingang;2899648T;WAB NV - Abholer;17;107;12692.8;
2026-02-24;00:00;MP2;Nat. Eingang;2899650T;WAB NV - Abholer;14;17;1825.2;
2026-02-24;00:00;MP2;Nat. Eingang;2899664T;WAB NV - Abholer;36;294;99714.9;
2026-02-24;00:00;MP2;Nat. Eingang;2899666T;WAB NV - Abholer;30;40;2022.7;
2026-02-24;00:00;MP2;Nat. Eingang;2899668T;WAB NV - Abholer;42;330;144811.3;
2026-02-24;00:00;MP2;Nat. Eingang;2899674T;WAB NV - Abholer;13;42;834.5;
2026-02-24;00:00;MP2;Nat. Eingang;2899690T;WAB NV - Abholer;41;44;9147.1;
2026-02-24;00:00;MP2;Nat. Eingang;2899692T;WAB NV - Abholer;10;21;13121.0;
2026-02-24;00:00;MP2;Nat. Eingang;2899694T;WAB NV - Abholer;22;57;3918.1;
2026-02-24;00:00;MP2;Nat. Eingang;2899724T;NV AS Transporte;8;11;1714.0;
2026-02-24;00:00;MP2;Nat. Eingang;2899726T;NV Yeritsyan;4;15;1531.0;
2026-02-24;00:00;MP2;Nat. Eingang;2899727T;Sonderfahrten;4;4;315.0;
2026-02-24;00:00;MP2;Nat. Eingang;2899733T;NV Yeritsyan;3;6;1263.0;
2026-02-24;00:00;MP2;Nat. Eingang;2899734T;NV Yeritsyan;2;10;2100.0;
2026-02-24;00:00;MP2;Nat. Eingang;2899737T;Sonderfahrten;2;29;5575.0;
2026-02-24;00:00;MP2;Nat. Eingang;2899738T;NV LT Trans;1;4;620.0;
2026-02-24;00:00;MP2;Nat. Eingang;2899741T;NV LT Trans;11;56;5477.0;
2026-02-24;00:00;MP2;Nat. Eingang;2899743T;NV LT Trans;4;4;1038.0;
2026-02-24;00:00;MP2;Nat. Eingang;2899745T;NV Silagi;3;27;4404.0;
2026-02-24;00:00;MP2;Nat. Eingang;2899746T;NV Silagi;5;5;849.0;
2026-02-24;00:00;MP2;Nat. Eingang;2899792T;WAB NV - Abholer;15;21;3408.0;
2026-02-24;00:00;MP2;Nat. Eingang;2899800T;NV Silagi;2;73;14215.0;
2026-02-24;00:00;MP2;Nat. Eingang;2899801T;NV Silagi;2;8;1140.0;
2026-02-24;00:00;MP2;Nat. Eingang;2899802T;Sonderfahrten;3;3;883.0;
2026-02-24;00:00;MP2;Nat. Eingang;2899900T;Charter;1;25;2190.0;
2026-02-24;00:00;MP2;Nat. Eingang;2900227T;NV Tiroch;1;1;80.0;
2026-02-24;00:00;MP2;Nat. Eingang;2900571T;WAB NV - Abholer;1;1;520.0;
2026-02-24;00:00;MP2;Nat. Eingang;2900583T;WAB NV - Abholer;5;13;9164.0;
2026-02-24;00:00;MP2;Nat. Eingang;2901114T;NV Fischer;4;4;1452.0;
2026-02-24;00:00;MP2;Nat. Eingang;2901116T;NV VP Logistik;2;2;99.2;
2026-02-24;00:00;MP2;Nat. Eingang;2901117T;NV VP Logistik;2;5;179.0;
2026-02-24;00:00;MP2;Nat. Eingang;2901118T;NV VP Logistik;1;1;31.0;
2026-02-24;00:00;MP2;Nat. Eingang;2901120T;NV Ciortan;2;2;168.0;
2026-02-24;00:00;MP2;Nat. Eingang;2901121T;NV Ciortan;2;2;250.0;
2026-02-24;00:00;MP2;Nat. Eingang;2901122T;NV DS Transporte;4;4;354.0;
2026-02-24;00:00;MP2;Nat. Eingang;2901126T;NV Tiroch;3;53;14500.0;
2026-02-24;00:00;MP2;Nat. Eingang;2901127T;NV Tiroch;5;11;2148.0;
2026-02-24;00:00;MP2;Nat. Eingang;2901243T;NV DS Transporte;3;3;190.0;
2026-02-24;00:00;MP2;Nat. Eingang;2901292T;WAB NV - Abholer;16;22;3840.3;
2026-02-24;00:00;MP2;Nat. Eingang;2901296T;WAB NV - Abholer;6;405;2515.0;
2026-02-24;00:00;MP2;Nat. Eingang;2901324T;WAB NV - Abholer;38;136;7048.8;
2026-02-24;00:00;MP2;Nat. Eingang;2901397T;WAB NV - Abholer;21;40;2502.0;
2026-02-24;00:00;MP2;Nat. Eingang;2901413T;WAB NV - Abholer;2;17;1391.4;
2026-02-24;00:00;MP2;Nat. Eingang;2902366T;WAB NV - Abholer;8;8;1816.0;
2026-02-24;00:00;MP2;Nat. Eingang;2902691T;WAB NV - Abholer;14;110;71241.0;
2026-02-24;00:00;MP2;Nat. Eingang;2902699T;WAB NV - Abholer;26;243;88509.1;
2026-02-24;00:00;MP2;Nat. Eingang;2903286T;WAB NV - Abholer;2;2;599.0;
2026-02-24;00:00;MP4;Nat. Ausgang;;;36;133;13602.4;
2026-02-24;00:00;MP4;Nat. Ausgang;2891340T;Linien International;1;1;385.0;
2026-02-24;00:00;MP4;Nat. Ausgang;2892060T;Linien Ruhr;1;1;58.5;
2026-02-24;00:00;MP4;Nat. Ausgang;2894561T;Linien Mitte;1;12;261.3;
2026-02-24;00:00;MP4;Nat. Ausgang;2896651T;Linien Südwest;1;2;243.0;
2026-02-24;00:00;MP4;Nat. Ausgang;2897055T;Linien Ruhr;1;6;217.7;
2026-02-24;00:00;MP4;Nat. Ausgang;2897081T;Linien Süd;1;15;829.4;
2026-02-24;00:00;MP4;Nat. Ausgang;2897103T;Linien Mitte;1;3;148.2;
2026-02-24;00:00;MP4;Nat. Ausgang;2897887T;Linien International;1;5;2078.9;
2026-02-24;00:00;MP4;Nat. Ausgang;2897897T;Linien Süd;1;2;1032.0;
2026-02-24;00:00;MP4;Nat. Ausgang;2897913T;Linien Südwest;1;4;96.0;
2026-02-24;00:00;MP4;Nat. Ausgang;2898320T;Linien Mitte;2;13;498.5;
2026-02-24;00:00;MP4;Nat. Ausgang;2898334T;Linien Südwest;1;4;1084.1;
2026-02-24;00:00;MP4;Nat. Ausgang;2898338T;Linien Süd;1;30;5154.0;
2026-02-24;00:00;MP4;Nat. Ausgang;2898371T;Linien Südwest;1;7;160.0;
2026-02-24;00:00;MP4;Nat. Ausgang;2898518T;Linien Süd;1;2;300.0;
2026-02-24;00:00;MP4;Nat. Ausgang;2898565T;Linien Mitte;2;10;183.6;
2026-02-24;00:00;MP4;Nat. Ausgang;2898569T;Linien Süd;1;2;570.0;
2026-02-24;00:00;MP4;Nat. Ausgang;2898868T;Fernverkehr AS;38;101;22802.8;
2026-02-24;00:00;MP4;Nat. Ausgang;2898872T;Fallback;1;25;14250.0;
2026-02-24;00:00;MP4;Nat. Ausgang;2898888T;Nachbordero;1;2;21.4;
2026-02-24;00:00;MP4;Nat. Ausgang;2899082T;Linien International;18;30;5263.6;
2026-02-24;00:00;MP4;Nat. Ausgang;2899084T;Linien International;28;53;11356.6;
2026-02-24;00:00;MP4;Nat. Ausgang;2899086T;Linien International;25;438;12856.0;
2026-02-24;00:00;MP4;Nat. Ausgang;2899088T;Linien International;31;168;75966.0;
2026-02-24;00:00;MP4;Nat. Ausgang;2899092T;Linien International;11;41;14719.9;
2026-02-24;00:00;MP4;Nat. Ausgang;2899094T;Linien Mitte;5;342;47590.8;
2026-02-24;00:00;MP4;Nat. Ausgang;2899096T;Linien Süd;22;82;5490.9;
2026-02-24;00:00;MP4;Nat. Ausgang;2899098T;Linien Süd;16;49;17138.2;
2026-02-24;00:00;MP4;Nat. Ausgang;2899100T;Linien Süd;20;90;28747.4;
2026-02-24;00:00;MP4;Nat. Ausgang;2899104T;Linien Süd;32;68;21290.1;
2026-02-24;00:00;MP4;Nat. Ausgang;2899108T;Linien Süd;33;66;16696.7;
2026-02-24;00:00;MP4;Nat. Ausgang;2899110T;Linien Süd;3;42;11138.0;
2026-02-24;00:00;MP4;Nat. Ausgang;2899112T;Linien Südwest;51;89;23264.8;
2026-02-24;00:00;MP4;Nat. Ausgang;2899166T;Fernverkehr AS;21;69;7592.3;
2026-02-24;00:00;MP4;Nat. Ausgang;2899508T;Linien Ruhr;44;110;9210.4;
2026-02-24;00:00;MP4;Nat. Ausgang;2899512T;Linien Ruhr;37;57;12083.4;
2026-02-24;00:00;MP4;Nat. Ausgang;2899516T;Linien Ruhr;29;46;4703.7;
2026-02-24;00:00;MP4;Nat. Ausgang;2899520T;Linien Mitte;53;144;38427.2;
2026-02-24;00:00;MP4;Nat. Ausgang;2899524T;Linien Mitte;36;53;6282.5;
2026-02-24;00:00;MP4;Nat. Ausgang;2899526T;Linien Ost;39;67;9523.0;
2026-02-24;00:00;MP4;Nat. Ausgang;2899530T;Linien Südwest;38;226;56912.2;
2026-02-24;00:00;MP4;Nat. Ausgang;2899534T;Linien Südwest;19;137;47699.4;
2026-02-24;00:00;MP4;Nat. Ausgang;2899538T;Linien Süd;40;316;95701.4;
2026-02-24;00:00;MP4;Nat. Ausgang;2899542T;Linien Süd;52;148;33900.6;
2026-02-24;00:00;MP4;Nat. Ausgang;2899546T;Linien Süd;44;134;25383.6;
2026-02-24;00:00;MP4;Nat. Ausgang;2899550T;Linien Ost;25;149;47773.0;
2026-02-24;00:00;MP4;Nat. Ausgang;2899556T;Linien Süd;32;55;17032.8;
2026-02-24;00:00;MP4;Nat. Ausgang;2899560T;Linien Mitte;39;149;35540.8;
2026-02-24;00:00;MP4;Nat. Ausgang;2899564T;Linien Mitte;23;88;20417.3;
2026-02-24;00:00;MP4;Nat. Ausgang;2899569T;Linien Süd;23;239;51900.3;
2026-02-24;00:00;MP4;Nat. Ausgang;2899571T;Linien Südwest;30;80;10997.5;
2026-02-24;00:00;MP4;Nat. Ausgang;2899575T;Linien International;13;136;23960.8;
2026-02-24;00:00;MP4;Nat. Ausgang;2899579T;Linien Ost;38;134;20728.2;
2026-02-24;00:00;MP4;Nat. Ausgang;2899696T;Linien International;48;105;14204.4;
2026-02-24;00:00;MP4;Nat. Ausgang;2899698T;Linien International;6;9;1564.1;
2026-02-24;00:00;MP4;Nat. Ausgang;2899702T;Linien International;1;1;223.0;
2026-02-24;00:00;MP4;Nat. Ausgang;2899704T;Linien International;8;81;12416.9;
2026-02-24;00:00;MP4;Nat. Ausgang;2899706T;Linien Nord;8;8;969.5;
2026-02-24;00:00;MP4;Nat. Ausgang;2899710T;Linien Nord;5;5;1168.2;
2026-02-24;00:00;MP4;Nat. Ausgang;2899712T;Linien Süd;20;79;3590.5;
2026-02-24;00:00;MP4;Nat. Ausgang;2899716T;Linien Süd;6;6;811.0;
2026-02-24;00:00;MP4;Nat. Ausgang;2899718T;Linien Süd;23;112;42473.5;
2026-02-24;00:00;MP4;Nat. Ausgang;2899722T;Linien Süd;6;6;1114.6;
2026-02-24;00:00;MP4;Nat. Ausgang;2899729T;Linien Mitte;52;376;27640.7;
2026-02-24;00:00;MP4;Nat. Ausgang;2899761T;Linien Nord;20;53;9983.1;
2026-02-24;00:00;MP4;Nat. Ausgang;2899763T;Linien Ruhr;32;304;79466.2;
2026-02-24;00:00;MP4;Nat. Ausgang;2899765T;Linien Mitte;42;197;27460.7;
2026-02-24;00:00;MP4;Nat. Ausgang;2899769T;Linien Süd;36;59;16257.3;
2026-02-24;00:00;MP4;Nat. Ausgang;2899773T;Linien Süd;2;18;12208.6;
2026-02-24;00:00;MP4;Nat. Ausgang;2899777T;Linien Süd;3;3;200.5;
2026-02-24;00:00;MP4;Nat. Ausgang;2899876T;Linien Ost;1;2;66.0;
2026-02-24;00:00;MP4;Nat. Ausgang;2900014T;Linien International;21;51;15802.5;
2026-02-24;00:00;MP4;Nat. Ausgang;2900402T;Linien Süd;17;28;3611.6;
2026-02-24;00:00;MP4;Nat. Ausgang;2900418T;Linien Ost;35;84;25472.9;
2026-02-24;00:00;MP4;Nat. Ausgang;2900476T;Fernverkehr AS;14;32;10804.2;
2026-02-24;00:00;MP4;Nat. Ausgang;2900810T;Linien Ruhr;8;58;16644.5;
2026-02-24;00:00;MP4;Nat. Ausgang;2900814T;Linien Ruhr;5;9;1770.3;
2026-02-24;00:00;MP4;Nat. Ausgang;2900818T;Linien Ruhr;7;13;4504.1;
2026-02-24;00:00;MP4;Nat. Ausgang;2900822T;Linien Mitte;5;5;641.0;
2026-02-24;00:00;MP4;Nat. Ausgang;2900828T;Linien Ost;6;21;8437.9;
2026-02-24;00:00;MP4;Nat. Ausgang;2900848T;Linien Süd;6;14;2217.1;
2026-02-24;00:00;MP4;Nat. Ausgang;2900858T;Linien Süd;6;35;7900.5;
2026-02-24;00:00;MP4;Nat. Ausgang;2900862T;Linien Mitte;10;46;5648.0;
2026-02-24;00:00;MP4;Nat. Ausgang;2901008T;Linien Nord;19;34;5256.4;
2026-02-24;00:00;MP4;Nat. Ausgang;2901063T;Linien Nord;18;29;2143.4;
2026-02-24;00:00;MP4;Nat. Ausgang;2901067T;Linien Mitte;12;17;2213.4;
2026-02-24;00:00;MP4;Nat. Ausgang;2901105T;WAB NV - großer NV;6;41;4140.0;
2026-02-24;00:00;MP4;Nat. Ausgang;2901146T;Linien Süd;35;63;15595.2;
2026-02-24;00:00;MP4;Nat. Ausgang;2901215T;Linien Südwest;28;88;18762.5;
2026-02-24;00:00;MP4;Nat. Ausgang;2901235T;Linien Südwest;31;99;20074.4;
2026-02-24;00:00;MP4;Nat. Ausgang;2901264T;Linien Südwest;26;168;47165.9;
2026-02-24;00:00;MP4;Nat. Ausgang;2901705T;Linien Mitte;8;42;3361.8;
2026-02-24;00:00;MP4;Nat. Ausgang;2902416T;Linien International;13;27;6549.0;
2026-02-24;00:00;MP4a;Sonderausgang;2878272T;NV Silagi;1;5;255.0;
2026-02-24;00:00;MP4a;Sonderausgang;2880777T;NV Silagi;1;1;51.0;
2026-02-24;00:00;MP4a;Sonderausgang;2887152T;NV AS Transporte;1;1;420.0;
2026-02-24;00:00;MP4a;Sonderausgang;2893915T;NV AS Transporte;1;5;171.0;
2026-02-24;00:00;MP4a;Sonderausgang;2896391T;NV Fischer;1;9;3666.0;
2026-02-24;00:00;MP4a;Sonderausgang;2896882T;WAB NV - großer NV;1;2;883.0;
2026-02-24;00:00;MP4a;Sonderausgang;2896980T;WAB NV - großer NV;1;4;1674.0;
2026-02-24;00:00;MP4a;Sonderausgang;2897285T;NV Silagi;1;4;840.0;
2026-02-24;00:00;MP4a;Sonderausgang;2897674T;Fallback;1;1;500.0;
2026-02-24;00:00;MP4a;Sonderausgang;2898607T;NV Ciortan;1;3;641.0;
2026-02-24;00:00;MP4a;Sonderausgang;2898845T;NV DS Transporte;1;1;1000.0;
2026-02-24;00:00;MP4a;Sonderausgang;2898847T;NV Fischer;1;1;295.0;
2026-02-24;00:00;MP4a;Sonderausgang;2898848T;NV Fischer;3;3;699.0;
2026-02-24;00:00;MP4a;Sonderausgang;2898850T;NV Fischer;3;3;747.9;
2026-02-24;00:00;MP4a;Sonderausgang;2898851T;NV Fischer;4;15;5185.0;
2026-02-24;00:00;MP4a;Sonderausgang;2898852T;NV DS Transporte;1;9;1755.0;
2026-02-24;00:00;MP4a;Sonderausgang;2898853T;NV DS Transporte;1;1;39.0;
2026-02-24;00:00;MP4a;Sonderausgang;2898854T;NV Strauss;1;4;376.0;
2026-02-24;00:00;MP4a;Sonderausgang;2898862T;NV Strauss;3;42;7953.0;
2026-02-24;00:00;MP4a;Sonderausgang;2898864T;NV DS Transporte;1;4;722.0;
2026-02-24;00:00;MP4a;Sonderausgang;2898866T;NV AS Transporte;1;1;200.0;
2026-02-24;00:00;MP4a;Sonderausgang;2898891T;NV DS Transporte;1;1;206.0;
2026-02-24;00:00;MP4a;Sonderausgang;2898893T;NV Strauss;1;1;86.7;
2026-02-24;00:00;MP4a;Sonderausgang;2898896T;NV DS Transporte;2;13;2143.0;
2026-02-24;00:00;MP4a;Sonderausgang;2898904T;NV Ciortan;3;3;378.0;
2026-02-24;00:00;MP4a;Sonderausgang;2898907T;NV AS Transporte;6;6;1645.0;
2026-02-24;00:00;MP4a;Sonderausgang;2898908T;NV AS Transporte;1;1;177.0;
2026-02-24;00:00;MP4a;Sonderausgang;2898913T;NV DS Transporte;1;1;109.0;
2026-02-24;00:00;MP4a;Sonderausgang;2898916T;NV AS Transporte;2;2;572.0;
2026-02-24;00:00;MP4a;Sonderausgang;2898918T;NV AS Transporte;1;4;42.0;
2026-02-24;00:00;MP4a;Sonderausgang;2898920T;NV AS Transporte;1;1;1000.0;
2026-02-24;00:00;MP4a;Sonderausgang;2898924T;NV Tiroch;8;16;1836.0;
2026-02-24;00:00;MP4a;Sonderausgang;2898925T;NV Tiroch;3;3;660.0;
2026-02-24;00:00;MP4a;Sonderausgang;2898926T;NV Tiroch;3;6;586.0;
2026-02-24;00:00;MP4a;Sonderausgang;2898929T;NV Tiroch;17;52;940.0;
2026-02-24;00:00;MP4a;Sonderausgang;2898930T;NV Tiroch;2;22;4260.0;
2026-02-24;00:00;MP4a;Sonderausgang;2898934T;NV AS Transporte;1;1;316.0;
2026-02-24;00:00;MP4a;Sonderausgang;2898935T;NV AS Transporte;4;4;1568.0;
2026-02-24;00:00;MP4a;Sonderausgang;2898949T;NV Alexandru;1;9;4500.0;
2026-02-24;00:00;MP4a;Sonderausgang;2898952T;NV Strauss;2;5;875.0;
2026-02-24;00:00;MP4a;Sonderausgang;2898961T;NV Bogos Transporte;2;5;316.0;
2026-02-24;00:00;MP4a;Sonderausgang;2898963T;NV Bogos Transporte;5;5;986.0;
2026-02-24;00:00;MP4a;Sonderausgang;2898965T;NV Bogos Transporte;2;17;3752.0;
2026-02-24;00:00;MP4a;Sonderausgang;2898966T;NV VP Logistik;1;1;70.0;
2026-02-24;00:00;MP4a;Sonderausgang;2898967T;NV VP Logistik;2;2;642.0;
2026-02-24;00:00;MP4a;Sonderausgang;2898974T;NV Tuncay;1;1;54.8;
2026-02-24;00:00;MP4a;Sonderausgang;2898975T;NV Tuncay;1;36;570.0;
2026-02-24;00:00;MP4a;Sonderausgang;2898976T;NV Guth;3;21;3244.0;
2026-02-24;00:00;MP4a;Sonderausgang;2898977T;NV Guth;2;8;986.0;
2026-02-24;00:00;MP4a;Sonderausgang;2898979T;NV VP Logistik;4;4;958.0;
2026-02-24;00:00;MP4a;Sonderausgang;2899214T;NV AS Transporte;2;3;382.0;
2026-02-24;00:00;MP4a;Sonderausgang;2899216T;NV AS Transporte;1;1;303.9;
2026-02-24;00:00;MP4a;Sonderausgang;2899218T;NV Ciortan;3;3;375.0;
2026-02-24;00:00;MP4a;Sonderausgang;2899220T;NV Ciortan;5;296;24963.0;
2026-02-24;00:00;MP4a;Sonderausgang;2899222T;NV AS Transporte;2;2;155.0;
2026-02-24;00:00;MP4a;Sonderausgang;2899267T;WAB NV - großer NV;3;57;13814.0;
2026-02-24;00:00;MP4a;Sonderausgang;2899289T;WAB NV - großer NV;1;4;1424.0;
2026-02-24;00:00;MP4a;Sonderausgang;2899299T;WAB NV - großer NV;1;1;247.0;
2026-02-24;00:00;MP4a;Sonderausgang;2899309T;WAB NV - großer NV;13;13;1002.0;
2026-02-24;00:00;MP4a;Sonderausgang;2899353T;WAB NV - großer NV;1;1;210.1;
2026-02-24;00:00;MP4a;Sonderausgang;2899363T;WAB NV - großer NV;5;7;1049.0;
2026-02-24;00:00;MP4a;Sonderausgang;2899373T;WAB NV - großer NV;4;22;16276.0;
2026-02-24;00:00;MP4a;Sonderausgang;2899417T;WAB NV - großer NV;3;35;4678.0;
2026-02-24;00:00;MP4a;Sonderausgang;2899441T;WAB NV - großer NV;2;29;15924.0;
2026-02-24;00:00;MP4a;Sonderausgang;2899487T;WAB NV - großer NV;4;23;13405.0;
2026-02-24;00:00;MP4a;Sonderausgang;2899566T;NV Yeritsyan;1;1;92.0;
2026-02-24;00:00;MP4a;Sonderausgang;2899568T;NV Yeritsyan;2;8;1316.6;
2026-02-24;00:00;MP4a;Sonderausgang;2899686T;WAB NV - großer NV;4;76;23126.0;
2026-02-24;00:00;MP4a;Sonderausgang;2899724T;NV AS Transporte;1;1;177.0;
2026-02-24;00:00;MP4a;Sonderausgang;2899727T;Sonderfahrten;2;2;259.0;
2026-02-24;00:00;MP4a;Sonderausgang;2899733T;NV Yeritsyan;2;2;521.0;
2026-02-24;00:00;MP4a;Sonderausgang;2899734T;NV Yeritsyan;3;3;1346.0;
2026-02-24;00:00;MP4a;Sonderausgang;2899741T;NV LT Trans;1;1;43.0;
2026-02-24;00:00;MP4a;Sonderausgang;2899745T;NV Silagi;4;4;688.2;
2026-02-24;00:00;MP4a;Sonderausgang;2899746T;NV Silagi;1;4;840.0;
2026-02-24;00:00;MP4a;Sonderausgang;2899800T;NV Silagi;1;1;401.4;
2026-02-24;00:00;MP4a;Sonderausgang;2899801T;NV Silagi;3;3;521.0;
2026-02-24;00:00;MP4a;Sonderausgang;2900267T;NV Bogos Transporte;1;1;237.0;
2026-02-24;00:00;MP4a;Sonderausgang;2901103T;NV Silagi;1;1;327.0;
2026-02-24;00:00;MP4a;Sonderausgang;2901115T;NV VP Logistik;1;4;2620.0;
2026-02-24;00:00;MP4a;Sonderausgang;2901116T;NV VP Logistik;1;1;110.0;
2026-02-24;00:00;MP4a;Sonderausgang;2901120T;NV Ciortan;4;10;2841.0;
2026-02-24;00:00;MP4a;Sonderausgang;2901121T;NV Ciortan;1;1;117.0;
2026-02-24;00:00;MP4a;Sonderausgang;2901122T;NV DS Transporte;1;1;95.0;
2026-02-24;00:00;MP4a;Sonderausgang;2901125T;NV Tiroch;1;36;486.0;
2026-02-24;00:00;MP4a;Sonderausgang;2901126T;NV Tiroch;6;9;1979.0;
2026-02-24;00:00;MP4a;Sonderausgang;2901128T;NV Tiroch;2;5;2169.0;
2026-02-24;00:00;MP4a;Sonderausgang;2901129T;NV Tiroch;6;6;709.0;
2026-02-24;00:00;MP4a;Sonderausgang;2901221T;WAB NV - großer NV;5;31;12095.0;
2026-02-24;00:00;MP4a;Sonderausgang;2901225T;NV Strauss;1;1;144.0;
2026-02-24;00:00;MP4a;Sonderausgang;2901353T;WAB NV - großer NV;1;4;18.0;
2026-02-24;00:00;MP4a;Sonderausgang;2902866T;NV Alexandru;1;1;737.0;
2026-02-24;00:00;MP5;SE Entladung FV;;;1902;11981;1742243.1;
2026-02-24;00:00;MP7;SA Verladung FV;2895611T;WAB NV - großer NV;1;3;839.0;
2026-02-24;00:00;MP7;SA Verladung FV;2898845T;NV DS Transporte;11;26;3782.0;
2026-02-24;00:00;MP7;SA Verladung FV;2898846T;NV DS Transporte;6;14;1199.5;
2026-02-24;00:00;MP7;SA Verladung FV;2898847T;NV Fischer;19;33;2760.0;
2026-02-24;00:00;MP7;SA Verladung FV;2898848T;NV Fischer;11;23;4157.0;
2026-02-24;00:00;MP7;SA Verladung FV;2898849T;NV Fischer;20;45;4809.9;
2026-02-24;00:00;MP7;SA Verladung FV;2898850T;NV Fischer;11;17;5118.0;
2026-02-24;00:00;MP7;SA Verladung FV;2898851T;NV Fischer;15;18;2295.4;
2026-02-24;00:00;MP7;SA Verladung FV;2898852T;NV DS Transporte;6;12;1998.0;
2026-02-24;00:00;MP7;SA Verladung FV;2898853T;NV DS Transporte;7;15;811.0;
2026-02-24;00:00;MP7;SA Verladung FV;2898854T;NV Strauss;5;27;4287.0;
2026-02-24;00:00;MP7;SA Verladung FV;2898858T;NV Strauss;8;8;329.8;
2026-02-24;00:00;MP7;SA Verladung FV;2898859T;NV Strauss;4;98;551.0;
2026-02-24;00:00;MP7;SA Verladung FV;2898862T;NV Strauss;7;7;989.5;
2026-02-24;00:00;MP7;SA Verladung FV;2898863T;NV Strauss;8;29;5983.0;
2026-02-24;00:00;MP7;SA Verladung FV;2898864T;NV DS Transporte;10;21;3700.0;
2026-02-24;00:00;MP7;SA Verladung FV;2898865T;NV DS Transporte;8;38;9430.0;
2026-02-24;00:00;MP7;SA Verladung FV;2898866T;NV AS Transporte;12;50;5023.7;
2026-02-24;00:00;MP7;SA Verladung FV;2898870T;NV Fischer;6;21;6135.0;
2026-02-24;00:00;MP7;SA Verladung FV;2898891T;NV DS Transporte;9;43;10865.0;
2026-02-24;00:00;MP7;SA Verladung FV;2898892T;NV DS Transporte;8;41;6452.0;
2026-02-24;00:00;MP7;SA Verladung FV;2898893T;NV Strauss;12;21;3047.0;
2026-02-24;00:00;MP7;SA Verladung FV;2898894T;NV Strauss;5;35;8010.0;
2026-02-24;00:00;MP7;SA Verladung FV;2898895T;NV DS Transporte;9;9;909.4;
2026-02-24;00:00;MP7;SA Verladung FV;2898896T;NV DS Transporte;3;9;391.0;
2026-02-24;00:00;MP7;SA Verladung FV;2898897T;NV DS Transporte;13;75;4837.7;
2026-02-24;00:00;MP7;SA Verladung FV;2898898T;NV DS Transporte;11;35;9044.0;
2026-02-24;00:00;MP7;SA Verladung FV;2898899T;NV DS Transporte;14;69;12870.0;
2026-02-24;00:00;MP7;SA Verladung FV;2898901T;NV DS Transporte;10;10;756.8;
2026-02-24;00:00;MP7;SA Verladung FV;2898902T;NV Ciortan;14;20;3520.7;
2026-02-24;00:00;MP7;SA Verladung FV;2898904T;NV Ciortan;11;87;8423.5;
2026-02-24;00:00;MP7;SA Verladung FV;2898905T;NV Ciortan;16;40;982.0;
2026-02-24;00:00;MP7;SA Verladung FV;2898906T;NV AS Transporte;14;92;7444.0;
2026-02-24;00:00;MP7;SA Verladung FV;2898907T;NV AS Transporte;8;22;5064.7;
2026-02-24;00:00;MP7;SA Verladung FV;2898908T;NV AS Transporte;15;98;7616.8;
2026-02-24;00:00;MP7;SA Verladung FV;2898911T;NV DS Transporte;9;25;9844.0;
2026-02-24;00:00;MP7;SA Verladung FV;2898913T;NV DS Transporte;10;10;689.0;
2026-02-24;00:00;MP7;SA Verladung FV;2898916T;NV AS Transporte;16;22;2884.3;
2026-02-24;00:00;MP7;SA Verladung FV;2898918T;NV AS Transporte;15;39;5326.0;
2026-02-24;00:00;MP7;SA Verladung FV;2898920T;NV AS Transporte;15;15;2251.3;
2026-02-24;00:00;MP7;SA Verladung FV;2898924T;NV Tiroch;9;36;1285.2;
2026-02-24;00:00;MP7;SA Verladung FV;2898925T;NV Tiroch;16;19;3677.0;
2026-02-24;00:00;MP7;SA Verladung FV;2898926T;NV Tiroch;15;135;4419.0;
2026-02-24;00:00;MP7;SA Verladung FV;2898929T;NV Tiroch;1;4;814.0;
2026-02-24;00:00;MP7;SA Verladung FV;2898930T;NV Tiroch;5;110;6715.0;
2026-02-24;00:00;MP7;SA Verladung FV;2898931T;DM AS-Transport;8;45;16532.0;
2026-02-24;00:00;MP7;SA Verladung FV;2898932T;DM AS-Transport;10;33;10203.0;
2026-02-24;00:00;MP7;SA Verladung FV;2898933T;DM AS-Transport;12;15;5245.0;
2026-02-24;00:00;MP7;SA Verladung FV;2898935T;NV AS Transporte;12;23;2633.0;
2026-02-24;00:00;MP7;SA Verladung FV;2898939T;DM AS-Transport;12;41;11875.0;
2026-02-24;00:00;MP7;SA Verladung FV;2898949T;NV Alexandru;7;15;1932.0;
2026-02-24;00:00;MP7;SA Verladung FV;2898951T;NV Strauss;8;22;3227.0;
2026-02-24;00:00;MP7;SA Verladung FV;2898952T;NV Strauss;6;20;2076.0;
2026-02-24;00:00;MP7;SA Verladung FV;2898953T;Sonderfahrten;6;6;279.7;
2026-02-24;00:00;MP7;SA Verladung FV;2898955T;DM AS-Transport;8;40;14550.0;
2026-02-24;00:00;MP7;SA Verladung FV;2898956T;DM AS-Transport;16;40;6876.0;
2026-02-24;00:00;MP7;SA Verladung FV;2898961T;NV Bogos Transporte;15;24;4532.7;
2026-02-24;00:00;MP7;SA Verladung FV;2898963T;NV Bogos Transporte;10;13;738.8;
2026-02-24;00:00;MP7;SA Verladung FV;2898965T;NV Bogos Transporte;10;13;3241.0;
2026-02-24;00:00;MP7;SA Verladung FV;2898966T;NV VP Logistik;13;24;2762.0;
2026-02-24;00:00;MP7;SA Verladung FV;2898967T;NV VP Logistik;14;26;4603.0;
2026-02-24;00:00;MP7;SA Verladung FV;2898970T;NV VP Logistik;7;7;1529.0;
2026-02-24;00:00;MP7;SA Verladung FV;2898974T;NV Tuncay;13;59;6106.0;
2026-02-24;00:00;MP7;SA Verladung FV;2898975T;NV Tuncay;10;27;3303.0;
2026-02-24;00:00;MP7;SA Verladung FV;2898976T;NV Guth;6;9;1117.0;
2026-02-24;00:00;MP7;SA Verladung FV;2898977T;NV Guth;11;25;4756.0;
2026-02-24;00:00;MP7;SA Verladung FV;2898979T;NV VP Logistik;11;17;1646.5;
2026-02-24;00:00;MP7;SA Verladung FV;2898980T;Sonderfahrten;5;5;1815.5;
2026-02-24;00:00;MP7;SA Verladung FV;2898981T;NV Silagi;14;18;835.6;
2026-02-24;00:00;MP7;SA Verladung FV;2899142T;DM AS-Transport;24;166;30742.0;
2026-02-24;00:00;MP7;SA Verladung FV;2899144T;DM AS-Transport;12;94;22321.0;
2026-02-24;00:00;MP7;SA Verladung FV;2899146T;DM AS-Transport;24;111;30506.0;
2026-02-24;00:00;MP7;SA Verladung FV;2899148T;DM AS-Transport;16;115;28482.0;
2026-02-24;00:00;MP7;SA Verladung FV;2899150T;DM AS-Transport;25;99;24715.0;
2026-02-24;00:00;MP7;SA Verladung FV;2899152T;DM AS-Transport;21;97;34295.0;
2026-02-24;00:00;MP7;SA Verladung FV;2899154T;DM AS-Transport;20;124;33097.0;
2026-02-24;00:00;MP7;SA Verladung FV;2899156T;DM AS-Transport;16;80;27785.0;
2026-02-24;00:00;MP7;SA Verladung FV;2899158T;DM AS-Transport;17;106;32310.0;
2026-02-24;00:00;MP7;SA Verladung FV;2899160T;DM AS-Transport;22;78;25204.0;
2026-02-24;00:00;MP7;SA Verladung FV;2899213T;WAB NV - großer NV;1;1;990.0;
2026-02-24;00:00;MP7;SA Verladung FV;2899214T;NV AS Transporte;13;53;12841.0;
2026-02-24;00:00;MP7;SA Verladung FV;2899216T;NV AS Transporte;23;64;8713.0;
2026-02-24;00:00;MP7;SA Verladung FV;2899218T;NV Ciortan;17;26;3586.4;
2026-02-24;00:00;MP7;SA Verladung FV;2899220T;NV Ciortan;10;104;19013.0;
2026-02-24;00:00;MP7;SA Verladung FV;2899222T;NV AS Transporte;14;23;5131.0;
2026-02-24;00:00;MP7;SA Verladung FV;2899225T;WAB NV - großer NV;5;36;26715.0;
2026-02-24;00:00;MP7;SA Verladung FV;2899247T;WAB NV - großer NV;4;33;17864.0;
2026-02-24;00:00;MP7;SA Verladung FV;2899267T;WAB NV - großer NV;1;4;2304.0;
2026-02-24;00:00;MP7;SA Verladung FV;2899279T;WAB NV - großer NV;14;129;23036.1;
2026-02-24;00:00;MP7;SA Verladung FV;2899289T;WAB NV - großer NV;8;62;19234.0;
2026-02-24;00:00;MP7;SA Verladung FV;2899299T;WAB NV - großer NV;22;77;47202.4;
2026-02-24;00:00;MP7;SA Verladung FV;2899309T;WAB NV - großer NV;6;25;9712.0;
2026-02-24;00:00;MP7;SA Verladung FV;2899315T;WAB NV - großer NV;1;121;58322.0;
2026-02-24;00:00;MP7;SA Verladung FV;2899329T;WAB NV - großer NV;11;97;19057.0;
2026-02-24;00:00;MP7;SA Verladung FV;2899343T;WAB NV - großer NV;9;36;5186.7;
2026-02-24;00:00;MP7;SA Verladung FV;2899353T;WAB NV - großer NV;12;215;16062.0;
2026-02-24;00:00;MP7;SA Verladung FV;2899363T;WAB NV - großer NV;4;43;6882.0;
2026-02-24;00:00;MP7;SA Verladung FV;2899373T;WAB NV - großer NV;5;17;9163.0;
2026-02-24;00:00;MP7;SA Verladung FV;2899383T;WAB NV - großer NV;11;55;5236.0;
2026-02-24;00:00;MP7;SA Verladung FV;2899395T;WAB NV - großer NV;4;23;14705.0;
2026-02-24;00:00;MP7;SA Verladung FV;2899413T;WAB NV - großer NV;6;33;11686.5;
2026-02-24;00:00;MP7;SA Verladung FV;2899415T;WAB NV - großer NV;12;63;16316.5;
2026-02-24;00:00;MP7;SA Verladung FV;2899417T;WAB NV - großer NV;6;71;24202.4;
2026-02-24;00:00;MP7;SA Verladung FV;2899441T;WAB NV - großer NV;3;21;2946.0;
2026-02-24;00:00;MP7;SA Verladung FV;2899457T;WAB NV - großer NV;5;54;28267.0;
2026-02-24;00:00;MP7;SA Verladung FV;2899467T;WAB NV - großer NV;15;4024;146740.0;
2026-02-24;00:00;MP7;SA Verladung FV;2899487T;WAB NV - großer NV;9;50;23557.0;
2026-02-24;00:00;MP7;SA Verladung FV;2899497T;WAB NV - großer NV;5;34;17056.0;
2026-02-24;00:00;MP7;SA Verladung FV;2899554T;NV Ciortan;14;23;3323.6;
2026-02-24;00:00;MP7;SA Verladung FV;2899566T;NV Yeritsyan;12;36;5909.7;
2026-02-24;00:00;MP7;SA Verladung FV;2899568T;NV Yeritsyan;12;18;5388.2;
2026-02-24;00:00;MP7;SA Verladung FV;2899593T;WAB NV - großer NV;5;51;16088.0;
2026-02-24;00:00;MP7;SA Verladung FV;2899637T;WAB NV - großer NV;15;210;24806.5;
2026-02-24;00:00;MP7;SA Verladung FV;2899686T;WAB NV - großer NV;7;31;5566.0;
2026-02-24;00:00;MP7;SA Verladung FV;2899724T;NV AS Transporte;14;26;6915.0;
2026-02-24;00:00;MP7;SA Verladung FV;2899726T;NV Yeritsyan;14;30;7174.0;
2026-02-24;00:00;MP7;SA Verladung FV;2899727T;Sonderfahrten;7;10;1068.0;
2026-02-24;00:00;MP7;SA Verladung FV;2899728T;NV VP Logistik;2;2;330.0;
2026-02-24;00:00;MP7;SA Verladung FV;2899733T;NV Yeritsyan;11;14;3344.4;
2026-02-24;00:00;MP7;SA Verladung FV;2899734T;NV Yeritsyan;16;81;9530.6;
2026-02-24;00:00;MP7;SA Verladung FV;2899737T;Sonderfahrten;7;50;10891.0;
2026-02-24;00:00;MP7;SA Verladung FV;2899738T;NV LT Trans;10;35;3557.1;
2026-02-24;00:00;MP7;SA Verladung FV;2899739T;NV LT Trans;4;4;847.0;
2026-02-24;00:00;MP7;SA Verladung FV;2899741T;NV LT Trans;18;33;4160.5;
2026-02-24;00:00;MP7;SA Verladung FV;2899743T;NV LT Trans;15;59;6166.2;
2026-02-24;00:00;MP7;SA Verladung FV;2899745T;NV Silagi;16;47;6654.0;
2026-02-24;00:00;MP7;SA Verladung FV;2899746T;NV Silagi;22;65;8997.0;
2026-02-24;00:00;MP7;SA Verladung FV;2899747T;Sonderfahrten;19;312;2564.0;
2026-02-24;00:00;MP7;SA Verladung FV;2899790T;WAB NV - großer NV;10;54;14984.0;
2026-02-24;00:00;MP7;SA Verladung FV;2899800T;NV Silagi;14;32;7684.3;
2026-02-24;00:00;MP7;SA Verladung FV;2899801T;NV Silagi;13;24;3768.3;
2026-02-24;00:00;MP7;SA Verladung FV;2899802T;Sonderfahrten;5;8;2055.0;
2026-02-24;00:00;MP7;SA Verladung FV;2899951T;DM AS-Transport;13;36;8378.0;
2026-02-24;00:00;MP7;SA Verladung FV;2900022T;DM AS-Transport;14;46;10623.0;
2026-02-24;00:00;MP7;SA Verladung FV;2900056T;NV VP Logistik;13;70;12883.0;
2026-02-24;00:00;MP7;SA Verladung FV;2900155T;NV DS Transporte;1;4;540.0;
2026-02-24;00:00;MP7;SA Verladung FV;2900166T;NV Strauss;1;1;700.0;
2026-02-24;00:00;MP7;SA Verladung FV;2900196T;NV DS Transporte;1;1;562.0;
2026-02-24;00:00;MP7;SA Verladung FV;2900208T;NV Ciortan;1;4;312.0;
2026-02-24;00:00;MP7;SA Verladung FV;2900217T;NV DS Transporte;1;1;25.0;
2026-02-24;00:00;MP7;SA Verladung FV;2900239T;NV AS Transporte;1;1;118.0;
2026-02-24;00:00;MP7;SA Verladung FV;2900246T;NV AS Transporte;1;1;102.0;
2026-02-24;00:00;MP7;SA Verladung FV;2900256T;NV Strauss;2;2;220.0;
2026-02-24;00:00;MP7;SA Verladung FV;2900257T;Sonderfahrten;1;1;52.0;
2026-02-24;00:00;MP7;SA Verladung FV;2900267T;NV Bogos Transporte;1;1;54.0;
2026-02-24;00:00;MP7;SA Verladung FV;2900270T;NV VP Logistik;1;4;718.0;
2026-02-24;00:00;MP7;SA Verladung FV;2900278T;NV Tuncay;1;1;103.0;
2026-02-24;00:00;MP7;SA Verladung FV;2900516T;NV AS Transporte;2;2;106.5;
2026-02-24;00:00;MP7;SA Verladung FV;2900537T;WAB NV - großer NV;15;50;7211.0;
2026-02-24;00:00;MP7;SA Verladung FV;2900559T;WAB NV - großer NV;6;27;5399.0;
2026-02-24;00:00;MP7;SA Verladung FV;2900617T;WAB NV - großer NV;1;36;3114.0;
2026-02-24;00:00;MP7;SA Verladung FV;2900645T;WAB NV - großer NV;5;22;8348.0;
2026-02-24;00:00;MP7;SA Verladung FV;2900675T;WAB NV - großer NV;2;10;5708.0;
2026-02-24;00:00;MP7;SA Verladung FV;2900769T;WAB NV - großer NV;1;25;4000.0;
2026-02-24;00:00;MP7;SA Verladung FV;2901026T;NV AS Transporte;1;1;267.0;
2026-02-24;00:00;MP7;SA Verladung FV;2901045T;NV LT Trans;2;2;995.0;
2026-02-24;00:00;MP7;SA Verladung FV;2901050T;Sonderfahrten;1;4;544.0;
2026-02-24;00:00;MP7;SA Verladung FV;2901105T;WAB NV - großer NV;2;2;277.0;
2026-02-24;00:00;MP7;SA Verladung FV;2901106T;NV AS Transporte;10;18;696.0;
2026-02-24;00:00;MP7;SA Verladung FV;2901107T;WAB NV - großer NV;5;11;760.0;
2026-02-24;00:00;MP7;SA Verladung FV;2901114T;NV Fischer;10;45;3564.3;
2026-02-24;00:00;MP7;SA Verladung FV;2901115T;NV VP Logistik;6;56;10100.0;
2026-02-24;00:00;MP7;SA Verladung FV;2901116T;NV VP Logistik;4;4;233.9;
2026-02-24;00:00;MP7;SA Verladung FV;2901117T;NV VP Logistik;6;15;1400.0;
2026-02-24;00:00;MP7;SA Verladung FV;2901118T;NV VP Logistik;2;5;351.0;
2026-02-24;00:00;MP7;SA Verladung FV;2901120T;NV Ciortan;17;20;4140.9;
2026-02-24;00:00;MP7;SA Verladung FV;2901121T;NV Ciortan;14;43;9781.3;
2026-02-24;00:00;MP7;SA Verladung FV;2901122T;NV DS Transporte;9;9;833.0;
2026-02-24;00:00;MP7;SA Verladung FV;2901123T;WAB NV - großer NV;1;36;7284.0;
2026-02-24;00:00;MP7;SA Verladung FV;2901125T;NV Tiroch;10;53;4436.0;
2026-02-24;00:00;MP7;SA Verladung FV;2901126T;NV Tiroch;9;132;2498.0;
2026-02-24;00:00;MP7;SA Verladung FV;2901127T;NV Tiroch;9;15;3271.1;
2026-02-24;00:00;MP7;SA Verladung FV;2901128T;NV Tiroch;3;27;5220.0;
2026-02-24;00:00;MP7;SA Verladung FV;2901129T;NV Tiroch;9;41;8506.8;
2026-02-24;00:00;MP7;SA Verladung FV;2901133T;Sonderfahrten;9;17;3881.7;
2026-02-24;00:00;MP7;SA Verladung FV;2901135T;NV VP Logistik;2;2;113.0;
2026-02-24;00:00;MP7;SA Verladung FV;2901173T;WAB NV - großer NV;7;23;10580.0;
2026-02-24;00:00;MP7;SA Verladung FV;2901221T;WAB NV - großer NV;4;70;9570.0;
2026-02-24;00:00;MP7;SA Verladung FV;2901225T;NV Strauss;7;31;6561.0;
2026-02-24;00:00;MP7;SA Verladung FV;2901243T;NV DS Transporte;4;15;2415.0;
2026-02-24;00:00;MP7;SA Verladung FV;2901353T;WAB NV - großer NV;1;16;1568.0;
2026-02-24;00:00;MP7;SA Verladung FV;2901568T;Sonderfahrten;1;1;30.0;
2026-02-24;00:00;MP7;SA Verladung FV;2902392T;NV VP Logistik;1;1;43.0;
2026-02-24;00:00;MP7;SA Verladung FV;2902542T;NV VP Logistik;1;1;300.0;
2026-02-24;00:00;MP7;SA Verladung FV;2903641T;NV AS Transporte;1;1;50.0;
2026-02-24;00:00;MP7;SA Verladung FV;2903960T;NV VP Logistik;1;1;98.0;
2026-02-24;00:00;MP7;SA Verladung FV;2904989T;NV LT Trans;1;2;199.0;
2026-02-24;00:00;MP7;SA Verladung FV;2905119T;NV AS Transporte;1;1;389.0;
2026-02-24;00:00;MP7;SA Verladung FV;2905216T;WAB NV - großer NV;1;1;87.0;
2026-02-24;00:00;MP7;SA Verladung FV;2906324T;NV Silagi;1;1;69.0;
2026-02-24;00:00;MP9a;Sonderscan;;;27;51;18607.6;
2026-02-24;00:00;MP9b;NV Eingang;;;521;1709;219150.3;
2026-02-25;00:00;MP2;Nat. Eingang;;;15;143;24969.3;
2026-02-25;00:00;MP2;Nat. Eingang;2898135T;WAB NV - Abholer;1;81;17964.0;
2026-02-25;00:00;MP2;Nat. Eingang;2899180T;Hofmanagement;6;32;18792.7;
2026-02-25;00:00;MP2;Nat. Eingang;2899345T;WAB NV - Abholer;1;1;320.0;
2026-02-25;00:00;MP2;Nat. Eingang;2899664T;WAB NV - Abholer;4;9;1734.2;
2026-02-25;00:00;MP2;Nat. Eingang;2899668T;WAB NV - Abholer;4;59;23770.7;
2026-02-25;00:00;MP2;Nat. Eingang;2899930T;Charter;1;81;29673.0;
2026-02-25;00:00;MP2;Nat. Eingang;2900150T;NV Fischer;11;23;1118.8;
2026-02-25;00:00;MP2;Nat. Eingang;2900151T;NV Fischer;1;1;130.0;
2026-02-25;00:00;MP2;Nat. Eingang;2900152T;NV Fischer;3;35;6390.0;
2026-02-25;00:00;MP2;Nat. Eingang;2900153T;NV Fischer;3;3;705.0;
2026-02-25;00:00;MP2;Nat. Eingang;2900154T;NV Fischer;14;17;5703.0;
2026-02-25;00:00;MP2;Nat. Eingang;2900155T;NV DS Transporte;12;42;7776.0;
2026-02-25;00:00;MP2;Nat. Eingang;2900159T;NV Strauss;2;5;1213.0;
2026-02-25;00:00;MP2;Nat. Eingang;2900160T;NV Strauss;3;6;1083.0;
2026-02-25;00:00;MP2;Nat. Eingang;2900161T;NV Strauss;3;3;89.0;
2026-02-25;00:00;MP2;Nat. Eingang;2900165T;NV Strauss;2;5;1200.0;
2026-02-25;00:00;MP2;Nat. Eingang;2900166T;NV Strauss;9;36;5847.0;
2026-02-25;00:00;MP2;Nat. Eingang;2900168T;NV DS Transporte;7;153;31131.0;
2026-02-25;00:00;MP2;Nat. Eingang;2900169T;NV AS Transporte;1;4;1100.0;
2026-02-25;00:00;MP2;Nat. Eingang;2900195T;NV DS Transporte;1;18;5652.0;
2026-02-25;00:00;MP2;Nat. Eingang;2900196T;NV DS Transporte;5;29;12446.0;
2026-02-25;00:00;MP2;Nat. Eingang;2900199T;NV DS Transporte;1;1;60.0;
2026-02-25;00:00;MP2;Nat. Eingang;2900200T;NV DS Transporte;3;26;5438.0;
2026-02-25;00:00;MP2;Nat. Eingang;2900201T;NV DS Transporte;11;18;4719.0;
2026-02-25;00:00;MP2;Nat. Eingang;2900202T;NV DS Transporte;2;2;110.0;
2026-02-25;00:00;MP2;Nat. Eingang;2900206T;NV Ciortan;9;32;14972.0;
2026-02-25;00:00;MP2;Nat. Eingang;2900208T;NV Ciortan;5;79;8241.0;
2026-02-25;00:00;MP2;Nat. Eingang;2900209T;NV Ciortan;2;2;172.0;
2026-02-25;00:00;MP2;Nat. Eingang;2900210T;NV AS Transporte;2;26;12520.0;
2026-02-25;00:00;MP2;Nat. Eingang;2900215T;NV DS Transporte;12;18;3272.0;
2026-02-25;00:00;MP2;Nat. Eingang;2900217T;NV DS Transporte;2;2;96.0;
2026-02-25;00:00;MP2;Nat. Eingang;2900220T;NV AS Transporte;5;8;3717.0;
2026-02-25;00:00;MP2;Nat. Eingang;2900222T;NV AS Transporte;13;100;4384.0;
2026-02-25;00:00;MP2;Nat. Eingang;2900224T;NV AS Transporte;1;1;100.0;
2026-02-25;00:00;MP2;Nat. Eingang;2900227T;NV Tiroch;11;11;890.0;
2026-02-25;00:00;MP2;Nat. Eingang;2900229T;NV Tiroch;11;42;17059.0;
2026-02-25;00:00;MP2;Nat. Eingang;2900230T;NV Tiroch;9;12;2352.0;
2026-02-25;00:00;MP2;Nat. Eingang;2900233T;NV Tiroch;9;12;2467.0;
2026-02-25;00:00;MP2;Nat. Eingang;2900234T;NV Tiroch;5;24;19880.0;
2026-02-25;00:00;MP2;Nat. Eingang;2900239T;NV AS Transporte;7;10;2592.0;
2026-02-25;00:00;MP2;Nat. Eingang;2900246T;NV AS Transporte;5;11;3657.0;
2026-02-25;00:00;MP2;Nat. Eingang;2900253T;NV Alexandru;1;1;245.0;
2026-02-25;00:00;MP2;Nat. Eingang;2900256T;NV Strauss;6;6;725.0;
2026-02-25;00:00;MP2;Nat. Eingang;2900257T;Sonderfahrten;1;1;30.0;
2026-02-25;00:00;MP2;Nat. Eingang;2900265T;NV Bogos Transporte;4;4;929.0;
2026-02-25;00:00;MP2;Nat. Eingang;2900267T;NV Bogos Transporte;8;35;7450.0;
2026-02-25;00:00;MP2;Nat. Eingang;2900269T;NV Bogos Transporte;11;13;1286.0;
2026-02-25;00:00;MP2;Nat. Eingang;2900270T;NV VP Logistik;3;6;602.0;
2026-02-25;00:00;MP2;Nat. Eingang;2900271T;NV VP Logistik;3;6;973.0;
2026-02-25;00:00;MP2;Nat. Eingang;2900274T;NV VP Logistik;1;1;30.0;
2026-02-25;00:00;MP2;Nat. Eingang;2900277T;NV Tuncay;6;28;7100.0;
2026-02-25;00:00;MP2;Nat. Eingang;2900278T;NV Tuncay;4;12;1350.0;
2026-02-25;00:00;MP2;Nat. Eingang;2900279T;NV Tuncay;1;9;540.0;
2026-02-25;00:00;MP2;Nat. Eingang;2900280T;NV Guth;4;5;839.0;
2026-02-25;00:00;MP2;Nat. Eingang;2900281T;NV Guth;2;2;300.0;
2026-02-25;00:00;MP2;Nat. Eingang;2900285T;NV Silagi;1;1;80.0;
2026-02-25;00:00;MP2;Nat. Eingang;2900482T;Hofmanagement;56;293;47824.2;
2026-02-25;00:00;MP2;Nat. Eingang;2900516T;NV AS Transporte;4;19;1262.0;
2026-02-25;00:00;MP2;Nat. Eingang;2900518T;NV AS Transporte;21;29;6522.0;
2026-02-25;00:00;MP2;Nat. Eingang;2900520T;NV Ciortan;2;5;438.0;
2026-02-25;00:00;MP2;Nat. Eingang;2900522T;NV Ciortan;7;130;31974.0;
2026-02-25;00:00;MP2;Nat. Eingang;2900524T;NV AS Transporte;5;5;286.0;
2026-02-25;00:00;MP2;Nat. Eingang;2900529T;WAB NV - Abholer;11;73;9417.2;
2026-02-25;00:00;MP2;Nat. Eingang;2900533T;WAB NV - Abholer;9;12;484.0;
2026-02-25;00:00;MP2;Nat. Eingang;2900539T;WAB NV - Abholer;12;36;3250.0;
2026-02-25;00:00;MP2;Nat. Eingang;2900551T;WAB NV - Abholer;7;59;5610.0;
2026-02-25;00:00;MP2;Nat. Eingang;2900561T;WAB NV - Abholer;5;5;1349.3;
2026-02-25;00:00;MP2;Nat. Eingang;2900571T;WAB NV - Abholer;14;38;11445.8;
2026-02-25;00:00;MP2;Nat. Eingang;2900583T;WAB NV - Abholer;19;140;20711.0;
2026-02-25;00:00;MP2;Nat. Eingang;2900593T;WAB NV - Abholer;22;101;34719.0;
2026-02-25;00:00;MP2;Nat. Eingang;2900597T;WAB NV - Abholer;22;86;11327.0;
2026-02-25;00:00;MP2;Nat. Eingang;2900603T;WAB NV - Abholer;32;38;3897.2;
2026-02-25;00:00;MP2;Nat. Eingang;2900607T;WAB NV - Abholer;13;184;20992.0;
2026-02-25;00:00;MP2;Nat. Eingang;2900619T;WAB NV - Abholer;14;68;12914.0;
2026-02-25;00:00;MP2;Nat. Eingang;2900633T;WAB NV - Abholer;8;31;14797.0;
2026-02-25;00:00;MP2;Nat. Eingang;2900647T;WAB NV - Abholer;44;91;28172.0;
2026-02-25;00:00;MP2;Nat. Eingang;2900657T;WAB NV - Abholer;30;33;7053.8;
2026-02-25;00:00;MP2;Nat. Eingang;2900667T;WAB NV - Abholer;16;185;10205.6;
2026-02-25;00:00;MP2;Nat. Eingang;2900671T;WAB NV - Abholer;23;44;12249.0;
2026-02-25;00:00;MP2;Nat. Eingang;2900677T;WAB NV - Abholer;32;38;9202.5;
2026-02-25;00:00;MP2;Nat. Eingang;2900687T;WAB NV - Abholer;24;41;9178.5;
2026-02-25;00:00;MP2;Nat. Eingang;2900699T;WAB NV - Abholer;9;33;5200.0;
2026-02-25;00:00;MP2;Nat. Eingang;2900707T;WAB NV - Abholer;1;225;27000.0;
2026-02-25;00:00;MP2;Nat. Eingang;2900721T;WAB NV - Abholer;4;22;3558.0;
2026-02-25;00:00;MP2;Nat. Eingang;2900725T;WAB NV - Abholer;8;8;1205.0;
2026-02-25;00:00;MP2;Nat. Eingang;2900735T;WAB NV - Abholer;22;54;35240.0;
2026-02-25;00:00;MP2;Nat. Eingang;2900761T;WAB NV - Abholer;16;102;17580.0;
2026-02-25;00:00;MP2;Nat. Eingang;2900775T;WAB NV - Abholer;10;127;34534.0;
2026-02-25;00:00;MP2;Nat. Eingang;2900781T;WAB NV - Abholer;18;109;70484.0;
2026-02-25;00:00;MP2;Nat. Eingang;2900801T;WAB NV - Abholer;26;55;4345.8;
2026-02-25;00:00;MP2;Nat. Eingang;2900809T;Sonderfahrten;2;2;231.0;
2026-02-25;00:00;MP2;Nat. Eingang;2900856T;NV Ciortan;1;4;1200.0;
2026-02-25;00:00;MP2;Nat. Eingang;2900868T;NV Yeritsyan;2;5;542.0;
2026-02-25;00:00;MP2;Nat. Eingang;2900870T;NV Yeritsyan;9;41;4171.0;
2026-02-25;00:00;MP2;Nat. Eingang;2900889T;WAB NV - Abholer;6;163;40760.0;
2026-02-25;00:00;MP2;Nat. Eingang;2900893T;WAB NV - erweitert;44;47;5052.9;
2026-02-25;00:00;MP2;Nat. Eingang;2900896T;WAB NV - Abholer;40;48;2939.5;
2026-02-25;00:00;MP2;Nat. Eingang;2900900T;WAB NV - Abholer;28;45;5529.9;
2026-02-25;00:00;MP2;Nat. Eingang;2900912T;WAB NV - Abholer;14;25;4332.1;
2026-02-25;00:00;MP2;Nat. Eingang;2900914T;WAB NV - Abholer;27;60;4859.6;
2026-02-25;00:00;MP2;Nat. Eingang;2900916T;WAB NV - Abholer;18;18;4875.3;
2026-02-25;00:00;MP2;Nat. Eingang;2900921T;WAB NV - Abholer;2;5;1942.4;
2026-02-25;00:00;MP2;Nat. Eingang;2900940T;WAB NV - Abholer;18;413;32417.0;
2026-02-25;00:00;MP2;Nat. Eingang;2900950T;WAB NV - Abholer;30;100;12023.6;
2026-02-25;00:00;MP2;Nat. Eingang;2900952T;WAB NV - Abholer;14;121;18927.4;
2026-02-25;00:00;MP2;Nat. Eingang;2900958T;WAB NV - Abholer;23;32;12561.0;
2026-02-25;00:00;MP2;Nat. Eingang;2900966T;WAB NV - Abholer;19;262;110359.6;
2026-02-25;00:00;MP2;Nat. Eingang;2900968T;WAB NV - Abholer;16;39;11498.6;
2026-02-25;00:00;MP2;Nat. Eingang;2900970T;WAB NV - Abholer;21;68;16913.7;
2026-02-25;00:00;MP2;Nat. Eingang;2900976T;WAB NV - Abholer;20;82;7363.8;
2026-02-25;00:00;MP2;Nat. Eingang;2900992T;WAB NV - Abholer;17;82;71505.0;
2026-02-25;00:00;MP2;Nat. Eingang;2901026T;NV AS Transporte;12;15;1763.0;
2026-02-25;00:00;MP2;Nat. Eingang;2901028T;NV Yeritsyan;2;2;182.0;
2026-02-25;00:00;MP2;Nat. Eingang;2901035T;NV Yeritsyan;2;3;900.0;
2026-02-25;00:00;MP2;Nat. Eingang;2901036T;NV Yeritsyan;2;8;660.0;
2026-02-25;00:00;MP2;Nat. Eingang;2901041T;NV LT Trans;5;8;2231.0;
2026-02-25;00:00;MP2;Nat. Eingang;2901044T;NV LT Trans;2;145;11442.0;
2026-02-25;00:00;MP2;Nat. Eingang;2901045T;NV LT Trans;3;3;205.0;
2026-02-25;00:00;MP2;Nat. Eingang;2901047T;NV Silagi;5;8;2019.0;
2026-02-25;00:00;MP2;Nat. Eingang;2901048T;NV Silagi;3;6;327.0;
2026-02-25;00:00;MP2;Nat. Eingang;2901050T;Sonderfahrten;4;4;783.0;
2026-02-25;00:00;MP2;Nat. Eingang;2901094T;WAB NV - Abholer;31;34;9417.0;
2026-02-25;00:00;MP2;Nat. Eingang;2901098T;WAB NV - Abholer;7;62;851.3;
2026-02-25;00:00;MP2;Nat. Eingang;2901102T;NV Silagi;4;38;9190.0;
2026-02-25;00:00;MP2;Nat. Eingang;2901103T;NV Silagi;7;22;3244.0;
2026-02-25;00:00;MP2;Nat. Eingang;2901452T;NV DS Transporte;1;4;1930.0;
2026-02-25;00:00;MP2;Nat. Eingang;2901492T;NV Ciortan;1;128;33600.0;
2026-02-25;00:00;MP2;Nat. Eingang;2902390T;NV Fischer;6;22;1411.0;
2026-02-25;00:00;MP2;Nat. Eingang;2902392T;NV VP Logistik;1;1;180.0;
2026-02-25;00:00;MP2;Nat. Eingang;2902393T;NV VP Logistik;2;8;1770.0;
2026-02-25;00:00;MP2;Nat. Eingang;2902396T;NV VP Logistik;2;10;1058.0;
2026-02-25;00:00;MP2;Nat. Eingang;2902397T;NV Ciortan;1;36;3600.0;
2026-02-25;00:00;MP2;Nat. Eingang;2902398T;NV Tiroch;15;77;11739.0;
2026-02-25;00:00;MP2;Nat. Eingang;2902399T;NV DS Transporte;5;11;642.0;
2026-02-25;00:00;MP2;Nat. Eingang;2902401T;NV Tiroch;4;30;8550.0;
2026-02-25;00:00;MP2;Nat. Eingang;2902404T;NV AS Transporte;2;2;80.0;
2026-02-25;00:00;MP2;Nat. Eingang;2902405T;NV DS Transporte;3;3;129.0;
2026-02-25;00:00;MP2;Nat. Eingang;2902540T;NV VP Logistik;6;6;270.0;
2026-02-25;00:00;MP2;Nat. Eingang;2902576T;NV Tiroch;7;31;888.5;
2026-02-25;00:00;MP2;Nat. Eingang;2902577T;WAB NV - Abholer;24;55;3958.4;
2026-02-25;00:00;MP2;Nat. Eingang;2902699T;WAB NV - Abholer;2;58;12732.9;
2026-02-25;00:00;MP2;Nat. Eingang;2902821T;NV Ciortan;1;2;300.0;
2026-02-25;00:00;MP2;Nat. Eingang;2903529T;WAB NV - Abholer;3;3;356.4;
2026-02-25;00:00;MP2;Nat. Eingang;2903573T;WAB NV - Abholer;2;25;4100.0;
2026-02-25;00:00;MP2;Nat. Eingang;2904102T;NV Fischer;1;1;120.0;
2026-02-25;00:00;MP4;Nat. Ausgang;;;26;60;8150.9;
2026-02-25;00:00;MP4;Nat. Ausgang;2892616T;Fallback;1;1;18.0;
2026-02-25;00:00;MP4;Nat. Ausgang;2895806T;Linien Süd;1;6;665.0;
2026-02-25;00:00;MP4;Nat. Ausgang;2896651T;Linien Südwest;1;2;243.0;
2026-02-25;00:00;MP4;Nat. Ausgang;2897047T;Linien Ruhr;1;2;69.0;
2026-02-25;00:00;MP4;Nat. Ausgang;2897099T;Linien Mitte;1;2;139.0;
2026-02-25;00:00;MP4;Nat. Ausgang;2898872T;Fallback;2;2;192.5;
2026-02-25;00:00;MP4;Nat. Ausgang;2898889T;Nachbordero;1;2;15.0;
2026-02-25;00:00;MP4;Nat. Ausgang;2899084T;Linien International;1;2;500.0;
2026-02-25;00:00;MP4;Nat. Ausgang;2899520T;Linien Mitte;1;7;3427.9;
2026-02-25;00:00;MP4;Nat. Ausgang;2899530T;Linien Südwest;2;7;1713.5;
2026-02-25;00:00;MP4;Nat. Ausgang;2899534T;Linien Südwest;2;32;12050.2;
2026-02-25;00:00;MP4;Nat. Ausgang;2899550T;Linien Ost;2;19;9187.1;
2026-02-25;00:00;MP4;Nat. Ausgang;2899571T;Linien Südwest;1;1;12.3;
2026-02-25;00:00;MP4;Nat. Ausgang;2899763T;Linien Ruhr;2;44;15730.2;
2026-02-25;00:00;MP4;Nat. Ausgang;2899769T;Linien Süd;1;6;416.0;
2026-02-25;00:00;MP4;Nat. Ausgang;2900386T;Linien International;20;29;3234.0;
2026-02-25;00:00;MP4;Nat. Ausgang;2900388T;Linien International;27;96;7647.5;
2026-02-25;00:00;MP4;Nat. Ausgang;2900390T;Linien International;12;112;25032.1;
2026-02-25;00:00;MP4;Nat. Ausgang;2900394T;Linien International;23;186;39678.2;
2026-02-25;00:00;MP4;Nat. Ausgang;2900396T;Linien Mitte;6;283;27440.1;
2026-02-25;00:00;MP4;Nat. Ausgang;2900398T;Linien Süd;15;440;15667.6;
2026-02-25;00:00;MP4;Nat. Ausgang;2900400T;Linien Süd;9;104;21339.0;
2026-02-25;00:00;MP4;Nat. Ausgang;2900402T;Linien Süd;38;114;32223.8;
2026-02-25;00:00;MP4;Nat. Ausgang;2900406T;Linien Süd;31;43;14177.0;
2026-02-25;00:00;MP4;Nat. Ausgang;2900410T;Linien Süd;30;206;40948.3;
2026-02-25;00:00;MP4;Nat. Ausgang;2900412T;Linien Süd;3;30;2321.0;
2026-02-25;00:00;MP4;Nat. Ausgang;2900414T;Linien Südwest;49;117;20883.4;
2026-02-25;00:00;MP4;Nat. Ausgang;2900418T;Linien Ost;1;2;1059.1;
2026-02-25;00:00;MP4;Nat. Ausgang;2900476T;Fernverkehr AS;25;69;20837.4;
2026-02-25;00:00;MP4;Nat. Ausgang;2900480T;Fernverkehr AS;31;64;12361.0;
2026-02-25;00:00;MP4;Nat. Ausgang;2900515T;WAB NV - großer NV;5;24;12042.0;
2026-02-25;00:00;MP4;Nat. Ausgang;2900810T;Linien Ruhr;19;135;47104.4;
2026-02-25;00:00;MP4;Nat. Ausgang;2900814T;Linien Ruhr;25;513;65990.7;
2026-02-25;00:00;MP4;Nat. Ausgang;2900818T;Linien Ruhr;41;97;13949.7;
2026-02-25;00:00;MP4;Nat. Ausgang;2900822T;Linien Mitte;32;88;6797.2;
2026-02-25;00:00;MP4;Nat. Ausgang;2900826T;Linien Mitte;36;83;16726.0;
2026-02-25;00:00;MP4;Nat. Ausgang;2900828T;Linien Ost;13;115;39788.0;
2026-02-25;00:00;MP4;Nat. Ausgang;2900832T;Linien Südwest;55;73;13450.4;
2026-02-25;00:00;MP4;Nat. Ausgang;2900836T;Linien Südwest;36;221;36613.6;
2026-02-25;00:00;MP4;Nat. Ausgang;2900840T;Linien Süd;62;165;20999.7;
2026-02-25;00:00;MP4;Nat. Ausgang;2900844T;Linien Süd;35;196;72032.6;
2026-02-25;00:00;MP4;Nat. Ausgang;2900848T;Linien Süd;23;55;15841.4;
2026-02-25;00:00;MP4;Nat. Ausgang;2900852T;Linien Ost;31;145;37279.0;
2026-02-25;00:00;MP4;Nat. Ausgang;2900858T;Linien Süd;14;22;5247.5;
2026-02-25;00:00;MP4;Nat. Ausgang;2900862T;Linien Mitte;30;60;12922.1;
2026-02-25;00:00;MP4;Nat. Ausgang;2900866T;Linien Mitte;40;103;16623.3;
2026-02-25;00:00;MP4;Nat. Ausgang;2900871T;Linien Süd;22;124;20761.1;
2026-02-25;00:00;MP4;Nat. Ausgang;2900873T;Linien Südwest;36;236;46006.5;
2026-02-25;00:00;MP4;Nat. Ausgang;2900877T;Linien International;23;109;16784.4;
2026-02-25;00:00;MP4;Nat. Ausgang;2900881T;Linien Ost;20;581;77989.6;
2026-02-25;00:00;MP4;Nat. Ausgang;2900998T;Linien International;25;181;55619.2;
2026-02-25;00:00;MP4;Nat. Ausgang;2901000T;Linien International;5;14;1512.9;
2026-02-25;00:00;MP4;Nat. Ausgang;2901004T;Linien International;2;5;3540.0;
2026-02-25;00:00;MP4;Nat. Ausgang;2901006T;Linien International;8;46;15933.3;
2026-02-25;00:00;MP4;Nat. Ausgang;2901008T;Linien Nord;28;75;10011.2;
2026-02-25;00:00;MP4;Nat. Ausgang;2901012T;Linien Nord;12;24;6825.5;
2026-02-25;00:00;MP4;Nat. Ausgang;2901014T;Linien Süd;33;109;30954.1;
2026-02-25;00:00;MP4;Nat. Ausgang;2901018T;Linien Süd;4;10;4844.2;
2026-02-25;00:00;MP4;Nat. Ausgang;2901020T;Linien Süd;24;60;11980.4;
2026-02-25;00:00;MP4;Nat. Ausgang;2901024T;Linien Süd;9;12;3023.0;
2026-02-25;00:00;MP4;Nat. Ausgang;2901031T;Linien Mitte;41;93;20122.9;
2026-02-25;00:00;MP4;Nat. Ausgang;2901063T;Linien Nord;13;16;2843.9;
2026-02-25;00:00;MP4;Nat. Ausgang;2901067T;Linien Mitte;24;117;13416.0;
2026-02-25;00:00;MP4;Nat. Ausgang;2901071T;Linien Süd;26;130;33274.1;
2026-02-25;00:00;MP4;Nat. Ausgang;2901075T;Linien Süd;21;35;3670.4;
2026-02-25;00:00;MP4;Nat. Ausgang;2901079T;Linien Süd;6;52;1381.1;
2026-02-25;00:00;MP4;Nat. Ausgang;2901705T;Linien Mitte;22;87;9503.6;
2026-02-25;00:00;MP4;Nat. Ausgang;2901756T;Fernverkehr AS;12;38;2022.8;
2026-02-25;00:00;MP4;Nat. Ausgang;2901927T;WAB NV - erweitert;9;36;11473.6;
2026-02-25;00:00;MP4;Nat. Ausgang;2902094T;Linien Ruhr;16;45;15099.5;
2026-02-25;00:00;MP4;Nat. Ausgang;2902112T;Linien Ost;8;11;3680.7;
2026-02-25;00:00;MP4;Nat. Ausgang;2902136T;Linien Ost;13;93;11222.0;
2026-02-25;00:00;MP4;Nat. Ausgang;2902142T;Linien Süd;4;13;6181.7;
2026-02-25;00:00;MP4;Nat. Ausgang;2902146T;Linien Mitte;7;33;8971.3;
2026-02-25;00:00;MP4;Nat. Ausgang;2902165T;Linien Ost;9;15;1977.2;
2026-02-25;00:00;MP4;Nat. Ausgang;2902177T;WAB NV - erweitert;11;41;23181.9;
2026-02-25;00:00;MP4;Nat. Ausgang;2902292T;Linien Nord;2;2;177.6;
2026-02-25;00:00;MP4;Nat. Ausgang;2902347T;Linien Nord;13;19;2379.3;
2026-02-25;00:00;MP4;Nat. Ausgang;2902351T;Linien Mitte;8;34;3710.2;
2026-02-25;00:00;MP4;Nat. Ausgang;2902359T;Linien Süd;16;33;8763.3;
2026-02-25;00:00;MP4;Nat. Ausgang;2902416T;Linien International;2;2;260.2;
2026-02-25;00:00;MP4;Nat. Ausgang;2902456T;Linien International;1;1;400.0;
2026-02-25;00:00;MP4;Nat. Ausgang;2902465T;Linien Süd;17;57;19776.7;
2026-02-25;00:00;MP4;Nat. Ausgang;2902492T;Linien Ruhr;30;160;54691.3;
2026-02-25;00:00;MP4;Nat. Ausgang;2902525T;Linien International;1;1;125.0;
2026-02-25;00:00;MP4;Nat. Ausgang;2902585T;Linien Südwest;32;78;21450.2;
2026-02-25;00:00;MP4;Nat. Ausgang;2902742T;Linien Ruhr;9;9;1131.0;
2026-02-25;00:00;MP4;Nat. Ausgang;2903087T;Fernverkehr AS;19;55;11293.5;
2026-02-25;00:00;MP4;Nat. Ausgang;2903840T;Linien Süd;5;143;27764.1;
2026-02-25;00:00;MP4;Nat. Ausgang;2903865T;Linien Südwest;15;21;4047.5;
2026-02-25;00:00;MP4a;Sonderausgang;2886021T;NV VP Logistik;1;9;479.0;
2026-02-25;00:00;MP4a;Sonderausgang;2890111T;NV Fischer;1;1;250.0;
2026-02-25;00:00;MP4a;Sonderausgang;2890191T;NV Tiroch;1;1;50.0;
2026-02-25;00:00;MP4a;Sonderausgang;2892710T;NV VP Logistik;1;1;33.0;
2026-02-25;00:00;MP4a;Sonderausgang;2893851T;NV DS Transporte;1;1;225.0;
2026-02-25;00:00;MP4a;Sonderausgang;2896519T;NV Guth;1;1;129.0;
2026-02-25;00:00;MP4a;Sonderausgang;2897674T;Fallback;1;1;280.0;
2026-02-25;00:00;MP4a;Sonderausgang;2897704T;NV Ciortan;1;1;133.0;
2026-02-25;00:00;MP4a;Sonderausgang;2897780T;NV Guth;1;1;69.0;
2026-02-25;00:00;MP4a;Sonderausgang;2898015T;WAB NV - großer NV;1;1;106.0;
2026-02-25;00:00;MP4a;Sonderausgang;2898267T;WAB NV - großer NV;1;7;1138.0;
2026-02-25;00:00;MP4a;Sonderausgang;2898854T;NV Strauss;1;9;1086.0;
2026-02-25;00:00;MP4a;Sonderausgang;2898916T;NV AS Transporte;1;2;220.0;
2026-02-25;00:00;MP4a;Sonderausgang;2899820T;NV Tiroch;1;1;50.0;
2026-02-25;00:00;MP4a;Sonderausgang;2899822T;NV Tiroch;1;2;250.0;
2026-02-25;00:00;MP4a;Sonderausgang;2900038T;Direkt ab Gersthofen;1;169;36166.0;
2026-02-25;00:00;MP4a;Sonderausgang;2900108T;Direkt ab Gersthofen;1;196;99050.0;
2026-02-25;00:00;MP4a;Sonderausgang;2900150T;NV Fischer;2;2;397.0;
2026-02-25;00:00;MP4a;Sonderausgang;2900151T;NV Fischer;3;3;1098.0;
2026-02-25;00:00;MP4a;Sonderausgang;2900153T;NV Fischer;1;1;249.0;
2026-02-25;00:00;MP4a;Sonderausgang;2900154T;NV Fischer;1;1;170.0;
2026-02-25;00:00;MP4a;Sonderausgang;2900159T;NV Strauss;1;9;1086.0;
2026-02-25;00:00;MP4a;Sonderausgang;2900160T;NV Strauss;1;1;95.0;
2026-02-25;00:00;MP4a;Sonderausgang;2900165T;NV Strauss;2;2;882.4;
2026-02-25;00:00;MP4a;Sonderausgang;2900166T;NV Strauss;2;2;228.0;
2026-02-25;00:00;MP4a;Sonderausgang;2900167T;NV DS Transporte;1;16;2160.0;
2026-02-25;00:00;MP4a;Sonderausgang;2900169T;NV AS Transporte;1;1;240.0;
2026-02-25;00:00;MP4a;Sonderausgang;2900173T;NV Fischer;1;4;3600.0;
2026-02-25;00:00;MP4a;Sonderausgang;2900201T;NV DS Transporte;1;4;864.0;
2026-02-25;00:00;MP4a;Sonderausgang;2900206T;NV Ciortan;2;2;361.0;
2026-02-25;00:00;MP4a;Sonderausgang;2900208T;NV Ciortan;1;2;140.0;
2026-02-25;00:00;MP4a;Sonderausgang;2900209T;NV Ciortan;1;1;12.3;
2026-02-25;00:00;MP4a;Sonderausgang;2900215T;NV DS Transporte;3;9;1608.0;
2026-02-25;00:00;MP4a;Sonderausgang;2900217T;NV DS Transporte;1;1;100.0;
2026-02-25;00:00;MP4a;Sonderausgang;2900220T;NV AS Transporte;3;6;683.0;
2026-02-25;00:00;MP4a;Sonderausgang;2900222T;NV AS Transporte;7;13;1930.2;
2026-02-25;00:00;MP4a;Sonderausgang;2900224T;NV AS Transporte;3;3;441.0;
2026-02-25;00:00;MP4a;Sonderausgang;2900228T;NV Tiroch;5;28;1061.0;
2026-02-25;00:00;MP4a;Sonderausgang;2900230T;NV Tiroch;1;1;237.0;
2026-02-25;00:00;MP4a;Sonderausgang;2900233T;NV Tiroch;20;26;620.0;
2026-02-25;00:00;MP4a;Sonderausgang;2900239T;NV AS Transporte;4;12;562.0;
2026-02-25;00:00;MP4a;Sonderausgang;2900246T;NV AS Transporte;2;2;250.0;
2026-02-25;00:00;MP4a;Sonderausgang;2900253T;NV Alexandru;1;1;800.0;
2026-02-25;00:00;MP4a;Sonderausgang;2900255T;NV Strauss;2;5;543.8;
2026-02-25;00:00;MP4a;Sonderausgang;2900256T;NV Strauss;1;1;80.0;
2026-02-25;00:00;MP4a;Sonderausgang;2900265T;NV Bogos Transporte;1;4;44.0;
2026-02-25;00:00;MP4a;Sonderausgang;2900267T;NV Bogos Transporte;2;2;473.0;
2026-02-25;00:00;MP4a;Sonderausgang;2900269T;NV Bogos Transporte;2;5;602.0;
2026-02-25;00:00;MP4a;Sonderausgang;2900270T;NV VP Logistik;3;3;370.0;
2026-02-25;00:00;MP4a;Sonderausgang;2900271T;NV VP Logistik;4;4;1088.0;
2026-02-25;00:00;MP4a;Sonderausgang;2900274T;NV VP Logistik;1;1;84.0;
2026-02-25;00:00;MP4a;Sonderausgang;2900277T;NV Tuncay;1;1;26.0;
2026-02-25;00:00;MP4a;Sonderausgang;2900278T;NV Tuncay;1;1;302.0;
2026-02-25;00:00;MP4a;Sonderausgang;2900279T;NV Tuncay;2;2;170.2;
2026-02-25;00:00;MP4a;Sonderausgang;2900285T;NV Silagi;1;1;82.0;
2026-02-25;00:00;MP4a;Sonderausgang;2900518T;NV AS Transporte;2;5;366.0;
2026-02-25;00:00;MP4a;Sonderausgang;2900520T;NV Ciortan;1;1;150.0;
2026-02-25;00:00;MP4a;Sonderausgang;2900522T;NV Ciortan;1;1;333.0;
2026-02-25;00:00;MP4a;Sonderausgang;2900524T;NV AS Transporte;2;17;265.0;
2026-02-25;00:00;MP4a;Sonderausgang;2900527T;WAB NV - großer NV;8;67;10903.0;
2026-02-25;00:00;MP4a;Sonderausgang;2900581T;WAB NV - großer NV;2;10;1684.9;
2026-02-25;00:00;MP4a;Sonderausgang;2900591T;WAB NV - großer NV;3;149;29635.0;
2026-02-25;00:00;MP4a;Sonderausgang;2900601T;WAB NV - großer NV;6;59;12225.0;
2026-02-25;00:00;MP4a;Sonderausgang;2900631T;WAB NV - großer NV;1;144;87984.0;
2026-02-25;00:00;MP4a;Sonderausgang;2900645T;WAB NV - großer NV;1;9;7020.0;
2026-02-25;00:00;MP4a;Sonderausgang;2900655T;WAB NV - großer NV;7;7;732.0;
2026-02-25;00:00;MP4a;Sonderausgang;2900665T;WAB NV - großer NV;4;50;15157.0;
2026-02-25;00:00;MP4a;Sonderausgang;2900685T;WAB NV - großer NV;1;121;24200.0;
2026-02-25;00:00;MP4a;Sonderausgang;2900697T;WAB NV - großer NV;1;1;97.0;
2026-02-25;00:00;MP4a;Sonderausgang;2900719T;WAB NV - großer NV;1;1;160.0;
2026-02-25;00:00;MP4a;Sonderausgang;2900733T;WAB NV - großer NV;6;184;40332.2;
2026-02-25;00:00;MP4a;Sonderausgang;2900759T;WAB NV - großer NV;1;1;111.0;
2026-02-25;00:00;MP4a;Sonderausgang;2900799T;WAB NV - großer NV;3;46;11058.0;
2026-02-25;00:00;MP4a;Sonderausgang;2900856T;NV Ciortan;1;1;25.0;
2026-02-25;00:00;MP4a;Sonderausgang;2900868T;NV Yeritsyan;1;1;450.0;
2026-02-25;00:00;MP4a;Sonderausgang;2900870T;NV Yeritsyan;1;1;28.0;
2026-02-25;00:00;MP4a;Sonderausgang;2900895T;WAB NV - großer NV;2;10;6755.0;
2026-02-25;00:00;MP4a;Sonderausgang;2900920T;WAB NV - großer NV;4;5;440.0;
2026-02-25;00:00;MP4a;Sonderausgang;2900989T;WAB NV - großer NV;3;54;33762.0;
2026-02-25;00:00;MP4a;Sonderausgang;2901026T;NV AS Transporte;1;1;146.0;
2026-02-25;00:00;MP4a;Sonderausgang;2901029T;Sonderfahrten;2;2;160.5;
2026-02-25;00:00;MP4a;Sonderausgang;2901036T;NV Yeritsyan;1;1;78.0;
2026-02-25;00:00;MP4a;Sonderausgang;2901043T;NV LT Trans;1;1;96.0;
2026-02-25;00:00;MP4a;Sonderausgang;2901045T;NV LT Trans;4;4;947.0;
2026-02-25;00:00;MP4a;Sonderausgang;2901047T;NV Silagi;3;3;541.0;
2026-02-25;00:00;MP4a;Sonderausgang;2901048T;NV Silagi;1;1;246.4;
2026-02-25;00:00;MP4a;Sonderausgang;2901102T;NV Silagi;1;4;648.0;
2026-02-25;00:00;MP4a;Sonderausgang;2901103T;NV Silagi;3;3;1039.0;
2026-02-25;00:00;MP4a;Sonderausgang;2901134T;Direkt ab Gersthofen;2;53;19295.0;
2026-02-25;00:00;MP4a;Sonderausgang;2901444T;NV Strauss;1;1;60.0;
2026-02-25;00:00;MP4a;Sonderausgang;2901453T;NV AS Transporte;1;1;177.0;
2026-02-25;00:00;MP4a;Sonderausgang;2901865T;WAB NV - großer NV;1;1;100.4;
2026-02-25;00:00;MP4a;Sonderausgang;2901875T;WAB NV - großer NV;1;100;15100.0;
2026-02-25;00:00;MP4a;Sonderausgang;2902177T;WAB NV - erweitert;2;100;83026.0;
2026-02-25;00:00;MP4a;Sonderausgang;2902179T;WAB NV - großer NV;1;1;83.0;
2026-02-25;00:00;MP4a;Sonderausgang;2902390T;NV Fischer;1;4;34.2;
2026-02-25;00:00;MP4a;Sonderausgang;2902394T;NV Ciortan;2;10;7706.0;
2026-02-25;00:00;MP4a;Sonderausgang;2902395T;NV VP Logistik;1;1;97.5;
2026-02-25;00:00;MP4a;Sonderausgang;2902396T;NV VP Logistik;1;1;900.0;
2026-02-25;00:00;MP4a;Sonderausgang;2902400T;NV Tiroch;1;25;4283.6;
2026-02-25;00:00;MP4a;Sonderausgang;2902401T;NV Tiroch;4;4;1202.3;
2026-02-25;00:00;MP4a;Sonderausgang;2902404T;NV AS Transporte;3;27;965.0;
2026-02-25;00:00;MP4a;Sonderausgang;2902480T;WAB NV - großer NV;3;21;4959.3;
2026-02-25;00:00;MP4a;Sonderausgang;2902655T;WAB NV - großer NV;1;16;2290.3;
2026-02-25;00:00;MP4a;Sonderausgang;2902664T;Sonderfahrten;1;1;110.0;
2026-02-25;00:00;MP4a;Sonderausgang;2902776T;NV Strauss;1;1;191.0;
2026-02-25;00:00;MP4a;Sonderausgang;2903887T;WAB NV - großer NV;2;26;2352.0;
2026-02-25;00:00;MP4a;Sonderausgang;2905216T;WAB NV - großer NV;4;4;392.5;
2026-02-25;00:00;MP5;SE Entladung FV;;;2173;11048;2134051.3;
2026-02-25;00:00;MP7;SA Verladung FV;2898183T;WAB NV - großer NV;1;6;900.0;
2026-02-25;00:00;MP7;SA Verladung FV;2900148T;NV DS Transporte;9;67;4985.0;
2026-02-25;00:00;MP7;SA Verladung FV;2900149T;NV DS Transporte;9;9;609.0;
2026-02-25;00:00;MP7;SA Verladung FV;2900150T;NV Fischer;14;51;2513.0;
2026-02-25;00:00;MP7;SA Verladung FV;2900151T;NV Fischer;10;10;1485.0;
2026-02-25;00:00;MP7;SA Verladung FV;2900152T;NV Fischer;16;30;2128.7;
2026-02-25;00:00;MP7;SA Verladung FV;2900153T;NV Fischer;12;158;5508.0;
2026-02-25;00:00;MP7;SA Verladung FV;2900154T;NV Fischer;15;21;6083.0;
2026-02-25;00:00;MP7;SA Verladung FV;2900155T;NV DS Transporte;12;42;9804.0;
2026-02-25;00:00;MP7;SA Verladung FV;2900156T;NV DS Transporte;4;127;2339.0;
2026-02-25;00:00;MP7;SA Verladung FV;2900159T;NV Strauss;11;11;1844.4;
2026-02-25;00:00;MP7;SA Verladung FV;2900160T;NV Strauss;10;19;5259.9;
2026-02-25;00:00;MP7;SA Verladung FV;2900161T;NV Strauss;10;10;320.0;
2026-02-25;00:00;MP7;SA Verladung FV;2900162T;NV Strauss;5;6;328.0;
2026-02-25;00:00;MP7;SA Verladung FV;2900165T;NV Strauss;11;22;4387.0;
2026-02-25;00:00;MP7;SA Verladung FV;2900166T;NV Strauss;9;45;5588.0;
2026-02-25;00:00;MP7;SA Verladung FV;2900167T;NV DS Transporte;10;145;5997.0;
2026-02-25;00:00;MP7;SA Verladung FV;2900168T;NV DS Transporte;11;17;3488.1;
2026-02-25;00:00;MP7;SA Verladung FV;2900169T;NV AS Transporte;15;36;9131.6;
2026-02-25;00:00;MP7;SA Verladung FV;2900173T;NV Fischer;3;6;3331.0;
2026-02-25;00:00;MP7;SA Verladung FV;2900195T;NV DS Transporte;7;66;10905.0;
2026-02-25;00:00;MP7;SA Verladung FV;2900196T;NV DS Transporte;12;23;7477.3;
2026-02-25;00:00;MP7;SA Verladung FV;2900197T;NV Strauss;12;36;8127.8;
2026-02-25;00:00;MP7;SA Verladung FV;2900198T;NV Strauss;12;12;3565.6;
2026-02-25;00:00;MP7;SA Verladung FV;2900199T;NV DS Transporte;12;18;1082.0;
2026-02-25;00:00;MP7;SA Verladung FV;2900200T;NV DS Transporte;11;153;9071.0;
2026-02-25;00:00;MP7;SA Verladung FV;2900201T;NV DS Transporte;7;28;6027.0;
2026-02-25;00:00;MP7;SA Verladung FV;2900202T;NV DS Transporte;13;27;4437.2;
2026-02-25;00:00;MP7;SA Verladung FV;2900205T;NV DS Transporte;13;21;739.2;
2026-02-25;00:00;MP7;SA Verladung FV;2900206T;NV Ciortan;11;22;4403.0;
2026-02-25;00:00;MP7;SA Verladung FV;2900208T;NV Ciortan;17;84;8060.0;
2026-02-25;00:00;MP7;SA Verladung FV;2900209T;NV Ciortan;14;20;1130.0;
2026-02-25;00:00;MP7;SA Verladung FV;2900210T;NV AS Transporte;17;35;4381.0;
2026-02-25;00:00;MP7;SA Verladung FV;2900212T;NV AS Transporte;9;37;9032.6;
2026-02-25;00:00;MP7;SA Verladung FV;2900215T;NV DS Transporte;7;49;6572.0;
2026-02-25;00:00;MP7;SA Verladung FV;2900217T;NV DS Transporte;10;27;913.0;
2026-02-25;00:00;MP7;SA Verladung FV;2900220T;NV AS Transporte;12;27;3115.0;
2026-02-25;00:00;MP7;SA Verladung FV;2900222T;NV AS Transporte;7;28;2702.0;
2026-02-25;00:00;MP7;SA Verladung FV;2900224T;NV AS Transporte;14;20;2731.0;
2026-02-25;00:00;MP7;SA Verladung FV;2900228T;NV Tiroch;8;11;1646.7;
2026-02-25;00:00;MP7;SA Verladung FV;2900229T;NV Tiroch;11;73;6665.5;
2026-02-25;00:00;MP7;SA Verladung FV;2900230T;NV Tiroch;11;17;4863.7;
2026-02-25;00:00;MP7;SA Verladung FV;2900233T;NV Tiroch;2;2;203.0;
2026-02-25;00:00;MP7;SA Verladung FV;2900234T;NV Tiroch;10;34;707.0;
2026-02-25;00:00;MP7;SA Verladung FV;2900239T;NV AS Transporte;12;20;3028.4;
2026-02-25;00:00;MP7;SA Verladung FV;2900243T;DM AS-Transport;9;12;4518.0;
2026-02-25;00:00;MP7;SA Verladung FV;2900246T;NV AS Transporte;16;38;3604.5;
2026-02-25;00:00;MP7;SA Verladung FV;2900253T;NV Alexandru;7;18;3334.0;
2026-02-25;00:00;MP7;SA Verladung FV;2900255T;NV Strauss;7;41;5162.0;
2026-02-25;00:00;MP7;SA Verladung FV;2900256T;NV Strauss;9;24;2407.9;
2026-02-25;00:00;MP7;SA Verladung FV;2900257T;Sonderfahrten;19;42;948.4;
2026-02-25;00:00;MP7;SA Verladung FV;2900259T;DM AS-Transport;8;62;23690.0;
2026-02-25;00:00;MP7;SA Verladung FV;2900260T;DM AS-Transport;10;38;10171.0;
2026-02-25;00:00;MP7;SA Verladung FV;2900261T;DM AS-Transport;8;61;18330.0;
2026-02-25;00:00;MP7;SA Verladung FV;2900265T;NV Bogos Transporte;14;196;5857.0;
2026-02-25;00:00;MP7;SA Verladung FV;2900267T;NV Bogos Transporte;15;21;4381.0;
2026-02-25;00:00;MP7;SA Verladung FV;2900269T;NV Bogos Transporte;13;22;3552.8;
2026-02-25;00:00;MP7;SA Verladung FV;2900270T;NV VP Logistik;11;113;2492.0;
2026-02-25;00:00;MP7;SA Verladung FV;2900271T;NV VP Logistik;15;18;1926.0;
2026-02-25;00:00;MP7;SA Verladung FV;2900274T;NV VP Logistik;8;16;3171.5;
2026-02-25;00:00;MP7;SA Verladung FV;2900277T;NV Tuncay;12;21;2900.0;
2026-02-25;00:00;MP7;SA Verladung FV;2900278T;NV Tuncay;14;53;7891.0;
2026-02-25;00:00;MP7;SA Verladung FV;2900279T;NV Tuncay;11;14;2295.0;
2026-02-25;00:00;MP7;SA Verladung FV;2900280T;NV Guth;9;50;13231.0;
2026-02-25;00:00;MP7;SA Verladung FV;2900281T;NV Guth;13;46;6601.0;
2026-02-25;00:00;MP7;SA Verladung FV;2900284T;Sonderfahrten;3;9;2700.0;
2026-02-25;00:00;MP7;SA Verladung FV;2900285T;NV Silagi;15;18;877.0;
2026-02-25;00:00;MP7;SA Verladung FV;2900444T;DM AS-Transport;18;141;40266.0;
2026-02-25;00:00;MP7;SA Verladung FV;2900446T;DM AS-Transport;12;64;23324.0;
2026-02-25;00:00;MP7;SA Verladung FV;2900448T;DM AS-Transport;21;135;31752.0;
2026-02-25;00:00;MP7;SA Verladung FV;2900450T;DM AS-Transport;17;203;53224.0;
2026-02-25;00:00;MP7;SA Verladung FV;2900456T;DM AS-Transport;18;100;30545.0;
2026-02-25;00:00;MP7;SA Verladung FV;2900458T;DM AS-Transport;10;157;42813.0;
2026-02-25;00:00;MP7;SA Verladung FV;2900460T;DM AS-Transport;15;130;43987.0;
2026-02-25;00:00;MP7;SA Verladung FV;2900462T;DM AS-Transport;12;75;25320.0;
2026-02-25;00:00;MP7;SA Verladung FV;2900515T;WAB NV - großer NV;3;6;1610.0;
2026-02-25;00:00;MP7;SA Verladung FV;2900516T;NV AS Transporte;23;83;10536.5;
2026-02-25;00:00;MP7;SA Verladung FV;2900518T;NV AS Transporte;19;139;9193.0;
2026-02-25;00:00;MP7;SA Verladung FV;2900520T;NV Ciortan;25;88;22529.0;
2026-02-25;00:00;MP7;SA Verladung FV;2900522T;NV Ciortan;19;79;20777.0;
2026-02-25;00:00;MP7;SA Verladung FV;2900524T;NV AS Transporte;17;76;7005.5;
2026-02-25;00:00;MP7;SA Verladung FV;2900527T;WAB NV - großer NV;3;262;60856.0;
2026-02-25;00:00;MP7;SA Verladung FV;2900569T;WAB NV - großer NV;13;82;44696.0;
2026-02-25;00:00;MP7;SA Verladung FV;2900581T;WAB NV - großer NV;15;94;62810.0;
2026-02-25;00:00;MP7;SA Verladung FV;2900591T;WAB NV - großer NV;8;52;27384.4;
2026-02-25;00:00;MP7;SA Verladung FV;2900601T;WAB NV - großer NV;8;26;6119.0;
2026-02-25;00:00;MP7;SA Verladung FV;2900611T;WAB NV - großer NV;2;10;3121.0;
2026-02-25;00:00;MP7;SA Verladung FV;2900617T;WAB NV - großer NV;4;19;2698.0;
2026-02-25;00:00;MP7;SA Verladung FV;2900631T;WAB NV - großer NV;7;85;34080.4;
2026-02-25;00:00;MP7;SA Verladung FV;2900645T;WAB NV - großer NV;3;133;28839.0;
2026-02-25;00:00;MP7;SA Verladung FV;2900655T;WAB NV - großer NV;6;39;16423.0;
2026-02-25;00:00;MP7;SA Verladung FV;2900665T;WAB NV - großer NV;4;7;1396.5;
2026-02-25;00:00;MP7;SA Verladung FV;2900675T;WAB NV - großer NV;5;129;78134.5;
2026-02-25;00:00;MP7;SA Verladung FV;2900685T;WAB NV - großer NV;1;9;126.0;
2026-02-25;00:00;MP7;SA Verladung FV;2900697T;WAB NV - großer NV;14;266;41214.0;
2026-02-25;00:00;MP7;SA Verladung FV;2900715T;WAB NV - großer NV;2;97;25633.0;
2026-02-25;00:00;MP7;SA Verladung FV;2900719T;WAB NV - großer NV;3;158;33309.0;
2026-02-25;00:00;MP7;SA Verladung FV;2900733T;WAB NV - großer NV;3;14;4321.0;
2026-02-25;00:00;MP7;SA Verladung FV;2900743T;WAB NV - großer NV;3;33;16588.0;
2026-02-25;00:00;MP7;SA Verladung FV;2900759T;WAB NV - großer NV;21;83;18812.6;
2026-02-25;00:00;MP7;SA Verladung FV;2900769T;WAB NV - großer NV;2;18;6774.0;
2026-02-25;00:00;MP7;SA Verladung FV;2900789T;WAB NV - großer NV;16;107;3724.5;
2026-02-25;00:00;MP7;SA Verladung FV;2900799T;WAB NV - großer NV;9;73;20427.0;
2026-02-25;00:00;MP7;SA Verladung FV;2900809T;Sonderfahrten;11;14;979.3;
2026-02-25;00:00;MP7;SA Verladung FV;2900856T;NV Ciortan;15;67;5541.8;
2026-02-25;00:00;MP7;SA Verladung FV;2900868T;NV Yeritsyan;14;28;5634.0;
2026-02-25;00:00;MP7;SA Verladung FV;2900870T;NV Yeritsyan;14;63;4670.3;
2026-02-25;00:00;MP7;SA Verladung FV;2900895T;WAB NV - großer NV;6;65;20774.0;
2026-02-25;00:00;MP7;SA Verladung FV;2900920T;WAB NV - großer NV;2;2;237.0;
2026-02-25;00:00;MP7;SA Verladung FV;2900989T;WAB NV - großer NV;10;92;32046.0;
2026-02-25;00:00;MP7;SA Verladung FV;2901026T;NV AS Transporte;8;8;4106.0;
2026-02-25;00:00;MP7;SA Verladung FV;2901028T;NV Yeritsyan;14;18;2624.7;
2026-02-25;00:00;MP7;SA Verladung FV;2901029T;Sonderfahrten;17;17;886.0;
2026-02-25;00:00;MP7;SA Verladung FV;2901030T;NV VP Logistik;4;4;323.0;
2026-02-25;00:00;MP7;SA Verladung FV;2901035T;NV Yeritsyan;18;107;3553.6;
2026-02-25;00:00;MP7;SA Verladung FV;2901036T;NV Yeritsyan;17;62;12003.7;
2026-02-25;00:00;MP7;SA Verladung FV;2901040T;NV LT Trans;14;20;2425.0;
2026-02-25;00:00;MP7;SA Verladung FV;2901041T;NV LT Trans;6;6;210.5;
2026-02-25;00:00;MP7;SA Verladung FV;2901042T;Sonderfahrten;6;78;9311.0;
2026-02-25;00:00;MP7;SA Verladung FV;2901043T;NV LT Trans;10;36;8142.5;
2026-02-25;00:00;MP7;SA Verladung FV;2901044T;NV LT Trans;4;28;2707.0;
2026-02-25;00:00;MP7;SA Verladung FV;2901045T;NV LT Trans;13;13;1678.7;
2026-02-25;00:00;MP7;SA Verladung FV;2901047T;NV Silagi;18;42;3358.0;
2026-02-25;00:00;MP7;SA Verladung FV;2901048T;NV Silagi;21;43;5074.0;
2026-02-25;00:00;MP7;SA Verladung FV;2901049T;Sonderfahrten;13;37;826.0;
2026-02-25;00:00;MP7;SA Verladung FV;2901050T;Sonderfahrten;8;29;4209.0;
2026-02-25;00:00;MP7;SA Verladung FV;2901102T;NV Silagi;12;48;16505.0;
2026-02-25;00:00;MP7;SA Verladung FV;2901103T;NV Silagi;13;24;3108.0;
2026-02-25;00:00;MP7;SA Verladung FV;2901104T;Sonderfahrten;9;29;7378.0;
2026-02-25;00:00;MP7;SA Verladung FV;2901224T;DM AS-Transport;8;70;27271.0;
2026-02-25;00:00;MP7;SA Verladung FV;2901227T;DM AS-Transport;10;68;18180.0;
2026-02-25;00:00;MP7;SA Verladung FV;2901444T;NV Strauss;2;2;490.0;
2026-02-25;00:00;MP7;SA Verladung FV;2901445T;NV Strauss;1;1;35.0;
2026-02-25;00:00;MP7;SA Verladung FV;2901452T;NV DS Transporte;1;4;1472.0;
2026-02-25;00:00;MP7;SA Verladung FV;2901453T;NV AS Transporte;1;1;87.0;
2026-02-25;00:00;MP7;SA Verladung FV;2901481T;NV Strauss;1;1;30.0;
2026-02-25;00:00;MP7;SA Verladung FV;2901493T;NV Ciortan;1;1;19.0;
2026-02-25;00:00;MP7;SA Verladung FV;2901512T;NV Tiroch;1;1;83.0;
2026-02-25;00:00;MP7;SA Verladung FV;2901539T;NV Strauss;1;4;1308.0;
2026-02-25;00:00;MP7;SA Verladung FV;2901547T;NV Ciortan;1;2;60.0;
2026-02-25;00:00;MP7;SA Verladung FV;2901565T;NV Guth;2;2;86.0;
2026-02-25;00:00;MP7;SA Verladung FV;2901808T;NV Ciortan;1;8;468.0;
2026-02-25;00:00;MP7;SA Verladung FV;2901815T;WAB NV - großer NV;2;25;5919.0;
2026-02-25;00:00;MP7;SA Verladung FV;2901821T;WAB NV - großer NV;19;59;8014.0;
2026-02-25;00:00;MP7;SA Verladung FV;2901865T;WAB NV - großer NV;3;66;9452.0;
2026-02-25;00:00;MP7;SA Verladung FV;2901901T;WAB NV - großer NV;3;28;6156.0;
2026-02-25;00:00;MP7;SA Verladung FV;2902003T;WAB NV - großer NV;4;4;1124.0;
2026-02-25;00:00;MP7;SA Verladung FV;2902179T;WAB NV - großer NV;2;5;979.0;
2026-02-25;00:00;MP7;SA Verladung FV;2902204T;WAB NV - großer NV;1;25;25385.0;
2026-02-25;00:00;MP7;SA Verladung FV;2902310T;NV AS Transporte;4;12;6535.0;
2026-02-25;00:00;MP7;SA Verladung FV;2902325T;NV LT Trans;1;1;78.0;
2026-02-25;00:00;MP7;SA Verladung FV;2902389T;WAB NV - großer NV;5;7;528.4;
2026-02-25;00:00;MP7;SA Verladung FV;2902390T;NV Fischer;12;12;2087.4;
2026-02-25;00:00;MP7;SA Verladung FV;2902392T;NV VP Logistik;3;3;238.0;
2026-02-25;00:00;MP7;SA Verladung FV;2902393T;NV VP Logistik;5;56;2389.0;
2026-02-25;00:00;MP7;SA Verladung FV;2902394T;NV Ciortan;18;27;7174.1;
2026-02-25;00:00;MP7;SA Verladung FV;2902395T;NV VP Logistik;5;8;480.9;
2026-02-25;00:00;MP7;SA Verladung FV;2902396T;NV VP Logistik;8;86;9724.0;
2026-02-25;00:00;MP7;SA Verladung FV;2902397T;NV Ciortan;14;46;7739.0;
2026-02-25;00:00;MP7;SA Verladung FV;2902398T;NV Tiroch;15;44;3251.0;
2026-02-25;00:00;MP7;SA Verladung FV;2902399T;NV DS Transporte;11;14;813.0;
2026-02-25;00:00;MP7;SA Verladung FV;2902400T;NV Tiroch;10;43;4341.0;
2026-02-25;00:00;MP7;SA Verladung FV;2902401T;NV Tiroch;7;18;2446.8;
2026-02-25;00:00;MP7;SA Verladung FV;2902402T;NV Tiroch;12;18;3154.0;
2026-02-25;00:00;MP7;SA Verladung FV;2902403T;NV Tiroch;9;18;2710.2;
2026-02-25;00:00;MP7;SA Verladung FV;2902404T;NV AS Transporte;6;12;900.0;
2026-02-25;00:00;MP7;SA Verladung FV;2902405T;NV DS Transporte;9;9;896.0;
2026-02-25;00:00;MP7;SA Verladung FV;2902462T;WAB NV - großer NV;1;36;30330.0;
2026-02-25;00:00;MP7;SA Verladung FV;2902483T;WAB NV - großer NV;17;54;20757.5;
2026-02-25;00:00;MP7;SA Verladung FV;2902540T;NV VP Logistik;5;5;993.0;
2026-02-25;00:00;MP7;SA Verladung FV;2902542T;NV VP Logistik;4;15;5022.0;
2026-02-25;00:00;MP7;SA Verladung FV;2902655T;WAB NV - großer NV;1;1;26.0;
2026-02-25;00:00;MP7;SA Verladung FV;2903705T;WAB NV - großer NV;3;3;327.0;
2026-02-25;00:00;MP7;SA Verladung FV;2903761T;NV Ciortan;1;4;290.0;
2026-02-25;00:00;MP7;SA Verladung FV;2903765T;NV Ciortan;1;25;660.0;
2026-02-25;00:00;MP7;SA Verladung FV;2903781T;Sonderfahrten;1;1;203.9;
2026-02-25;00:00;MP7;SA Verladung FV;2903782T;Sonderfahrten;1;1;2.0;
2026-02-25;00:00;MP7;SA Verladung FV;2903887T;WAB NV - großer NV;1;1;139.0;
2026-02-25;00:00;MP7;SA Verladung FV;2905119T;NV AS Transporte;1;1;389.0;
2026-02-25;00:00;MP7;SA Verladung FV;2905216T;WAB NV - großer NV;2;2;108.0;
2026-02-25;00:00;MP7;SA Verladung FV;2906373T;NV Ciortan;1;1;125.0;
2026-02-25;00:00;MP9a;Sonderscan;;;19;44;2217.9;
2026-02-25;00:00;MP9b;NV Eingang;;;582;1851;266720.3;
2026-02-26;00:00;MP2;Nat. Eingang;;;12;79;27263.4;
2026-02-26;00:00;MP2;Nat. Eingang;2890952T;WAB NV - Abholer;1;16;15888.0;
2026-02-26;00:00;MP2;Nat. Eingang;2899180T;Hofmanagement;1;64;47768.0;
2026-02-26;00:00;MP2;Nat. Eingang;2900482T;Hofmanagement;1;4;2900.0;
2026-02-26;00:00;MP2;Nat. Eingang;2900533T;WAB NV - Abholer;1;81;20745.0;
2026-02-26;00:00;MP2;Nat. Eingang;2900603T;WAB NV - Abholer;1;1;78.2;
2026-02-26;00:00;MP2;Nat. Eingang;2901323T;Charter;2;101;9527.0;
2026-02-26;00:00;MP2;Nat. Eingang;2901435T;NV Fischer;2;2;40.0;
2026-02-26;00:00;MP2;Nat. Eingang;2901436T;NV Fischer;3;66;6997.0;
2026-02-26;00:00;MP2;Nat. Eingang;2901437T;NV Fischer;2;16;2468.0;
2026-02-26;00:00;MP2;Nat. Eingang;2901438T;NV Fischer;6;12;4066.0;
2026-02-26;00:00;MP2;Nat. Eingang;2901439T;NV DS Transporte;7;102;14129.0;
2026-02-26;00:00;MP2;Nat. Eingang;2901443T;NV Strauss;4;23;1932.0;
2026-02-26;00:00;MP2;Nat. Eingang;2901444T;NV Strauss;4;12;1913.0;
2026-02-26;00:00;MP2;Nat. Eingang;2901446T;NV Strauss;1;1;160.0;
2026-02-26;00:00;MP2;Nat. Eingang;2901450T;NV Strauss;1;1;12.0;
2026-02-26;00:00;MP2;Nat. Eingang;2901452T;NV DS Transporte;6;9;2957.7;
2026-02-26;00:00;MP2;Nat. Eingang;2901453T;NV AS Transporte;5;28;4817.0;
2026-02-26;00:00;MP2;Nat. Eingang;2901457T;NV Fischer;1;1;30.0;
2026-02-26;00:00;MP2;Nat. Eingang;2901480T;NV DS Transporte;7;50;4531.0;
2026-02-26;00:00;MP2;Nat. Eingang;2901482T;NV Strauss;10;68;10436.0;
2026-02-26;00:00;MP2;Nat. Eingang;2901483T;NV DS Transporte;2;3;130.0;
2026-02-26;00:00;MP2;Nat. Eingang;2901485T;NV DS Transporte;7;39;12205.0;
2026-02-26;00:00;MP2;Nat. Eingang;2901489T;NV DS Transporte;2;2;84.0;
2026-02-26;00:00;MP2;Nat. Eingang;2901492T;NV Ciortan;1;64;16800.0;
2026-02-26;00:00;MP2;Nat. Eingang;2901493T;NV Ciortan;2;2;81.0;
2026-02-26;00:00;MP2;Nat. Eingang;2901494T;NV AS Transporte;2;2;97.0;
2026-02-26;00:00;MP2;Nat. Eingang;2901495T;NV AS Transporte;15;54;1415.0;
2026-02-26;00:00;MP2;Nat. Eingang;2901496T;NV AS Transporte;4;22;4550.0;
2026-02-26;00:00;MP2;Nat. Eingang;2901499T;NV DS Transporte;7;10;2169.0;
2026-02-26;00:00;MP2;Nat. Eingang;2901501T;NV DS Transporte;5;16;1738.0;
2026-02-26;00:00;MP2;Nat. Eingang;2901504T;NV AS Transporte;5;8;2573.0;
2026-02-26;00:00;MP2;Nat. Eingang;2901506T;NV AS Transporte;4;10;987.0;
2026-02-26;00:00;MP2;Nat. Eingang;2901508T;NV AS Transporte;5;5;257.0;
2026-02-26;00:00;MP2;Nat. Eingang;2901511T;NV Tiroch;6;9;3418.0;
2026-02-26;00:00;MP2;Nat. Eingang;2901512T;NV Tiroch;10;126;7983.9;
2026-02-26;00:00;MP2;Nat. Eingang;2901513T;NV Tiroch;8;8;1200.0;
2026-02-26;00:00;MP2;Nat. Eingang;2901514T;NV Tiroch;3;3;650.0;
2026-02-26;00:00;MP2;Nat. Eingang;2901515T;NV Tiroch;3;6;1043.2;
2026-02-26;00:00;MP2;Nat. Eingang;2901517T;NV Tiroch;7;7;530.0;
2026-02-26;00:00;MP2;Nat. Eingang;2901518T;NV Tiroch;5;23;3256.0;
2026-02-26;00:00;MP2;Nat. Eingang;2901523T;NV AS Transporte;5;5;1081.0;
2026-02-26;00:00;MP2;Nat. Eingang;2901537T;NV Alexandru;6;14;2911.0;
2026-02-26;00:00;MP2;Nat. Eingang;2901540T;NV Strauss;3;5;561.0;
2026-02-26;00:00;MP2;Nat. Eingang;2901547T;NV Ciortan;3;3;135.0;
2026-02-26;00:00;MP2;Nat. Eingang;2901549T;NV Bogos Transporte;5;5;1053.1;
2026-02-26;00:00;MP2;Nat. Eingang;2901551T;NV Bogos Transporte;4;9;2021.0;
2026-02-26;00:00;MP2;Nat. Eingang;2901553T;NV Bogos Transporte;7;10;966.5;
2026-02-26;00:00;MP2;Nat. Eingang;2901554T;NV VP Logistik;5;5;406.0;
2026-02-26;00:00;MP2;Nat. Eingang;2901555T;NV VP Logistik;5;11;2363.0;
2026-02-26;00:00;MP2;Nat. Eingang;2901558T;NV VP Logistik;9;34;4901.0;
2026-02-26;00:00;MP2;Nat. Eingang;2901562T;NV Tuncay;4;7;1086.0;
2026-02-26;00:00;MP2;Nat. Eingang;2901563T;NV Tuncay;4;10;2111.0;
2026-02-26;00:00;MP2;Nat. Eingang;2901564T;NV Guth;5;5;1312.0;
2026-02-26;00:00;MP2;Nat. Eingang;2901567T;NV VP Logistik;4;12;2050.0;
2026-02-26;00:00;MP2;Nat. Eingang;2901569T;NV Silagi;1;6;1140.0;
2026-02-26;00:00;MP2;Nat. Eingang;2901770T;Hofmanagement;32;111;33959.6;
2026-02-26;00:00;MP2;Nat. Eingang;2901804T;NV AS Transporte;3;3;194.0;
2026-02-26;00:00;MP2;Nat. Eingang;2901806T;NV AS Transporte;19;45;14545.0;
2026-02-26;00:00;MP2;Nat. Eingang;2901808T;NV Ciortan;5;24;6504.0;
2026-02-26;00:00;MP2;Nat. Eingang;2901810T;NV Ciortan;7;52;11335.0;
2026-02-26;00:00;MP2;Nat. Eingang;2901812T;NV AS Transporte;7;31;2352.5;
2026-02-26;00:00;MP2;Nat. Eingang;2901817T;WAB NV - Abholer;17;50;8678.6;
2026-02-26;00:00;MP2;Nat. Eingang;2901823T;WAB NV - Abholer;23;43;3486.3;
2026-02-26;00:00;MP2;Nat. Eingang;2901833T;WAB NV - erweitert;1;25;3750.0;
2026-02-26;00:00;MP2;Nat. Eingang;2901845T;WAB NV - Abholer;9;126;15049.0;
2026-02-26;00:00;MP2;Nat. Eingang;2901855T;WAB NV - Abholer;16;32;3312.1;
2026-02-26;00:00;MP2;Nat. Eingang;2901859T;WAB NV - Abholer;18;52;16235.0;
2026-02-26;00:00;MP2;Nat. Eingang;2901867T;WAB NV - Abholer;8;25;6775.0;
2026-02-26;00:00;MP2;Nat. Eingang;2901877T;WAB NV - Abholer;34;34;9871.0;
2026-02-26;00:00;MP2;Nat. Eingang;2901881T;WAB NV - Abholer;21;27;3012.1;
2026-02-26;00:00;MP2;Nat. Eingang;2901887T;WAB NV - Abholer;18;21;2903.1;
2026-02-26;00:00;MP2;Nat. Eingang;2901897T;WAB NV - Abholer;20;129;16926.0;
2026-02-26;00:00;MP2;Nat. Eingang;2901903T;WAB NV - Abholer;21;86;43541.0;
2026-02-26;00:00;MP2;Nat. Eingang;2901911T;WAB NV - erweitert;3;114;15948.0;
2026-02-26;00:00;MP2;Nat. Eingang;2901917T;WAB NV - Abholer;1;4;7380.0;
2026-02-26;00:00;MP2;Nat. Eingang;2901921T;WAB NV - Abholer;1;400;76000.0;
2026-02-26;00:00;MP2;Nat. Eingang;2901941T;WAB NV - Abholer;11;36;23341.0;
2026-02-26;00:00;MP2;Nat. Eingang;2901961T;WAB NV - Abholer;22;42;13703.8;
2026-02-26;00:00;MP2;Nat. Eingang;2901983T;WAB NV - Abholer;6;21;4393.4;
2026-02-26;00:00;MP2;Nat. Eingang;2901991T;WAB NV - Abholer;6;28;21320.0;
2026-02-26;00:00;MP2;Nat. Eingang;2901995T;WAB NV - Abholer;25;255;7052.9;
2026-02-26;00:00;MP2;Nat. Eingang;2902005T;WAB NV - Abholer;31;194;7587.7;
2026-02-26;00:00;MP2;Nat. Eingang;2902009T;WAB NV - Abholer;26;78;16195.0;
2026-02-26;00:00;MP2;Nat. Eingang;2902019T;WAB NV - Abholer;11;92;22164.0;
2026-02-26;00:00;MP2;Nat. Eingang;2902045T;WAB NV - Abholer;5;22;3791.0;
2026-02-26;00:00;MP2;Nat. Eingang;2902055T;WAB NV - Abholer;25;43;23704.0;
2026-02-26;00:00;MP2;Nat. Eingang;2902075T;WAB NV - Abholer;12;105;7797.2;
2026-02-26;00:00;MP2;Nat. Eingang;2902085T;WAB NV - Abholer;21;27;7041.8;
2026-02-26;00:00;MP2;Nat. Eingang;2902093T;Sonderfahrten;1;1;30.0;
2026-02-26;00:00;MP2;Nat. Eingang;2902140T;NV Ciortan;4;28;827.0;
2026-02-26;00:00;MP2;Nat. Eingang;2902152T;NV Yeritsyan;4;7;1215.0;
2026-02-26;00:00;MP2;Nat. Eingang;2902154T;NV Yeritsyan;4;5;927.0;
2026-02-26;00:00;MP2;Nat. Eingang;2902171T;WAB NV - Abholer;12;18;5449.0;
2026-02-26;00:00;MP2;Nat. Eingang;2902177T;WAB NV - erweitert;10;99;11381.0;
2026-02-26;00:00;MP2;Nat. Eingang;2902180T;WAB NV - Abholer;31;42;3124.0;
2026-02-26;00:00;MP2;Nat. Eingang;2902188T;WAB NV - Abholer;22;25;1302.3;
2026-02-26;00:00;MP2;Nat. Eingang;2902198T;WAB NV - Abholer;21;41;24661.0;
2026-02-26;00:00;MP2;Nat. Eingang;2902200T;WAB NV - Abholer;29;32;11099.0;
2026-02-26;00:00;MP2;Nat. Eingang;2902205T;WAB NV - Abholer;39;45;7516.7;
2026-02-26;00:00;MP2;Nat. Eingang;2902224T;WAB NV - Abholer;17;108;8863.0;
2026-02-26;00:00;MP2;Nat. Eingang;2902236T;WAB NV - Abholer;20;143;20476.7;
2026-02-26;00:00;MP2;Nat. Eingang;2902238T;WAB NV - Abholer;19;19;1526.0;
2026-02-26;00:00;MP2;Nat. Eingang;2902250T;WAB NV - Abholer;25;49;12593.1;
2026-02-26;00:00;MP2;Nat. Eingang;2902252T;WAB NV - Abholer;24;208;74681.6;
2026-02-26;00:00;MP2;Nat. Eingang;2902254T;WAB NV - Abholer;10;19;3637.8;
2026-02-26;00:00;MP2;Nat. Eingang;2902260T;WAB NV - Abholer;5;73;27334.9;
2026-02-26;00:00;MP2;Nat. Eingang;2902262T;WAB NV - Abholer;14;148;16305.8;
2026-02-26;00:00;MP2;Nat. Eingang;2902276T;WAB NV - Abholer;14;14;5140.0;
2026-02-26;00:00;MP2;Nat. Eingang;2902278T;WAB NV - Abholer;11;23;2206.3;
2026-02-26;00:00;MP2;Nat. Eingang;2902310T;NV AS Transporte;10;13;1445.0;
2026-02-26;00:00;MP2;Nat. Eingang;2902312T;NV Yeritsyan;1;1;140.0;
2026-02-26;00:00;MP2;Nat. Eingang;2902314T;NV VP Logistik;2;2;242.0;
2026-02-26;00:00;MP2;Nat. Eingang;2902319T;NV Yeritsyan;3;6;3856.0;
2026-02-26;00:00;MP2;Nat. Eingang;2902320T;NV Yeritsyan;5;61;9405.0;
2026-02-26;00:00;MP2;Nat. Eingang;2902323T;Sonderfahrten;2;10;3877.0;
2026-02-26;00:00;MP2;Nat. Eingang;2902325T;NV LT Trans;1;64;6680.0;
2026-02-26;00:00;MP2;Nat. Eingang;2902326T;Sonderfahrten;5;8;2769.2;
2026-02-26;00:00;MP2;Nat. Eingang;2902328T;NV LT Trans;3;6;975.0;
2026-02-26;00:00;MP2;Nat. Eingang;2902329T;NV LT Trans;8;22;5352.0;
2026-02-26;00:00;MP2;Nat. Eingang;2902331T;NV Silagi;1;1;28.0;
2026-02-26;00:00;MP2;Nat. Eingang;2902332T;NV Silagi;4;10;2388.0;
2026-02-26;00:00;MP2;Nat. Eingang;2902366T;WAB NV - Abholer;13;16;2737.0;
2026-02-26;00:00;MP2;Nat. Eingang;2902378T;WAB NV - Abholer;2;130;15820.0;
2026-02-26;00:00;MP2;Nat. Eingang;2902382T;WAB NV - Abholer;33;44;15173.3;
2026-02-26;00:00;MP2;Nat. Eingang;2902386T;NV Silagi;3;4;1074.6;
2026-02-26;00:00;MP2;Nat. Eingang;2902387T;NV Silagi;8;17;5273.0;
2026-02-26;00:00;MP2;Nat. Eingang;2902388T;Sonderfahrten;1;1;45.0;
2026-02-26;00:00;MP2;Nat. Eingang;2902636T;WAB NV - Abholer;22;39;11316.0;
2026-02-26;00:00;MP2;Nat. Eingang;2903097T;Hofmanagement;2;10;389.0;
2026-02-26;00:00;MP2;Nat. Eingang;2903410T;WAB NV - Abholer;2;2;13.1;
2026-02-26;00:00;MP2;Nat. Eingang;2903573T;WAB NV - Abholer;10;43;19890.0;
2026-02-26;00:00;MP2;Nat. Eingang;2903761T;NV Ciortan;4;57;25397.7;
2026-02-26;00:00;MP2;Nat. Eingang;2903762T;NV Fischer;11;22;1399.0;
2026-02-26;00:00;MP2;Nat. Eingang;2903763T;NV Fischer;3;11;5799.0;
2026-02-26;00:00;MP2;Nat. Eingang;2903764T;NV Fischer;8;32;5393.0;
2026-02-26;00:00;MP2;Nat. Eingang;2903765T;NV Ciortan;2;32;7400.0;
2026-02-26;00:00;MP2;Nat. Eingang;2903766T;NV VP Logistik;4;28;2128.3;
2026-02-26;00:00;MP2;Nat. Eingang;2903772T;NV Tiroch;1;4;836.0;
2026-02-26;00:00;MP2;Nat. Eingang;2903773T;NV Tiroch;3;6;826.0;
2026-02-26;00:00;MP2;Nat. Eingang;2903776T;NV Tiroch;3;18;5200.0;
2026-02-26;00:00;MP2;Nat. Eingang;2903777T;NV DS Transporte;5;11;898.0;
2026-02-26;00:00;MP2;Nat. Eingang;2903778T;NV DS Transporte;2;20;1234.0;
2026-02-26;00:00;MP2;Nat. Eingang;2903779T;NV Strauss;4;4;1563.0;
2026-02-26;00:00;MP2;Nat. Eingang;2903827T;Sonderfahrten;1;1;150.0;
2026-02-26;00:00;MP2;Nat. Eingang;2904084T;WAB NV - Abholer;5;8;1464.0;
2026-02-26;00:00;MP2;Nat. Eingang;2905106T;NV VP Logistik;1;100;12604.0;
2026-02-26;00:00;MP2;Nat. Eingang;2905124T;Fallback;1;9;6000.0;
2026-02-26;00:00;MP2;Nat. Eingang;2905266T;WAB NV - Abholer;24;33;5194.0;
2026-02-26;00:00;MP2;Nat. Eingang;2905271T;WAB NV - Abholer;9;9;7270.6;
2026-02-26;00:00;MP2;Nat. Eingang;2905280T;WAB NV - Abholer;18;27;2538.1;
2026-02-26;00:00;MP2;Nat. Eingang;2905286T;WAB NV - Abholer;9;42;12321.0;
2026-02-26;00:00;MP2;Nat. Eingang;2907265T;WAB NV - Abholer;1;1;35.0;
2026-02-26;00:00;MP2;Nat. Eingang;2907463T;WAB NV - Abholer;1;1;250.4;
2026-02-26;00:00;MP2;Nat. Eingang;2907469T;WAB NV - Abholer;1;1;97.5;
2026-02-26;00:00;MP4;Nat. Ausgang;;;15;21;5331.2;
2026-02-26;00:00;MP4;Nat. Ausgang;2897899T;Linien Süd;1;2;292.0;
2026-02-26;00:00;MP4;Nat. Ausgang;2900388T;Linien International;1;1;57.0;
2026-02-26;00:00;MP4;Nat. Ausgang;2900402T;Linien Süd;1;1;87.4;
2026-02-26;00:00;MP4;Nat. Ausgang;2900476T;Fernverkehr AS;1;3;218.4;
2026-02-26;00:00;MP4;Nat. Ausgang;2900818T;Linien Ruhr;2;6;564.5;
2026-02-26;00:00;MP4;Nat. Ausgang;2901671T;Linien International;12;53;6867.9;
2026-02-26;00:00;MP4;Nat. Ausgang;2901673T;Linien International;27;56;15881.7;
2026-02-26;00:00;MP4;Nat. Ausgang;2901675T;Linien International;18;305;41622.0;
2026-02-26;00:00;MP4;Nat. Ausgang;2901677T;Linien International;9;17;7128.9;
2026-02-26;00:00;MP4;Nat. Ausgang;2901681T;Linien International;20;98;22190.5;
2026-02-26;00:00;MP4;Nat. Ausgang;2901683T;Linien Mitte;7;228;41274.5;
2026-02-26;00:00;MP4;Nat. Ausgang;2901685T;Linien Süd;19;22;3607.0;
2026-02-26;00:00;MP4;Nat. Ausgang;2901687T;Linien Süd;11;37;11583.0;
2026-02-26;00:00;MP4;Nat. Ausgang;2901689T;Linien Süd;51;86;21899.0;
2026-02-26;00:00;MP4;Nat. Ausgang;2901693T;Linien Süd;35;93;18211.8;
2026-02-26;00:00;MP4;Nat. Ausgang;2901697T;Linien Süd;28;123;24314.6;
2026-02-26;00:00;MP4;Nat. Ausgang;2901699T;Linien Süd;8;22;8849.4;
2026-02-26;00:00;MP4;Nat. Ausgang;2901701T;Linien Südwest;47;113;14625.1;
2026-02-26;00:00;MP4;Nat. Ausgang;2901756T;Fernverkehr AS;36;81;13530.5;
2026-02-26;00:00;MP4;Nat. Ausgang;2902094T;Linien Ruhr;13;97;12528.7;
2026-02-26;00:00;MP4;Nat. Ausgang;2902098T;Linien Ruhr;38;61;22146.3;
2026-02-26;00:00;MP4;Nat. Ausgang;2902102T;Linien Ruhr;44;106;30172.1;
2026-02-26;00:00;MP4;Nat. Ausgang;2902106T;Linien Mitte;35;98;10433.9;
2026-02-26;00:00;MP4;Nat. Ausgang;2902110T;Linien Mitte;25;93;13863.8;
2026-02-26;00:00;MP4;Nat. Ausgang;2902112T;Linien Ost;30;57;8058.6;
2026-02-26;00:00;MP4;Nat. Ausgang;2902116T;Linien Südwest;29;43;8650.5;
2026-02-26;00:00;MP4;Nat. Ausgang;2902120T;Linien Südwest;20;271;72065.0;
2026-02-26;00:00;MP4;Nat. Ausgang;2902124T;Linien Süd;47;170;45702.6;
2026-02-26;00:00;MP4;Nat. Ausgang;2902128T;Linien Süd;39;242;58586.8;
2026-02-26;00:00;MP4;Nat. Ausgang;2902132T;Linien Süd;39;86;19487.5;
2026-02-26;00:00;MP4;Nat. Ausgang;2902136T;Linien Ost;24;70;9821.0;
2026-02-26;00:00;MP4;Nat. Ausgang;2902142T;Linien Süd;21;73;4789.0;
2026-02-26;00:00;MP4;Nat. Ausgang;2902146T;Linien Mitte;30;91;11981.8;
2026-02-26;00:00;MP4;Nat. Ausgang;2902150T;Linien Mitte;32;95;15731.9;
2026-02-26;00:00;MP4;Nat. Ausgang;2902155T;Linien Süd;23;272;37037.0;
2026-02-26;00:00;MP4;Nat. Ausgang;2902157T;Linien Südwest;36;77;13054.5;
2026-02-26;00:00;MP4;Nat. Ausgang;2902161T;Linien International;6;17;4400.3;
2026-02-26;00:00;MP4;Nat. Ausgang;2902165T;Linien Ost;27;157;40589.4;
2026-02-26;00:00;MP4;Nat. Ausgang;2902282T;Linien International;17;108;36254.2;
2026-02-26;00:00;MP4;Nat. Ausgang;2902284T;Linien International;16;19;5938.7;
2026-02-26;00:00;MP4;Nat. Ausgang;2902288T;Linien International;6;38;3721.3;
2026-02-26;00:00;MP4;Nat. Ausgang;2902290T;Linien International;9;9;2189.6;
2026-02-26;00:00;MP4;Nat. Ausgang;2902292T;Linien Nord;35;111;12840.9;
2026-02-26;00:00;MP4;Nat. Ausgang;2902296T;Linien Nord;4;54;4072.6;
2026-02-26;00:00;MP4;Nat. Ausgang;2902298T;Linien Süd;31;81;21094.4;
2026-02-26;00:00;MP4;Nat. Ausgang;2902302T;Linien Süd;6;9;4953.9;
2026-02-26;00:00;MP4;Nat. Ausgang;2902304T;Linien Süd;21;146;33275.9;
2026-02-26;00:00;MP4;Nat. Ausgang;2902308T;Linien Süd;6;25;5933.6;
2026-02-26;00:00;MP4;Nat. Ausgang;2902315T;Linien Mitte;30;204;51688.9;
2026-02-26;00:00;MP4;Nat. Ausgang;2902347T;Linien Nord;15;156;17244.7;
2026-02-26;00:00;MP4;Nat. Ausgang;2902349T;Linien Ruhr;21;39;4818.7;
2026-02-26;00:00;MP4;Nat. Ausgang;2902351T;Linien Mitte;34;163;47530.4;
2026-02-26;00:00;MP4;Nat. Ausgang;2902355T;Linien Süd;25;105;27712.1;
2026-02-26;00:00;MP4;Nat. Ausgang;2902359T;Linien Süd;23;94;6474.8;
2026-02-26;00:00;MP4;Nat. Ausgang;2902363T;Linien Süd;8;31;1989.3;
2026-02-26;00:00;MP4;Nat. Ausgang;2902492T;Linien Ruhr;1;3;520.0;
2026-02-26;00:00;MP4;Nat. Ausgang;2902785T;Fernverkehr AS;31;109;26250.2;
2026-02-26;00:00;MP4;Nat. Ausgang;2903087T;Fernverkehr AS;12;21;2944.9;
2026-02-26;00:00;MP4;Nat. Ausgang;2903164T;WAB NV - erweitert;9;153;13921.4;
2026-02-26;00:00;MP4;Nat. Ausgang;2903425T;Linien Ruhr;13;124;3546.9;
2026-02-26;00:00;MP4;Nat. Ausgang;2903433T;Linien Ruhr;6;21;6935.0;
2026-02-26;00:00;MP4;Nat. Ausgang;2903441T;Linien Mitte;2;6;4144.0;
2026-02-26;00:00;MP4;Nat. Ausgang;2903477T;Linien Mitte;17;74;20294.4;
2026-02-26;00:00;MP4;Nat. Ausgang;2903492T;Linien International;1;18;11338.9;
2026-02-26;00:00;MP4;Nat. Ausgang;2903496T;Linien Ost;4;27;16295.1;
2026-02-26;00:00;MP4;Nat. Ausgang;2903678T;Linien Nord;8;8;2098.0;
2026-02-26;00:00;MP4;Nat. Ausgang;2903682T;Linien Mitte;2;17;1717.0;
2026-02-26;00:00;MP4;Nat. Ausgang;2903718T;WAB NV - großer NV;2;10;3851.0;
2026-02-26;00:00;MP4;Nat. Ausgang;2903803T;Linien International;32;72;13788.0;
2026-02-26;00:00;MP4;Nat. Ausgang;2903840T;Linien Süd;9;9;883.9;
2026-02-26;00:00;MP4;Nat. Ausgang;2903865T;Linien Südwest;16;73;15941.6;
2026-02-26;00:00;MP4;Nat. Ausgang;2903943T;Linien International;29;465;63883.0;
2026-02-26;00:00;MP4;Nat. Ausgang;2903947T;Linien Südwest;30;110;22961.3;
2026-02-26;00:00;MP4;Nat. Ausgang;2904811T;Linien Mitte;13;33;8838.3;
2026-02-26;00:00;MP4a;Sonderausgang;2887176T;Sonderfahrten;1;1;87.7;
2026-02-26;00:00;MP4a;Sonderausgang;2892725T;NV Silagi;1;4;544.0;
2026-02-26;00:00;MP4a;Sonderausgang;2894414T;WAB NV - großer NV;1;50;19500.0;
2026-02-26;00:00;MP4a;Sonderausgang;2896412T;Fallback;1;1;2.0;
2026-02-26;00:00;MP4a;Sonderausgang;2897672T;Fallback;1;1;2.0;
2026-02-26;00:00;MP4a;Sonderausgang;2897696T;NV Strauss;1;4;1388.0;
2026-02-26;00:00;MP4a;Sonderausgang;2897776T;NV Tuncay;1;4;764.0;
2026-02-26;00:00;MP4a;Sonderausgang;2898015T;WAB NV - großer NV;1;1;106.0;
2026-02-26;00:00;MP4a;Sonderausgang;2898527T;Sonderfahrten;1;1;265.0;
2026-02-26;00:00;MP4a;Sonderausgang;2898865T;NV DS Transporte;1;1;530.0;
2026-02-26;00:00;MP4a;Sonderausgang;2899343T;WAB NV - großer NV;1;1;97.0;
2026-02-26;00:00;MP4a;Sonderausgang;2899497T;WAB NV - großer NV;2;13;4350.0;
2026-02-26;00:00;MP4a;Sonderausgang;2899566T;NV Yeritsyan;1;1;677.0;
2026-02-26;00:00;MP4a;Sonderausgang;2900645T;WAB NV - großer NV;1;9;7020.0;
2026-02-26;00:00;MP4a;Sonderausgang;2900665T;WAB NV - großer NV;1;15;5187.0;
2026-02-26;00:00;MP4a;Sonderausgang;2901115T;NV VP Logistik;1;4;679.0;
2026-02-26;00:00;MP4a;Sonderausgang;2901433T;NV DS Transporte;1;36;4320.0;
2026-02-26;00:00;MP4a;Sonderausgang;2901436T;NV Fischer;2;2;869.0;
2026-02-26;00:00;MP4a;Sonderausgang;2901437T;NV Fischer;1;1;754.0;
2026-02-26;00:00;MP4a;Sonderausgang;2901438T;NV Fischer;1;1;150.0;
2026-02-26;00:00;MP4a;Sonderausgang;2901439T;NV DS Transporte;3;3;271.0;
2026-02-26;00:00;MP4a;Sonderausgang;2901444T;NV Strauss;1;1;60.0;
2026-02-26;00:00;MP4a;Sonderausgang;2901445T;NV Strauss;1;1;42.0;
2026-02-26;00:00;MP4a;Sonderausgang;2901451T;NV DS Transporte;2;17;2662.0;
2026-02-26;00:00;MP4a;Sonderausgang;2901452T;NV DS Transporte;1;1;530.0;
2026-02-26;00:00;MP4a;Sonderausgang;2901453T;NV AS Transporte;7;7;1589.0;
2026-02-26;00:00;MP4a;Sonderausgang;2901459T;Fallback;1;1;148.0;
2026-02-26;00:00;MP4a;Sonderausgang;2901479T;NV DS Transporte;1;1;135.0;
2026-02-26;00:00;MP4a;Sonderausgang;2901480T;NV DS Transporte;1;1;50.0;
2026-02-26;00:00;MP4a;Sonderausgang;2901482T;NV Strauss;2;5;1546.0;
2026-02-26;00:00;MP4a;Sonderausgang;2901483T;NV DS Transporte;1;1;75.0;
2026-02-26;00:00;MP4a;Sonderausgang;2901486T;NV DS Transporte;2;5;604.0;
2026-02-26;00:00;MP4a;Sonderausgang;2901489T;NV DS Transporte;1;1;117.7;
2026-02-26;00:00;MP4a;Sonderausgang;2901493T;NV Ciortan;2;3;172.0;
2026-02-26;00:00;MP4a;Sonderausgang;2901495T;NV AS Transporte;4;10;1857.0;
2026-02-26;00:00;MP4a;Sonderausgang;2901496T;NV AS Transporte;4;28;1862.0;
2026-02-26;00:00;MP4a;Sonderausgang;2901499T;NV DS Transporte;1;1;60.0;
2026-02-26;00:00;MP4a;Sonderausgang;2901504T;NV AS Transporte;3;3;1197.0;
2026-02-26;00:00;MP4a;Sonderausgang;2901506T;NV AS Transporte;4;13;811.0;
2026-02-26;00:00;MP4a;Sonderausgang;2901508T;NV AS Transporte;2;2;144.0;
2026-02-26;00:00;MP4a;Sonderausgang;2901511T;NV Tiroch;1;25;375.0;
2026-02-26;00:00;MP4a;Sonderausgang;2901512T;NV Tiroch;6;30;1527.0;
2026-02-26;00:00;MP4a;Sonderausgang;2901513T;NV Tiroch;1;16;184.0;
2026-02-26;00:00;MP4a;Sonderausgang;2901514T;NV Tiroch;4;20;1641.0;
2026-02-26;00:00;MP4a;Sonderausgang;2901515T;NV Tiroch;13;42;560.0;
2026-02-26;00:00;MP4a;Sonderausgang;2901517T;NV Tiroch;3;3;108.2;
2026-02-26;00:00;MP4a;Sonderausgang;2901522T;NV AS Transporte;1;9;1065.0;
2026-02-26;00:00;MP4a;Sonderausgang;2901523T;NV AS Transporte;4;7;3800.0;
2026-02-26;00:00;MP4a;Sonderausgang;2901537T;NV Alexandru;1;1;436.0;
2026-02-26;00:00;MP4a;Sonderausgang;2901540T;NV Strauss;1;1;133.7;
2026-02-26;00:00;MP4a;Sonderausgang;2901547T;NV Ciortan;1;1;36.0;
2026-02-26;00:00;MP4a;Sonderausgang;2901549T;NV Bogos Transporte;2;26;586.0;
2026-02-26;00:00;MP4a;Sonderausgang;2901554T;NV VP Logistik;1;1;141.0;
2026-02-26;00:00;MP4a;Sonderausgang;2901555T;NV VP Logistik;4;4;663.8;
2026-02-26;00:00;MP4a;Sonderausgang;2901562T;NV Tuncay;3;3;317.0;
2026-02-26;00:00;MP4a;Sonderausgang;2901563T;NV Tuncay;1;1;156.0;
2026-02-26;00:00;MP4a;Sonderausgang;2901564T;NV Guth;1;1;512.0;
2026-02-26;00:00;MP4a;Sonderausgang;2901569T;NV Silagi;2;2;168.0;
2026-02-26;00:00;MP4a;Sonderausgang;2901808T;NV Ciortan;1;1;126.0;
2026-02-26;00:00;MP4a;Sonderausgang;2901810T;NV Ciortan;3;6;2471.6;
2026-02-26;00:00;MP4a;Sonderausgang;2901812T;NV AS Transporte;4;4;1286.0;
2026-02-26;00:00;MP4a;Sonderausgang;2901815T;WAB NV - großer NV;1;1;97.0;
2026-02-26;00:00;MP4a;Sonderausgang;2901853T;WAB NV - großer NV;2;2;282.0;
2026-02-26;00:00;MP4a;Sonderausgang;2901865T;WAB NV - großer NV;2;2;1065.0;
2026-02-26;00:00;MP4a;Sonderausgang;2901875T;WAB NV - großer NV;3;101;24319.0;
2026-02-26;00:00;MP4a;Sonderausgang;2901901T;WAB NV - großer NV;1;100;21940.0;
2026-02-26;00:00;MP4a;Sonderausgang;2901929T;WAB NV - großer NV;1;4;4460.0;
2026-02-26;00:00;MP4a;Sonderausgang;2901949T;WAB NV - großer NV;4;96;17071.0;
2026-02-26;00:00;MP4a;Sonderausgang;2901969T;WAB NV - großer NV;1;100;57000.0;
2026-02-26;00:00;MP4a;Sonderausgang;2901979T;WAB NV - großer NV;2;10;760.3;
2026-02-26;00:00;MP4a;Sonderausgang;2901999T;WAB NV - großer NV;1;4;4032.0;
2026-02-26;00:00;MP4a;Sonderausgang;2902073T;WAB NV - großer NV;1;16;12476.0;
2026-02-26;00:00;MP4a;Sonderausgang;2902152T;NV Yeritsyan;1;1;677.0;
2026-02-26;00:00;MP4a;Sonderausgang;2902154T;NV Yeritsyan;1;1;90.0;
2026-02-26;00:00;MP4a;Sonderausgang;2902179T;WAB NV - großer NV;2;5;339.0;
2026-02-26;00:00;MP4a;Sonderausgang;2902247T;WAB NV - großer NV;1;1;250.0;
2026-02-26;00:00;MP4a;Sonderausgang;2902273T;WAB NV - großer NV;3;525;168348.0;
2026-02-26;00:00;MP4a;Sonderausgang;2902310T;NV AS Transporte;1;1;135.0;
2026-02-26;00:00;MP4a;Sonderausgang;2902312T;NV Yeritsyan;1;1;60.0;
2026-02-26;00:00;MP4a;Sonderausgang;2902313T;Sonderfahrten;1;1;120.0;
2026-02-26;00:00;MP4a;Sonderausgang;2902320T;NV Yeritsyan;1;1;375.0;
2026-02-26;00:00;MP4a;Sonderausgang;2902323T;Sonderfahrten;2;65;1416.0;
2026-02-26;00:00;MP4a;Sonderausgang;2902325T;NV LT Trans;1;1;220.0;
2026-02-26;00:00;MP4a;Sonderausgang;2902326T;Sonderfahrten;2;2;1025.0;
2026-02-26;00:00;MP4a;Sonderausgang;2902327T;NV LT Trans;1;1;245.0;
2026-02-26;00:00;MP4a;Sonderausgang;2902328T;NV LT Trans;6;6;1123.0;
2026-02-26;00:00;MP4a;Sonderausgang;2902329T;NV LT Trans;3;11;390.0;
2026-02-26;00:00;MP4a;Sonderausgang;2902331T;NV Silagi;1;4;56.0;
2026-02-26;00:00;MP4a;Sonderausgang;2902332T;NV Silagi;3;9;1360.4;
2026-02-26;00:00;MP4a;Sonderausgang;2902386T;NV Silagi;2;2;1514.1;
2026-02-26;00:00;MP4a;Sonderausgang;2902387T;NV Silagi;2;8;2118.0;
2026-02-26;00:00;MP4a;Sonderausgang;2903087T;Fernverkehr AS;1;18;16560.0;
2026-02-26;00:00;MP4a;Sonderausgang;2903716T;NV Silagi;1;1;217.0;
2026-02-26;00:00;MP4a;Sonderausgang;2903759T;WAB NV - großer NV;4;4;333.0;
2026-02-26;00:00;MP4a;Sonderausgang;2903763T;NV Fischer;3;6;465.6;
2026-02-26;00:00;MP4a;Sonderausgang;2903764T;NV Fischer;1;1;1150.0;
2026-02-26;00:00;MP4a;Sonderausgang;2903767T;NV VP Logistik;2;2;387.0;
2026-02-26;00:00;MP4a;Sonderausgang;2903769T;NV DS Transporte;1;1;75.0;
2026-02-26;00:00;MP4a;Sonderausgang;2903772T;NV Tiroch;2;26;555.0;
2026-02-26;00:00;MP4a;Sonderausgang;2903773T;NV Tiroch;3;6;180.0;
2026-02-26;00:00;MP4a;Sonderausgang;2903776T;NV Tiroch;1;1;441.0;
2026-02-26;00:00;MP4a;Sonderausgang;2903779T;NV Strauss;1;1;70.0;
2026-02-26;00:00;MP4a;Sonderausgang;2903780T;NV AS Transporte;3;3;185.0;
2026-02-26;00:00;MP4a;Sonderausgang;2903781T;Sonderfahrten;1;4;1974.0;
2026-02-26;00:00;MP4a;Sonderausgang;2903863T;WAB NV - großer NV;1;1;95.0;
2026-02-26;00:00;MP4a;Sonderausgang;2903875T;WAB NV - großer NV;2;13;4350.0;
2026-02-26;00:00;MP4a;Sonderausgang;2903887T;WAB NV - großer NV;6;150;38301.0;
2026-02-26;00:00;MP4a;Sonderausgang;2903972T;WAB NV - großer NV;4;19;4668.0;
2026-02-26;00:00;MP4a;Sonderausgang;2904614T;WAB NV - großer NV;1;49;52332.0;
2026-02-26;00:00;MP4a;Sonderausgang;2904805T;NV Ciortan;1;1;100.0;
2026-02-26;00:00;MP4a;Sonderausgang;2905115T;NV Ciortan;1;9;2541.0;
2026-02-26;00:00;MP4a;Sonderausgang;2905202T;WAB NV - großer NV;3;84;9160.0;
2026-02-26;00:00;MP4a;Sonderausgang;2905976T;WAB NV - großer NV;1;9;7020.0;
2026-02-26;00:00;MP4a;Sonderausgang;2906716T;Fallback;1;1;34.0;
2026-02-26;00:00;MP5;SE Entladung FV;;;2129;11323;2441296.4;
2026-02-26;00:00;MP7;SA Verladung FV;;;1;1;116.0;
2026-02-26;00:00;MP7;SA Verladung FV;2899734T;NV Yeritsyan;1;3;617.0;
2026-02-26;00:00;MP7;SA Verladung FV;2900148T;NV DS Transporte;1;6;660.0;
2026-02-26;00:00;MP7;SA Verladung FV;2900168T;NV DS Transporte;1;2;603.6;
2026-02-26;00:00;MP7;SA Verladung FV;2901432T;NV DS Transporte;11;54;5854.0;
2026-02-26;00:00;MP7;SA Verladung FV;2901433T;NV DS Transporte;1;1;100.0;
2026-02-26;00:00;MP7;SA Verladung FV;2901434T;NV Fischer;18;29;2832.7;
2026-02-26;00:00;MP7;SA Verladung FV;2901435T;NV Fischer;13;94;7338.4;
2026-02-26;00:00;MP7;SA Verladung FV;2901436T;NV Fischer;15;84;4126.5;
2026-02-26;00:00;MP7;SA Verladung FV;2901437T;NV Fischer;4;18;6804.0;
2026-02-26;00:00;MP7;SA Verladung FV;2901438T;NV Fischer;18;29;3185.0;
2026-02-26;00:00;MP7;SA Verladung FV;2901439T;NV DS Transporte;10;18;4811.0;
2026-02-26;00:00;MP7;SA Verladung FV;2901440T;NV DS Transporte;8;8;878.0;
2026-02-26;00:00;MP7;SA Verladung FV;2901443T;NV Strauss;10;40;5451.0;
2026-02-26;00:00;MP7;SA Verladung FV;2901444T;NV Strauss;12;24;3601.0;
2026-02-26;00:00;MP7;SA Verladung FV;2901445T;NV Strauss;12;81;1262.4;
2026-02-26;00:00;MP7;SA Verladung FV;2901446T;NV Strauss;3;6;525.0;
2026-02-26;00:00;MP7;SA Verladung FV;2901449T;NV Strauss;7;23;5902.0;
2026-02-26;00:00;MP7;SA Verladung FV;2901450T;NV Strauss;5;46;9819.0;
2026-02-26;00:00;MP7;SA Verladung FV;2901451T;NV DS Transporte;6;44;3183.9;
2026-02-26;00:00;MP7;SA Verladung FV;2901452T;NV DS Transporte;11;17;5357.0;
2026-02-26;00:00;MP7;SA Verladung FV;2901453T;NV AS Transporte;8;11;2566.5;
2026-02-26;00:00;MP7;SA Verladung FV;2901457T;NV Fischer;8;35;4857.0;
2026-02-26;00:00;MP7;SA Verladung FV;2901479T;NV DS Transporte;7;79;9870.0;
2026-02-26;00:00;MP7;SA Verladung FV;2901480T;NV DS Transporte;11;20;6488.0;
2026-02-26;00:00;MP7;SA Verladung FV;2901481T;NV Strauss;12;27;3104.0;
2026-02-26;00:00;MP7;SA Verladung FV;2901482T;NV Strauss;8;35;6230.0;
2026-02-26;00:00;MP7;SA Verladung FV;2901483T;NV DS Transporte;14;29;905.0;
2026-02-26;00:00;MP7;SA Verladung FV;2901484T;NV DS Transporte;5;71;6015.0;
2026-02-26;00:00;MP7;SA Verladung FV;2901485T;NV DS Transporte;12;35;7019.6;
2026-02-26;00:00;MP7;SA Verladung FV;2901486T;NV DS Transporte;11;11;2308.0;
2026-02-26;00:00;MP7;SA Verladung FV;2901489T;NV DS Transporte;12;18;666.0;
2026-02-26;00:00;MP7;SA Verladung FV;2901492T;NV Ciortan;15;44;7954.0;
2026-02-26;00:00;MP7;SA Verladung FV;2901493T;NV Ciortan;7;7;353.0;
2026-02-26;00:00;MP7;SA Verladung FV;2901494T;NV AS Transporte;16;62;3015.8;
2026-02-26;00:00;MP7;SA Verladung FV;2901495T;NV AS Transporte;11;26;2362.3;
2026-02-26;00:00;MP7;SA Verladung FV;2901496T;NV AS Transporte;11;22;5021.0;
2026-02-26;00:00;MP7;SA Verladung FV;2901499T;NV DS Transporte;7;18;4125.4;
2026-02-26;00:00;MP7;SA Verladung FV;2901501T;NV DS Transporte;9;9;467.0;
2026-02-26;00:00;MP7;SA Verladung FV;2901504T;NV AS Transporte;13;90;4704.8;
2026-02-26;00:00;MP7;SA Verladung FV;2901506T;NV AS Transporte;13;39;3558.2;
2026-02-26;00:00;MP7;SA Verladung FV;2901508T;NV AS Transporte;16;25;6643.1;
2026-02-26;00:00;MP7;SA Verladung FV;2901511T;NV Tiroch;16;48;4299.2;
2026-02-26;00:00;MP7;SA Verladung FV;2901512T;NV Tiroch;7;7;588.0;
2026-02-26;00:00;MP7;SA Verladung FV;2901513T;NV Tiroch;11;26;3301.4;
2026-02-26;00:00;MP7;SA Verladung FV;2901514T;NV Tiroch;13;13;1072.0;
2026-02-26;00:00;MP7;SA Verladung FV;2901515T;NV Tiroch;2;2;508.0;
2026-02-26;00:00;MP7;SA Verladung FV;2901517T;NV Tiroch;9;136;6523.0;
2026-02-26;00:00;MP7;SA Verladung FV;2901518T;NV Tiroch;14;37;2584.0;
2026-02-26;00:00;MP7;SA Verladung FV;2901519T;DM AS-Transport;12;24;7864.0;
2026-02-26;00:00;MP7;SA Verladung FV;2901520T;DM AS-Transport;12;44;14044.0;
2026-02-26;00:00;MP7;SA Verladung FV;2901521T;DM AS-Transport;8;25;8542.0;
2026-02-26;00:00;MP7;SA Verladung FV;2901523T;NV AS Transporte;10;40;3780.0;
2026-02-26;00:00;MP7;SA Verladung FV;2901527T;DM AS-Transport;11;34;13260.0;
2026-02-26;00:00;MP7;SA Verladung FV;2901537T;NV Alexandru;12;55;4121.0;
2026-02-26;00:00;MP7;SA Verladung FV;2901539T;NV Strauss;11;22;2689.0;
2026-02-26;00:00;MP7;SA Verladung FV;2901540T;NV Strauss;10;16;4257.0;
2026-02-26;00:00;MP7;SA Verladung FV;2901541T;Sonderfahrten;14;14;700.5;
2026-02-26;00:00;MP7;SA Verladung FV;2901543T;DM AS-Transport;11;23;8012.0;
2026-02-26;00:00;MP7;SA Verladung FV;2901544T;DM AS-Transport;12;33;11161.0;
2026-02-26;00:00;MP7;SA Verladung FV;2901545T;DM AS-Transport;13;22;5328.0;
2026-02-26;00:00;MP7;SA Verladung FV;2901547T;NV Ciortan;10;17;705.6;
2026-02-26;00:00;MP7;SA Verladung FV;2901549T;NV Bogos Transporte;16;31;2025.7;
2026-02-26;00:00;MP7;SA Verladung FV;2901551T;NV Bogos Transporte;15;18;4024.0;
2026-02-26;00:00;MP7;SA Verladung FV;2901553T;NV Bogos Transporte;13;16;2848.0;
2026-02-26;00:00;MP7;SA Verladung FV;2901554T;NV VP Logistik;16;40;2205.0;
2026-02-26;00:00;MP7;SA Verladung FV;2901555T;NV VP Logistik;12;21;4818.0;
2026-02-26;00:00;MP7;SA Verladung FV;2901558T;NV VP Logistik;9;26;6625.0;
2026-02-26;00:00;MP7;SA Verladung FV;2901562T;NV Tuncay;14;63;3487.0;
2026-02-26;00:00;MP7;SA Verladung FV;2901563T;NV Tuncay;13;226;10504.0;
2026-02-26;00:00;MP7;SA Verladung FV;2901564T;NV Guth;10;16;4836.0;
2026-02-26;00:00;MP7;SA Verladung FV;2901565T;NV Guth;14;17;2630.0;
2026-02-26;00:00;MP7;SA Verladung FV;2901567T;NV VP Logistik;13;21;5671.9;
2026-02-26;00:00;MP7;SA Verladung FV;2901568T;Sonderfahrten;6;12;1874.0;
2026-02-26;00:00;MP7;SA Verladung FV;2901569T;NV Silagi;10;13;785.6;
2026-02-26;00:00;MP7;SA Verladung FV;2901732T;DM AS-Transport;20;79;25587.0;
2026-02-26;00:00;MP7;SA Verladung FV;2901734T;DM AS-Transport;19;87;29239.0;
2026-02-26;00:00;MP7;SA Verladung FV;2901736T;DM AS-Transport;25;66;23726.0;
2026-02-26;00:00;MP7;SA Verladung FV;2901738T;DM AS-Transport;23;69;23558.0;
2026-02-26;00:00;MP7;SA Verladung FV;2901740T;DM AS-Transport;17;105;38076.0;
2026-02-26;00:00;MP7;SA Verladung FV;2901742T;DM AS-Transport;13;96;36469.0;
2026-02-26;00:00;MP7;SA Verladung FV;2901744T;DM AS-Transport;12;125;26192.0;
2026-02-26;00:00;MP7;SA Verladung FV;2901746T;DM AS-Transport;22;96;33748.0;
2026-02-26;00:00;MP7;SA Verladung FV;2901748T;DM AS-Transport;19;96;39400.0;
2026-02-26;00:00;MP7;SA Verladung FV;2901750T;DM AS-Transport;14;66;23055.0;
2026-02-26;00:00;MP7;SA Verladung FV;2901803T;WAB NV - großer NV;5;26;7046.0;
2026-02-26;00:00;MP7;SA Verladung FV;2901804T;NV AS Transporte;21;161;21525.7;
2026-02-26;00:00;MP7;SA Verladung FV;2901806T;NV AS Transporte;22;137;17133.0;
2026-02-26;00:00;MP7;SA Verladung FV;2901808T;NV Ciortan;19;51;7241.1;
2026-02-26;00:00;MP7;SA Verladung FV;2901810T;NV Ciortan;15;107;34603.0;
2026-02-26;00:00;MP7;SA Verladung FV;2901812T;NV AS Transporte;14;25;3875.7;
2026-02-26;00:00;MP7;SA Verladung FV;2901815T;WAB NV - großer NV;12;103;14767.0;
2026-02-26;00:00;MP7;SA Verladung FV;2901843T;WAB NV - großer NV;14;160;33820.0;
2026-02-26;00:00;MP7;SA Verladung FV;2901853T;WAB NV - großer NV;8;112;12667.0;
2026-02-26;00:00;MP7;SA Verladung FV;2901865T;WAB NV - großer NV;14;90;18477.4;
2026-02-26;00:00;MP7;SA Verladung FV;2901875T;WAB NV - großer NV;8;17;8928.2;
2026-02-26;00:00;MP7;SA Verladung FV;2901901T;WAB NV - großer NV;3;14;5614.0;
2026-02-26;00:00;MP7;SA Verladung FV;2901915T;WAB NV - großer NV;3;77;14791.0;
2026-02-26;00:00;MP7;SA Verladung FV;2901929T;WAB NV - großer NV;9;96;41576.0;
2026-02-26;00:00;MP7;SA Verladung FV;2901939T;WAB NV - großer NV;11;120;49144.0;
2026-02-26;00:00;MP7;SA Verladung FV;2901949T;WAB NV - großer NV;6;17;2025.4;
2026-02-26;00:00;MP7;SA Verladung FV;2901959T;WAB NV - großer NV;7;37;26850.5;
2026-02-26;00:00;MP7;SA Verladung FV;2901979T;WAB NV - großer NV;12;425;82344.0;
2026-02-26;00:00;MP7;SA Verladung FV;2901999T;WAB NV - großer NV;5;43;16306.0;
2026-02-26;00:00;MP7;SA Verladung FV;2902003T;WAB NV - großer NV;6;179;101402.0;
2026-02-26;00:00;MP7;SA Verladung FV;2902027T;WAB NV - großer NV;8;52;18749.0;
2026-02-26;00:00;MP7;SA Verladung FV;2902053T;WAB NV - großer NV;16;129;21945.8;
2026-02-26;00:00;MP7;SA Verladung FV;2902063T;WAB NV - großer NV;4;57;14169.0;
2026-02-26;00:00;MP7;SA Verladung FV;2902073T;WAB NV - großer NV;11;450;32094.4;
2026-02-26;00:00;MP7;SA Verladung FV;2902083T;WAB NV - großer NV;12;421;67180.2;
2026-02-26;00:00;MP7;SA Verladung FV;2902093T;Sonderfahrten;11;26;1036.5;
2026-02-26;00:00;MP7;SA Verladung FV;2902140T;NV Ciortan;13;40;4277.5;
2026-02-26;00:00;MP7;SA Verladung FV;2902152T;NV Yeritsyan;20;29;2672.8;
2026-02-26;00:00;MP7;SA Verladung FV;2902154T;NV Yeritsyan;11;38;5750.0;
2026-02-26;00:00;MP7;SA Verladung FV;2902179T;WAB NV - großer NV;5;8;1727.0;
2026-02-26;00:00;MP7;SA Verladung FV;2902204T;WAB NV - großer NV;2;21;10749.0;
2026-02-26;00:00;MP7;SA Verladung FV;2902310T;NV AS Transporte;18;35;12379.0;
2026-02-26;00:00;MP7;SA Verladung FV;2902312T;NV Yeritsyan;13;19;3753.0;
2026-02-26;00:00;MP7;SA Verladung FV;2902313T;Sonderfahrten;10;36;1632.2;
2026-02-26;00:00;MP7;SA Verladung FV;2902314T;NV VP Logistik;4;4;340.0;
2026-02-26;00:00;MP7;SA Verladung FV;2902319T;NV Yeritsyan;16;25;4885.4;
2026-02-26;00:00;MP7;SA Verladung FV;2902320T;NV Yeritsyan;22;101;8385.0;
2026-02-26;00:00;MP7;SA Verladung FV;2902323T;Sonderfahrten;12;18;1687.7;
2026-02-26;00:00;MP7;SA Verladung FV;2902324T;NV LT Trans;9;72;5629.0;
2026-02-26;00:00;MP7;SA Verladung FV;2902325T;NV LT Trans;9;18;5764.0;
2026-02-26;00:00;MP7;SA Verladung FV;2902326T;Sonderfahrten;6;15;5322.5;
2026-02-26;00:00;MP7;SA Verladung FV;2902327T;NV LT Trans;12;18;4325.0;
2026-02-26;00:00;MP7;SA Verladung FV;2902328T;NV LT Trans;6;20;4760.0;
2026-02-26;00:00;MP7;SA Verladung FV;2902329T;NV LT Trans;11;52;3524.6;
2026-02-26;00:00;MP7;SA Verladung FV;2902331T;NV Silagi;17;48;7988.0;
2026-02-26;00:00;MP7;SA Verladung FV;2902332T;NV Silagi;13;30;4499.0;
2026-02-26;00:00;MP7;SA Verladung FV;2902333T;Sonderfahrten;5;23;1560.0;
2026-02-26;00:00;MP7;SA Verladung FV;2902334T;Sonderfahrten;3;141;16937.0;
2026-02-26;00:00;MP7;SA Verladung FV;2902376T;WAB NV - großer NV;4;48;19708.0;
2026-02-26;00:00;MP7;SA Verladung FV;2902386T;NV Silagi;9;95;4612.0;
2026-02-26;00:00;MP7;SA Verladung FV;2902387T;NV Silagi;11;23;3257.0;
2026-02-26;00:00;MP7;SA Verladung FV;2902388T;Sonderfahrten;8;22;2567.0;
2026-02-26;00:00;MP7;SA Verladung FV;2902389T;WAB NV - großer NV;7;188;7290.2;
2026-02-26;00:00;MP7;SA Verladung FV;2902581T;DM AS-Transport;11;40;11578.0;
2026-02-26;00:00;MP7;SA Verladung FV;2902582T;DM AS-Transport;13;30;10919.0;
2026-02-26;00:00;MP7;SA Verladung FV;2902584T;DM AS-Transport;9;53;18068.0;
2026-02-26;00:00;MP7;SA Verladung FV;2902766T;NV Fischer;1;1;25.0;
2026-02-26;00:00;MP7;SA Verladung FV;2902774T;NV Strauss;1;1;140.0;
2026-02-26;00:00;MP7;SA Verladung FV;2902780T;NV Strauss;1;1;194.0;
2026-02-26;00:00;MP7;SA Verladung FV;2902790T;Fallback;1;1;120.0;
2026-02-26;00:00;MP7;SA Verladung FV;2902821T;NV Ciortan;2;3;930.0;
2026-02-26;00:00;MP7;SA Verladung FV;2902822T;NV Ciortan;1;1;19.0;
2026-02-26;00:00;MP7;SA Verladung FV;2902866T;NV Alexandru;2;2;56.0;
2026-02-26;00:00;MP7;SA Verladung FV;2902870T;Sonderfahrten;1;1;65.0;
2026-02-26;00:00;MP7;SA Verladung FV;2902892T;NV Tuncay;2;2;81.0;
2026-02-26;00:00;MP7;SA Verladung FV;2903133T;NV AS Transporte;1;1;500.0;
2026-02-26;00:00;MP7;SA Verladung FV;2903152T;WAB NV - großer NV;9;32;5067.0;
2026-02-26;00:00;MP7;SA Verladung FV;2903232T;WAB NV - großer NV;5;55;32031.0;
2026-02-26;00:00;MP7;SA Verladung FV;2903270T;WAB NV - großer NV;1;1;53.0;
2026-02-26;00:00;MP7;SA Verladung FV;2903641T;NV AS Transporte;1;1;50.0;
2026-02-26;00:00;MP7;SA Verladung FV;2903651T;NV Yeritsyan;1;1;330.0;
2026-02-26;00:00;MP7;SA Verladung FV;2903657T;Sonderfahrten;1;3;213.0;
2026-02-26;00:00;MP7;SA Verladung FV;2903659T;NV LT Trans;1;1;68.0;
2026-02-26;00:00;MP7;SA Verladung FV;2903660T;NV LT Trans;2;5;115.2;
2026-02-26;00:00;MP7;SA Verladung FV;2903705T;WAB NV - großer NV;4;22;4169.0;
2026-02-26;00:00;MP7;SA Verladung FV;2903716T;NV Silagi;2;2;231.0;
2026-02-26;00:00;MP7;SA Verladung FV;2903759T;WAB NV - großer NV;1;1;32.0;
2026-02-26;00:00;MP7;SA Verladung FV;2903761T;NV Ciortan;25;75;13448.0;
2026-02-26;00:00;MP7;SA Verladung FV;2903762T;NV Fischer;9;17;2004.0;
2026-02-26;00:00;MP7;SA Verladung FV;2903763T;NV Fischer;13;34;3553.4;
2026-02-26;00:00;MP7;SA Verladung FV;2903764T;NV Fischer;11;23;7660.0;
2026-02-26;00:00;MP7;SA Verladung FV;2903765T;NV Ciortan;17;95;9678.8;
2026-02-26;00:00;MP7;SA Verladung FV;2903766T;NV VP Logistik;5;5;752.0;
2026-02-26;00:00;MP7;SA Verladung FV;2903767T;NV VP Logistik;4;4;423.0;
2026-02-26;00:00;MP7;SA Verladung FV;2903768T;NV VP Logistik;6;9;720.0;
2026-02-26;00:00;MP7;SA Verladung FV;2903769T;NV DS Transporte;13;16;603.0;
2026-02-26;00:00;MP7;SA Verladung FV;2903772T;NV Tiroch;4;7;6315.6;
2026-02-26;00:00;MP7;SA Verladung FV;2903773T;NV Tiroch;9;20;1534.0;
2026-02-26;00:00;MP7;SA Verladung FV;2903775T;NV Tiroch;8;54;7690.8;
2026-02-26;00:00;MP7;SA Verladung FV;2903776T;NV Tiroch;9;20;2470.0;
2026-02-26;00:00;MP7;SA Verladung FV;2903777T;NV DS Transporte;9;15;1306.3;
2026-02-26;00:00;MP7;SA Verladung FV;2903778T;NV DS Transporte;4;20;3216.0;
2026-02-26;00:00;MP7;SA Verladung FV;2903779T;NV Strauss;9;24;3097.0;
2026-02-26;00:00;MP7;SA Verladung FV;2903780T;NV AS Transporte;9;12;581.6;
2026-02-26;00:00;MP7;SA Verladung FV;2903781T;Sonderfahrten;6;15;4252.5;
2026-02-26;00:00;MP7;SA Verladung FV;2903782T;Sonderfahrten;13;13;744.7;
2026-02-26;00:00;MP7;SA Verladung FV;2903827T;Sonderfahrten;8;18;3435.0;
2026-02-26;00:00;MP7;SA Verladung FV;2903863T;WAB NV - großer NV;11;99;57103.7;
2026-02-26;00:00;MP7;SA Verladung FV;2903875T;WAB NV - großer NV;2;40;6090.0;
2026-02-26;00:00;MP7;SA Verladung FV;2903887T;WAB NV - großer NV;13;69;16134.5;
2026-02-26;00:00;MP7;SA Verladung FV;2903936T;WAB NV - großer NV;1;81;50706.0;
2026-02-26;00:00;MP7;SA Verladung FV;2903960T;NV VP Logistik;1;1;98.0;
2026-02-26;00:00;MP7;SA Verladung FV;2903965T;WAB NV - großer NV;8;69;13444.0;
2026-02-26;00:00;MP7;SA Verladung FV;2903972T;WAB NV - großer NV;1;1;203.0;
2026-02-26;00:00;MP7;SA Verladung FV;2904120T;NV AS Transporte;1;1;522.0;
2026-02-26;00:00;MP7;SA Verladung FV;2904530T;WAB NV - großer NV;1;25;2645.0;
2026-02-26;00:00;MP7;SA Verladung FV;2904805T;NV Ciortan;1;1;67.0;
2026-02-26;00:00;MP7;SA Verladung FV;2905119T;NV AS Transporte;1;1;389.0;
2026-02-26;00:00;MP7;SA Verladung FV;2905144T;WAB NV - großer NV;1;1;191.0;
2026-02-26;00:00;MP7;SA Verladung FV;2905202T;WAB NV - großer NV;1;9;3993.0;
2026-02-26;00:00;MP7;SA Verladung FV;2905368T;NV Fischer;1;1;63.0;
2026-02-26;00:00;MP7;SA Verladung FV;2905449T;NV Tiroch;1;1;30.0;
2026-02-26;00:00;MP7;SA Verladung FV;2906373T;NV Ciortan;1;1;125.0;
2026-02-26;00:00;MP9a;Sonderscan;;;17;33;10356.4;
2026-02-26;00:00;MP9b;NV Eingang;;;523;1362;246471.2;
2026-02-27;00:00;MP2;Nat. Eingang;;;8;698;35336.0;
2026-02-27;00:00;MP2;Nat. Eingang;2900482T;Hofmanagement;1;4;1327.2;
2026-02-27;00:00;MP2;Nat. Eingang;2901770T;Hofmanagement;2;45;11202.0;
2026-02-27;00:00;MP2;Nat. Eingang;2901845T;WAB NV - Abholer;14;44;15732.0;
2026-02-27;00:00;MP2;Nat. Eingang;2901983T;WAB NV - Abholer;11;14;1529.3;
2026-02-27;00:00;MP2;Nat. Eingang;2901995T;WAB NV - Abholer;1;5;56.9;
2026-02-27;00:00;MP2;Nat. Eingang;2902075T;WAB NV - Abholer;4;52;447.5;
2026-02-27;00:00;MP2;Nat. Eingang;2902205T;WAB NV - Abholer;1;1;202.8;
2026-02-27;00:00;MP2;Nat. Eingang;2902262T;WAB NV - Abholer;1;2;262.8;
2026-02-27;00:00;MP2;Nat. Eingang;2902762T;NV DS Transporte;2;2;85.0;
2026-02-27;00:00;MP2;Nat. Eingang;2902764T;NV Fischer;8;25;4573.0;
2026-02-27;00:00;MP2;Nat. Eingang;2902767T;NV Fischer;2;50;4536.6;
2026-02-27;00:00;MP2;Nat. Eingang;2902768T;NV Fischer;5;14;1285.0;
2026-02-27;00:00;MP2;Nat. Eingang;2902769T;NV DS Transporte;8;22;3135.0;
2026-02-27;00:00;MP2;Nat. Eingang;2902773T;NV Strauss;2;15;5280.0;
2026-02-27;00:00;MP2;Nat. Eingang;2902774T;NV Strauss;2;5;788.0;
2026-02-27;00:00;MP2;Nat. Eingang;2902775T;NV Strauss;3;3;233.0;
2026-02-27;00:00;MP2;Nat. Eingang;2902780T;NV Strauss;7;10;1740.0;
2026-02-27;00:00;MP2;Nat. Eingang;2902782T;NV DS Transporte;3;4;940.0;
2026-02-27;00:00;MP2;Nat. Eingang;2902783T;NV AS Transporte;4;10;1525.0;
2026-02-27;00:00;MP2;Nat. Eingang;2902787T;NV Fischer;1;1;695.0;
2026-02-27;00:00;MP2;Nat. Eingang;2902809T;NV DS Transporte;8;24;2643.9;
2026-02-27;00:00;MP2;Nat. Eingang;2902810T;NV Strauss;3;3;230.0;
2026-02-27;00:00;MP2;Nat. Eingang;2902811T;NV Strauss;4;7;1267.0;
2026-02-27;00:00;MP2;Nat. Eingang;2902812T;NV DS Transporte;1;1;2.0;
2026-02-27;00:00;MP2;Nat. Eingang;2902813T;NV DS Transporte;1;1;113.0;
2026-02-27;00:00;MP2;Nat. Eingang;2902814T;NV DS Transporte;8;11;2554.0;
2026-02-27;00:00;MP2;Nat. Eingang;2902818T;NV DS Transporte;1;2;96.0;
2026-02-27;00:00;MP2;Nat. Eingang;2902821T;NV Ciortan;4;12;6645.5;
2026-02-27;00:00;MP2;Nat. Eingang;2902823T;NV AS Transporte;1;1;150.0;
2026-02-27;00:00;MP2;Nat. Eingang;2902824T;NV AS Transporte;2;2;1670.0;
2026-02-27;00:00;MP2;Nat. Eingang;2902829T;NV DS Transporte;8;38;6832.0;
2026-02-27;00:00;MP2;Nat. Eingang;2902830T;NV DS Transporte;1;1;73.0;
2026-02-27;00:00;MP2;Nat. Eingang;2902835T;NV AS Transporte;10;16;947.0;
2026-02-27;00:00;MP2;Nat. Eingang;2902837T;NV AS Transporte;8;224;22007.2;
2026-02-27;00:00;MP2;Nat. Eingang;2902840T;NV Tiroch;6;41;9454.0;
2026-02-27;00:00;MP2;Nat. Eingang;2902841T;NV Tiroch;4;15;2919.0;
2026-02-27;00:00;MP2;Nat. Eingang;2902842T;NV Tiroch;8;8;2322.0;
2026-02-27;00:00;MP2;Nat. Eingang;2902843T;NV Tiroch;11;100;13419.0;
2026-02-27;00:00;MP2;Nat. Eingang;2902844T;NV Tiroch;8;8;2172.0;
2026-02-27;00:00;MP2;Nat. Eingang;2902846T;NV Tiroch;5;16;2728.0;
2026-02-27;00:00;MP2;Nat. Eingang;2902847T;NV Tiroch;4;22;2184.2;
2026-02-27;00:00;MP2;Nat. Eingang;2902852T;NV AS Transporte;2;2;160.0;
2026-02-27;00:00;MP2;Nat. Eingang;2902868T;NV Strauss;1;1;50.0;
2026-02-27;00:00;MP2;Nat. Eingang;2902869T;NV Strauss;2;2;111.0;
2026-02-27;00:00;MP2;Nat. Eingang;2902878T;NV Bogos Transporte;3;3;1671.0;
2026-02-27;00:00;MP2;Nat. Eingang;2902880T;NV Bogos Transporte;3;6;830.0;
2026-02-27;00:00;MP2;Nat. Eingang;2902882T;NV Bogos Transporte;9;17;5763.0;
2026-02-27;00:00;MP2;Nat. Eingang;2902883T;NV VP Logistik;2;2;161.0;
2026-02-27;00:00;MP2;Nat. Eingang;2902884T;NV VP Logistik;4;12;4514.0;
2026-02-27;00:00;MP2;Nat. Eingang;2902890T;NV Tuncay;1;1;65.0;
2026-02-27;00:00;MP2;Nat. Eingang;2902893T;NV Guth;7;7;2389.0;
2026-02-27;00:00;MP2;Nat. Eingang;2902894T;NV Guth;1;1;51.0;
2026-02-27;00:00;MP2;Nat. Eingang;2902896T;NV VP Logistik;4;4;790.0;
2026-02-27;00:00;MP2;Nat. Eingang;2902898T;NV Silagi;2;2;205.0;
2026-02-27;00:00;MP2;Nat. Eingang;2903097T;Hofmanagement;35;172;42149.4;
2026-02-27;00:00;MP2;Nat. Eingang;2903131T;NV AS Transporte;5;24;3272.0;
2026-02-27;00:00;MP2;Nat. Eingang;2903133T;NV AS Transporte;6;41;18500.0;
2026-02-27;00:00;MP2;Nat. Eingang;2903135T;NV Ciortan;2;26;3909.0;
2026-02-27;00:00;MP2;Nat. Eingang;2903137T;NV Ciortan;5;43;9777.0;
2026-02-27;00:00;MP2;Nat. Eingang;2903139T;NV AS Transporte;2;3;60.2;
2026-02-27;00:00;MP2;Nat. Eingang;2903144T;WAB NV - Abholer;16;43;16073.0;
2026-02-27;00:00;MP2;Nat. Eingang;2903154T;WAB NV - Abholer;24;93;9313.7;
2026-02-27;00:00;MP2;Nat. Eingang;2903166T;WAB NV - Abholer;27;70;9698.0;
2026-02-27;00:00;MP2;Nat. Eingang;2903186T;WAB NV - Abholer;22;38;18065.0;
2026-02-27;00:00;MP2;Nat. Eingang;2903198T;WAB NV - Abholer;26;124;9775.8;
2026-02-27;00:00;MP2;Nat. Eingang;2903208T;WAB NV - Abholer;26;43;27929.0;
2026-02-27;00:00;MP2;Nat. Eingang;2903212T;WAB NV - Abholer;8;8;947.0;
2026-02-27;00:00;MP2;Nat. Eingang;2903218T;WAB NV - Abholer;6;75;23031.0;
2026-02-27;00:00;MP2;Nat. Eingang;2903222T;WAB NV - Abholer;10;29;1013.0;
2026-02-27;00:00;MP2;Nat. Eingang;2903228T;WAB NV - Abholer;4;85;28800.0;
2026-02-27;00:00;MP2;Nat. Eingang;2903248T;WAB NV - Abholer;4;31;8884.0;
2026-02-27;00:00;MP2;Nat. Eingang;2903252T;WAB NV - Abholer;9;54;13246.0;
2026-02-27;00:00;MP2;Nat. Eingang;2903262T;WAB NV - Abholer;36;71;7257.7;
2026-02-27;00:00;MP2;Nat. Eingang;2903272T;WAB NV - Abholer;26;41;10849.9;
2026-02-27;00:00;MP2;Nat. Eingang;2903282T;WAB NV - Abholer;13;278;75240.0;
2026-02-27;00:00;MP2;Nat. Eingang;2903286T;WAB NV - Abholer;21;63;22980.0;
2026-02-27;00:00;MP2;Nat. Eingang;2903292T;WAB NV - Abholer;6;40;31507.0;
2026-02-27;00:00;MP2;Nat. Eingang;2903302T;WAB NV - Abholer;22;85;21517.0;
2026-02-27;00:00;MP2;Nat. Eingang;2903306T;WAB NV - Abholer;4;4;1648.0;
2026-02-27;00:00;MP2;Nat. Eingang;2903322T;WAB NV - Abholer;1;9;8772.0;
2026-02-27;00:00;MP2;Nat. Eingang;2903326T;WAB NV - Abholer;1;81;21666.6;
2026-02-27;00:00;MP2;Nat. Eingang;2903336T;WAB NV - Abholer;24;58;19213.9;
2026-02-27;00:00;MP2;Nat. Eingang;2903350T;WAB NV - Abholer;17;92;28456.0;
2026-02-27;00:00;MP2;Nat. Eingang;2903376T;WAB NV - Abholer;16;30;1916.0;
2026-02-27;00:00;MP2;Nat. Eingang;2903386T;WAB NV - Abholer;23;404;16042.3;
2026-02-27;00:00;MP2;Nat. Eingang;2903396T;WAB NV - Abholer;4;4;708.0;
2026-02-27;00:00;MP2;Nat. Eingang;2903410T;WAB NV - Abholer;18;59;9112.2;
2026-02-27;00:00;MP2;Nat. Eingang;2903416T;WAB NV - Abholer;19;113;14214.0;
2026-02-27;00:00;MP2;Nat. Eingang;2903420T;WAB NV - Abholer;22;49;25865.0;
2026-02-27;00:00;MP2;Nat. Eingang;2903471T;NV Ciortan;1;1;49.0;
2026-02-27;00:00;MP2;Nat. Eingang;2903483T;NV Yeritsyan;1;1;210.0;
2026-02-27;00:00;MP2;Nat. Eingang;2903485T;NV Yeritsyan;4;4;362.0;
2026-02-27;00:00;MP2;Nat. Eingang;2903502T;WAB NV - Abholer;12;58;15454.1;
2026-02-27;00:00;MP2;Nat. Eingang;2903511T;WAB NV - Abholer;41;55;2629.3;
2026-02-27;00:00;MP2;Nat. Eingang;2903515T;WAB NV - Abholer;30;39;4300.0;
2026-02-27;00:00;MP2;Nat. Eingang;2903529T;WAB NV - Abholer;37;37;5611.1;
2026-02-27;00:00;MP2;Nat. Eingang;2903531T;WAB NV - Abholer;23;62;6807.3;
2026-02-27;00:00;MP2;Nat. Eingang;2903536T;WAB NV - Abholer;52;52;8574.4;
2026-02-27;00:00;MP2;Nat. Eingang;2903555T;WAB NV - Abholer;13;202;17160.0;
2026-02-27;00:00;MP2;Nat. Eingang;2903565T;WAB NV - Abholer;22;31;1845.4;
2026-02-27;00:00;MP2;Nat. Eingang;2903581T;WAB NV - Abholer;27;68;21493.9;
2026-02-27;00:00;MP2;Nat. Eingang;2903583T;WAB NV - Abholer;38;66;14153.5;
2026-02-27;00:00;MP2;Nat. Eingang;2903585T;WAB NV - Abholer;40;90;27229.1;
2026-02-27;00:00;MP2;Nat. Eingang;2903591T;WAB NV - Abholer;24;54;25791.0;
2026-02-27;00:00;MP2;Nat. Eingang;2903593T;WAB NV - Abholer;30;39;3498.2;
2026-02-27;00:00;MP2;Nat. Eingang;2903595T;WAB NV - Abholer;17;89;11573.5;
2026-02-27;00:00;MP2;Nat. Eingang;2903597T;WAB NV - Abholer;21;201;20372.2;
2026-02-27;00:00;MP2;Nat. Eingang;2903641T;NV AS Transporte;8;59;12135.0;
2026-02-27;00:00;MP2;Nat. Eingang;2903643T;NV Yeritsyan;2;2;92.0;
2026-02-27;00:00;MP2;Nat. Eingang;2903644T;Sonderfahrten;6;10;1002.0;
2026-02-27;00:00;MP2;Nat. Eingang;2903650T;NV Yeritsyan;4;7;1448.4;
2026-02-27;00:00;MP2;Nat. Eingang;2903654T;NV Tuncay;6;17;3913.0;
2026-02-27;00:00;MP2;Nat. Eingang;2903660T;NV LT Trans;6;17;3931.0;
2026-02-27;00:00;MP2;Nat. Eingang;2903662T;NV Silagi;2;2;953.0;
2026-02-27;00:00;MP2;Nat. Eingang;2903663T;NV Silagi;5;20;5872.0;
2026-02-27;00:00;MP2;Nat. Eingang;2903664T;NV Ciortan;3;3;163.0;
2026-02-27;00:00;MP2;Nat. Eingang;2903665T;Sonderfahrten;12;27;4928.0;
2026-02-27;00:00;MP2;Nat. Eingang;2903707T;WAB NV - Abholer;9;28;5339.0;
2026-02-27;00:00;MP2;Nat. Eingang;2903716T;NV Silagi;2;25;10884.0;
2026-02-27;00:00;MP2;Nat. Eingang;2903717T;Sonderfahrten;1;16;2640.0;
2026-02-27;00:00;MP2;Nat. Eingang;2904108T;NV Strauss;1;4;500.0;
2026-02-27;00:00;MP2;Nat. Eingang;2904148T;NV Strauss;1;1;397.0;
2026-02-27;00:00;MP2;Nat. Eingang;2904207T;NV Strauss;1;1;230.0;
2026-02-27;00:00;MP2;Nat. Eingang;2904740T;WAB NV - Abholer;1;1;39.0;
2026-02-27;00:00;MP2;Nat. Eingang;2905103T;NV Fischer;2;12;5319.0;
2026-02-27;00:00;MP2;Nat. Eingang;2905106T;NV VP Logistik;7;127;16577.0;
2026-02-27;00:00;MP2;Nat. Eingang;2905107T;NV VP Logistik;6;6;311.8;
2026-02-27;00:00;MP2;Nat. Eingang;2905108T;NV VP Logistik;1;1;335.0;
2026-02-27;00:00;MP2;Nat. Eingang;2905113T;NV Tiroch;8;28;14620.0;
2026-02-27;00:00;MP2;Nat. Eingang;2905115T;NV Ciortan;2;8;1994.0;
2026-02-27;00:00;MP2;Nat. Eingang;2905116T;NV DS Transporte;4;4;678.0;
2026-02-27;00:00;MP2;Nat. Eingang;2905117T;NV DS Transporte;4;10;1304.0;
2026-02-27;00:00;MP2;Nat. Eingang;2905208T;WAB NV - Abholer;5;355;41448.0;
2026-02-27;00:00;MP2;Nat. Eingang;2905212T;WAB NV - Abholer;17;17;2145.5;
2026-02-27;00:00;MP2;Nat. Eingang;2905299T;WAB NV - Abholer;2;208;30652.0;
2026-02-27;00:00;MP2;Nat. Eingang;2906371T;NV Fischer;3;6;540.0;
2026-02-27;00:00;MP2;Nat. Eingang;2907265T;WAB NV - Abholer;1;1;124.0;
2026-02-27;00:00;MP2;Nat. Eingang;2907469T;WAB NV - Abholer;1;1;54.8;
2026-02-27;00:00;MP4;Nat. Ausgang;;;18;33;3390.3;
2026-02-27;00:00;MP4;Nat. Ausgang;2900390T;Linien International;1;1;410.9;
2026-02-27;00:00;MP4;Nat. Ausgang;2900476T;Fernverkehr AS;1;3;218.4;
2026-02-27;00:00;MP4;Nat. Ausgang;2900818T;Linien Ruhr;1;8;849.2;
2026-02-27;00:00;MP4;Nat. Ausgang;2901693T;Linien Süd;1;1;100.0;
2026-02-27;00:00;MP4;Nat. Ausgang;2902098T;Linien Ruhr;1;2;496.6;
2026-02-27;00:00;MP4;Nat. Ausgang;2902128T;Linien Süd;1;1;86.4;
2026-02-27;00:00;MP4;Nat. Ausgang;2902157T;Linien Südwest;2;5;596.0;
2026-02-27;00:00;MP4;Nat. Ausgang;2902161T;Linien International;1;2;872.2;
2026-02-27;00:00;MP4;Nat. Ausgang;2902785T;Fernverkehr AS;2;5;68.9;
2026-02-27;00:00;MP4;Nat. Ausgang;2903000T;Linien International;14;178;28353.8;
2026-02-27;00:00;MP4;Nat. Ausgang;2903002T;Linien International;20;35;6546.0;
2026-02-27;00:00;MP4;Nat. Ausgang;2903004T;Linien International;12;103;35721.9;
2026-02-27;00:00;MP4;Nat. Ausgang;2903008T;Linien International;12;66;23011.2;
2026-02-27;00:00;MP4;Nat. Ausgang;2903010T;Linien Mitte;4;138;40655.0;
2026-02-27;00:00;MP4;Nat. Ausgang;2903012T;Linien Süd;14;32;14772.6;
2026-02-27;00:00;MP4;Nat. Ausgang;2903014T;Linien Süd;10;113;18497.3;
2026-02-27;00:00;MP4;Nat. Ausgang;2903016T;Linien Süd;40;75;23829.8;
2026-02-27;00:00;MP4;Nat. Ausgang;2903020T;Linien Süd;26;104;14134.6;
2026-02-27;00:00;MP4;Nat. Ausgang;2903024T;Linien Süd;32;130;41054.7;
2026-02-27;00:00;MP4;Nat. Ausgang;2903026T;Linien Süd;2;25;4008.5;
2026-02-27;00:00;MP4;Nat. Ausgang;2903028T;Linien Südwest;43;93;25803.9;
2026-02-27;00:00;MP4;Nat. Ausgang;2903091T;Fernverkehr AS;36;102;28719.3;
2026-02-27;00:00;MP4;Nat. Ausgang;2903095T;Fernverkehr AS;12;23;8151.3;
2026-02-27;00:00;MP4;Nat. Ausgang;2903425T;Linien Ruhr;28;78;4620.7;
2026-02-27;00:00;MP4;Nat. Ausgang;2903429T;Linien Ruhr;42;103;24662.4;
2026-02-27;00:00;MP4;Nat. Ausgang;2903433T;Linien Ruhr;29;130;12902.1;
2026-02-27;00:00;MP4;Nat. Ausgang;2903437T;Linien Mitte;39;92;12991.1;
2026-02-27;00:00;MP4;Nat. Ausgang;2903441T;Linien Mitte;29;36;5712.7;
2026-02-27;00:00;MP4;Nat. Ausgang;2903443T;Linien Ost;32;71;19051.6;
2026-02-27;00:00;MP4;Nat. Ausgang;2903447T;Linien Südwest;46;102;34626.1;
2026-02-27;00:00;MP4;Nat. Ausgang;2903451T;Linien Südwest;33;293;50811.4;
2026-02-27;00:00;MP4;Nat. Ausgang;2903455T;Linien Süd;51;134;26830.1;
2026-02-27;00:00;MP4;Nat. Ausgang;2903459T;Linien Süd;52;107;26885.3;
2026-02-27;00:00;MP4;Nat. Ausgang;2903463T;Linien Süd;33;126;18732.1;
2026-02-27;00:00;MP4;Nat. Ausgang;2903467T;Linien Ost;23;78;10942.3;
2026-02-27;00:00;MP4;Nat. Ausgang;2903473T;Linien Süd;23;53;11034.1;
2026-02-27;00:00;MP4;Nat. Ausgang;2903477T;Linien Mitte;14;23;6191.5;
2026-02-27;00:00;MP4;Nat. Ausgang;2903481T;Linien Mitte;31;238;38825.6;
2026-02-27;00:00;MP4;Nat. Ausgang;2903486T;Linien Süd;20;442;58935.0;
2026-02-27;00:00;MP4;Nat. Ausgang;2903488T;Linien Südwest;44;123;28220.1;
2026-02-27;00:00;MP4;Nat. Ausgang;2903492T;Linien International;17;88;34022.8;
2026-02-27;00:00;MP4;Nat. Ausgang;2903496T;Linien Ost;30;187;27167.2;
2026-02-27;00:00;MP4;Nat. Ausgang;2903613T;Linien International;43;70;15756.7;
2026-02-27;00:00;MP4;Nat. Ausgang;2903615T;Linien International;9;17;987.8;
2026-02-27;00:00;MP4;Nat. Ausgang;2903619T;Linien International;3;27;3201.1;
2026-02-27;00:00;MP4;Nat. Ausgang;2903621T;Linien International;3;3;791.0;
2026-02-27;00:00;MP4;Nat. Ausgang;2903623T;Linien Nord;36;340;33876.2;
2026-02-27;00:00;MP4;Nat. Ausgang;2903627T;Linien Nord;15;22;1606.7;
2026-02-27;00:00;MP4;Nat. Ausgang;2903629T;Linien Süd;30;55;14958.9;
2026-02-27;00:00;MP4;Nat. Ausgang;2903633T;Linien Süd;10;85;4911.9;
2026-02-27;00:00;MP4;Nat. Ausgang;2903635T;Linien Süd;19;168;91533.1;
2026-02-27;00:00;MP4;Nat. Ausgang;2903639T;Linien Süd;11;11;1685.7;
2026-02-27;00:00;MP4;Nat. Ausgang;2903646T;Linien Mitte;28;212;26603.2;
2026-02-27;00:00;MP4;Nat. Ausgang;2903678T;Linien Nord;17;32;2342.9;
2026-02-27;00:00;MP4;Nat. Ausgang;2903682T;Linien Mitte;42;243;21974.7;
2026-02-27;00:00;MP4;Nat. Ausgang;2903686T;Linien Süd;27;94;25354.8;
2026-02-27;00:00;MP4;Nat. Ausgang;2903690T;Linien Süd;30;60;11888.0;
2026-02-27;00:00;MP4;Nat. Ausgang;2903694T;Linien Süd;9;9;1307.4;
2026-02-27;00:00;MP4;Nat. Ausgang;2903718T;WAB NV - großer NV;4;12;4154.0;
2026-02-27;00:00;MP4;Nat. Ausgang;2903947T;Linien Südwest;1;4;776.0;
2026-02-27;00:00;MP4;Nat. Ausgang;2904348T;Linien Süd;6;44;8236.9;
2026-02-27;00:00;MP4;Nat. Ausgang;2904423T;Fernverkehr AS;22;32;5926.2;
2026-02-27;00:00;MP4;Nat. Ausgang;2904592T;WAB NV - erweitert;6;72;25298.2;
2026-02-27;00:00;MP4;Nat. Ausgang;2904771T;Linien Mitte;11;28;4682.7;
2026-02-27;00:00;MP4;Nat. Ausgang;2904785T;Linien Südwest;13;56;13648.2;
2026-02-27;00:00;MP4;Nat. Ausgang;2904797T;Linien Süd;5;24;6418.3;
2026-02-27;00:00;MP4;Nat. Ausgang;2904811T;Linien Mitte;4;5;437.0;
2026-02-27;00:00;MP4;Nat. Ausgang;2904842T;WAB NV - erweitert;11;25;4904.3;
2026-02-27;00:00;MP4;Nat. Ausgang;2904957T;Linien Nord;1;1;363.0;
2026-02-27;00:00;MP4;Nat. Ausgang;2904961T;Linien Nord;3;11;464.3;
2026-02-27;00:00;MP4;Nat. Ausgang;2905147T;Linien International;13;52;20246.3;
2026-02-27;00:00;MP4;Nat. Ausgang;2905221T;Linien Ruhr;23;48;16161.2;
2026-02-27;00:00;MP4;Nat. Ausgang;2906079T;Linien Mitte;22;51;8093.6;
2026-02-27;00:00;MP4;Nat. Ausgang;2906280T;Linien Nord;25;93;5957.4;
2026-02-27;00:00;MP4;Nat. Ausgang;2906427T;Linien International;12;23;8811.7;
2026-02-27;00:00;MP4;Nat. Ausgang;2906437T;Linien International;16;42;11697.6;
2026-02-27;00:00;MP4;Nat. Ausgang;2906728T;Nachbordero;1;9;2544.0;
2026-02-27;00:00;MP4a;Sonderausgang;2894565T;NV Yeritsyan;1;1;163.0;
2026-02-27;00:00;MP4a;Sonderausgang;2896412T;Fallback;1;1;0.1;
2026-02-27;00:00;MP4a;Sonderausgang;2898015T;WAB NV - großer NV;1;1;106.0;
2026-02-27;00:00;MP4a;Sonderausgang;2898981T;NV Silagi;1;1;51.0;
2026-02-27;00:00;MP4a;Sonderausgang;2899214T;NV AS Transporte;1;2;300.0;
2026-02-27;00:00;MP4a;Sonderausgang;2900160T;NV Strauss;1;2;7.5;
2026-02-27;00:00;MP4a;Sonderausgang;2900520T;NV Ciortan;1;1;122.0;
2026-02-27;00:00;MP4a;Sonderausgang;2900581T;WAB NV - großer NV;1;3;2100.0;
2026-02-27;00:00;MP4a;Sonderausgang;2901102T;NV Silagi;1;2;935.0;
2026-02-27;00:00;MP4a;Sonderausgang;2902764T;NV Fischer;1;1;28.0;
2026-02-27;00:00;MP4a;Sonderausgang;2902765T;NV Fischer;3;11;752.0;
2026-02-27;00:00;MP4a;Sonderausgang;2902767T;NV Fischer;1;4;48.0;
2026-02-27;00:00;MP4a;Sonderausgang;2902768T;NV Fischer;4;4;1355.0;
2026-02-27;00:00;MP4a;Sonderausgang;2902774T;NV Strauss;2;2;232.6;
2026-02-27;00:00;MP4a;Sonderausgang;2902775T;NV Strauss;1;1;20.0;
2026-02-27;00:00;MP4a;Sonderausgang;2902776T;NV Strauss;1;1;191.0;
2026-02-27;00:00;MP4a;Sonderausgang;2902779T;NV Strauss;1;1;162.0;
2026-02-27;00:00;MP4a;Sonderausgang;2902780T;NV Strauss;1;1;168.0;
2026-02-27;00:00;MP4a;Sonderausgang;2902783T;NV AS Transporte;1;1;412.0;
2026-02-27;00:00;MP4a;Sonderausgang;2902790T;Fallback;2;2;190.0;
2026-02-27;00:00;MP4a;Sonderausgang;2902810T;NV Strauss;1;1;72.0;
2026-02-27;00:00;MP4a;Sonderausgang;2902811T;NV Strauss;1;1;130.0;
2026-02-27;00:00;MP4a;Sonderausgang;2902814T;NV DS Transporte;2;2;242.0;
2026-02-27;00:00;MP4a;Sonderausgang;2902821T;NV Ciortan;2;2;1125.0;
2026-02-27;00:00;MP4a;Sonderausgang;2902824T;NV AS Transporte;1;1;188.8;
2026-02-27;00:00;MP4a;Sonderausgang;2902825T;NV AS Transporte;2;2;268.0;
2026-02-27;00:00;MP4a;Sonderausgang;2902835T;NV AS Transporte;4;39;2506.0;
2026-02-27;00:00;MP4a;Sonderausgang;2902837T;NV AS Transporte;3;3;1524.0;
2026-02-27;00:00;MP4a;Sonderausgang;2902840T;NV Tiroch;3;6;2595.0;
2026-02-27;00:00;MP4a;Sonderausgang;2902841T;NV Tiroch;3;3;968.0;
2026-02-27;00:00;MP4a;Sonderausgang;2902842T;NV Tiroch;1;1;262.0;
2026-02-27;00:00;MP4a;Sonderausgang;2902843T;NV Tiroch;4;7;1854.0;
2026-02-27;00:00;MP4a;Sonderausgang;2902844T;NV Tiroch;8;30;1816.0;
2026-02-27;00:00;MP4a;Sonderausgang;2902846T;NV Tiroch;3;4;692.0;
2026-02-27;00:00;MP4a;Sonderausgang;2902847T;NV Tiroch;2;26;3015.0;
2026-02-27;00:00;MP4a;Sonderausgang;2902851T;NV AS Transporte;1;25;40.0;
2026-02-27;00:00;MP4a;Sonderausgang;2902852T;NV AS Transporte;4;4;626.0;
2026-02-27;00:00;MP4a;Sonderausgang;2902866T;NV Alexandru;2;2;1784.0;
2026-02-27;00:00;MP4a;Sonderausgang;2902868T;NV Strauss;1;16;2608.0;
2026-02-27;00:00;MP4a;Sonderausgang;2902869T;NV Strauss;1;1;123.0;
2026-02-27;00:00;MP4a;Sonderausgang;2902870T;Sonderfahrten;2;2;166.5;
2026-02-27;00:00;MP4a;Sonderausgang;2902878T;NV Bogos Transporte;1;1;162.0;
2026-02-27;00:00;MP4a;Sonderausgang;2902880T;NV Bogos Transporte;1;1;293.0;
2026-02-27;00:00;MP4a;Sonderausgang;2902882T;NV Bogos Transporte;3;6;1169.0;
2026-02-27;00:00;MP4a;Sonderausgang;2902883T;NV VP Logistik;2;17;2431.0;
2026-02-27;00:00;MP4a;Sonderausgang;2902884T;NV VP Logistik;1;1;21.0;
2026-02-27;00:00;MP4a;Sonderausgang;2902887T;NV VP Logistik;2;2;466.1;
2026-02-27;00:00;MP4a;Sonderausgang;2902892T;NV Tuncay;1;1;230.0;
2026-02-27;00:00;MP4a;Sonderausgang;2902893T;NV Guth;3;6;840.0;
2026-02-27;00:00;MP4a;Sonderausgang;2902896T;NV VP Logistik;6;6;1650.0;
2026-02-27;00:00;MP4a;Sonderausgang;2902897T;Sonderfahrten;1;4;1404.0;
2026-02-27;00:00;MP4a;Sonderausgang;2903095T;Fernverkehr AS;1;729;210600.0;
2026-02-27;00:00;MP4a;Sonderausgang;2903130T;WAB NV - großer NV;1;1;400.0;
2026-02-27;00:00;MP4a;Sonderausgang;2903135T;NV Ciortan;2;2;272.0;
2026-02-27;00:00;MP4a;Sonderausgang;2903137T;NV Ciortan;2;2;625.0;
2026-02-27;00:00;MP4a;Sonderausgang;2903139T;NV AS Transporte;5;11;1739.0;
2026-02-27;00:00;MP4a;Sonderausgang;2903142T;WAB NV - großer NV;1;121;38500.0;
2026-02-27;00:00;MP4a;Sonderausgang;2903184T;WAB NV - großer NV;1;64;47768.0;
2026-02-27;00:00;MP4a;Sonderausgang;2903196T;WAB NV - großer NV;1;1;416.9;
2026-02-27;00:00;MP4a;Sonderausgang;2903206T;WAB NV - großer NV;3;38;3779.0;
2026-02-27;00:00;MP4a;Sonderausgang;2903216T;WAB NV - großer NV;1;100;29040.0;
2026-02-27;00:00;MP4a;Sonderausgang;2903246T;WAB NV - großer NV;2;2;78.5;
2026-02-27;00:00;MP4a;Sonderausgang;2903260T;WAB NV - großer NV;1;9;7200.0;
2026-02-27;00:00;MP4a;Sonderausgang;2903312T;WAB NV - großer NV;19;522;173456.0;
2026-02-27;00:00;MP4a;Sonderausgang;2903330T;WAB NV - großer NV;1;400;76000.0;
2026-02-27;00:00;MP4a;Sonderausgang;2903358T;WAB NV - großer NV;1;4;400.0;
2026-02-27;00:00;MP4a;Sonderausgang;2903384T;WAB NV - großer NV;1;16;3606.0;
2026-02-27;00:00;MP4a;Sonderausgang;2903485T;NV Yeritsyan;2;2;212.0;
2026-02-27;00:00;MP4a;Sonderausgang;2903510T;WAB NV - großer NV;3;21;2323.0;
2026-02-27;00:00;MP4a;Sonderausgang;2903641T;NV AS Transporte;2;2;136.0;
2026-02-27;00:00;MP4a;Sonderausgang;2903643T;NV Yeritsyan;1;1;117.0;
2026-02-27;00:00;MP4a;Sonderausgang;2903655T;NV LT Trans;1;1;26.0;
2026-02-27;00:00;MP4a;Sonderausgang;2903657T;Sonderfahrten;1;1;231.0;
2026-02-27;00:00;MP4a;Sonderausgang;2903660T;NV LT Trans;1;1;462.0;
2026-02-27;00:00;MP4a;Sonderausgang;2903662T;NV Silagi;7;7;2045.0;
2026-02-27;00:00;MP4a;Sonderausgang;2903663T;NV Silagi;1;1;51.0;
2026-02-27;00:00;MP4a;Sonderausgang;2903715T;NV Silagi;5;8;3709.0;
2026-02-27;00:00;MP4a;Sonderausgang;2903716T;NV Silagi;3;3;496.0;
2026-02-27;00:00;MP4a;Sonderausgang;2903717T;Sonderfahrten;2;2;723.0;
2026-02-27;00:00;MP4a;Sonderausgang;2903931T;Direkt ab Gersthofen;2;80;12256.0;
2026-02-27;00:00;MP4a;Sonderausgang;2904046T;Direkt ab Gersthofen;1;49;19597.8;
2026-02-27;00:00;MP4a;Sonderausgang;2904103T;NV Fischer;1;1;342.0;
2026-02-27;00:00;MP4a;Sonderausgang;2904228T;NV Tuncay;1;1;172.0;
2026-02-27;00:00;MP4a;Sonderausgang;2904805T;NV Ciortan;1;1;100.0;
2026-02-27;00:00;MP4a;Sonderausgang;2904842T;WAB NV - erweitert;1;49;4428.6;
2026-02-27;00:00;MP4a;Sonderausgang;2904977T;NV Yeritsyan;1;1;302.0;
2026-02-27;00:00;MP4a;Sonderausgang;2904991T;Sonderfahrten;1;1;700.0;
2026-02-27;00:00;MP4a;Sonderausgang;2905100T;WAB NV - großer NV;12;12;939.0;
2026-02-27;00:00;MP4a;Sonderausgang;2905103T;NV Fischer;4;4;1341.0;
2026-02-27;00:00;MP4a;Sonderausgang;2905104T;NV Fischer;1;1;342.0;
2026-02-27;00:00;MP4a;Sonderausgang;2905107T;NV VP Logistik;1;1;177.0;
2026-02-27;00:00;MP4a;Sonderausgang;2905108T;NV VP Logistik;1;1;165.0;
2026-02-27;00:00;MP4a;Sonderausgang;2905109T;NV VP Logistik;1;1;121.0;
2026-02-27;00:00;MP4a;Sonderausgang;2905111T;NV Ciortan;3;3;610.0;
2026-02-27;00:00;MP4a;Sonderausgang;2905112T;NV Tiroch;1;1;81.7;
2026-02-27;00:00;MP4a;Sonderausgang;2905114T;NV Tiroch;1;4;140.0;
2026-02-27;00:00;MP4a;Sonderausgang;2905115T;NV Ciortan;2;10;2823.0;
2026-02-27;00:00;MP4a;Sonderausgang;2905116T;NV DS Transporte;1;1;30.0;
2026-02-27;00:00;MP4a;Sonderausgang;2905118T;NV Tiroch;1;18;120.0;
2026-02-27;00:00;MP4a;Sonderausgang;2905122T;WAB NV - großer NV;1;1;69.2;
2026-02-27;00:00;MP4a;Sonderausgang;2905142T;WAB NV - großer NV;1;25;3750.0;
2026-02-27;00:00;MP4a;Sonderausgang;2905144T;WAB NV - großer NV;2;10;282.0;
2026-02-27;00:00;MP4a;Sonderausgang;2905202T;WAB NV - großer NV;6;15;3358.0;
2026-02-27;00:00;MP4a;Sonderausgang;2905216T;WAB NV - großer NV;1;1;100.0;
2026-02-27;00:00;MP4a;Sonderausgang;2906804T;NV AS Transporte;1;1;620.0;
2026-02-27;00:00;MP4a;Sonderausgang;2908069T;Fallback;1;1;20.0;
2026-02-27;00:00;MP5;SE Entladung FV;;;1874;11547;1986342.1;
2026-02-27;00:00;MP7;SA Verladung FV;;;2;2;325.0;
2026-02-27;00:00;MP7;SA Verladung FV;2901539T;NV Strauss;1;1;3.0;
2026-02-27;00:00;MP7;SA Verladung FV;2902762T;NV DS Transporte;12;20;2717.1;
2026-02-27;00:00;MP7;SA Verladung FV;2902763T;NV DS Transporte;5;13;1615.0;
2026-02-27;00:00;MP7;SA Verladung FV;2902764T;NV Fischer;20;23;2882.8;
2026-02-27;00:00;MP7;SA Verladung FV;2902765T;NV Fischer;12;23;2614.7;
2026-02-27;00:00;MP7;SA Verladung FV;2902766T;NV Fischer;19;36;4292.8;
2026-02-27;00:00;MP7;SA Verladung FV;2902767T;NV Fischer;10;13;1779.0;
2026-02-27;00:00;MP7;SA Verladung FV;2902768T;NV Fischer;15;21;2215.0;
2026-02-27;00:00;MP7;SA Verladung FV;2902769T;NV DS Transporte;10;37;7944.4;
2026-02-27;00:00;MP7;SA Verladung FV;2902770T;NV DS Transporte;9;17;995.0;
2026-02-27;00:00;MP7;SA Verladung FV;2902773T;NV Strauss;12;39;3979.0;
2026-02-27;00:00;MP7;SA Verladung FV;2902774T;NV Strauss;9;20;2475.8;
2026-02-27;00:00;MP7;SA Verladung FV;2902775T;NV Strauss;10;10;259.0;
2026-02-27;00:00;MP7;SA Verladung FV;2902779T;NV Strauss;9;17;7422.0;
2026-02-27;00:00;MP7;SA Verladung FV;2902780T;NV Strauss;8;8;1323.0;
2026-02-27;00:00;MP7;SA Verladung FV;2902781T;NV DS Transporte;12;36;5465.0;
2026-02-27;00:00;MP7;SA Verladung FV;2902782T;NV DS Transporte;9;47;10655.6;
2026-02-27;00:00;MP7;SA Verladung FV;2902783T;NV AS Transporte;11;289;6231.0;
2026-02-27;00:00;MP7;SA Verladung FV;2902787T;NV Fischer;6;32;7378.0;
2026-02-27;00:00;MP7;SA Verladung FV;2902790T;Fallback;1;1;120.0;
2026-02-27;00:00;MP7;SA Verladung FV;2902808T;NV DS Transporte;8;29;7936.0;
2026-02-27;00:00;MP7;SA Verladung FV;2902809T;NV DS Transporte;9;29;6892.0;
2026-02-27;00:00;MP7;SA Verladung FV;2902810T;NV Strauss;11;31;4482.0;
2026-02-27;00:00;MP7;SA Verladung FV;2902811T;NV Strauss;8;17;2943.0;
2026-02-27;00:00;MP7;SA Verladung FV;2902812T;NV DS Transporte;15;21;1043.4;
2026-02-27;00:00;MP7;SA Verladung FV;2902813T;NV DS Transporte;7;50;9514.8;
2026-02-27;00:00;MP7;SA Verladung FV;2902814T;NV DS Transporte;10;13;2367.0;
2026-02-27;00:00;MP7;SA Verladung FV;2902816T;NV DS Transporte;15;18;3981.3;
2026-02-27;00:00;MP7;SA Verladung FV;2902818T;NV DS Transporte;11;46;1304.0;
2026-02-27;00:00;MP7;SA Verladung FV;2902821T;NV Ciortan;15;36;5161.0;
2026-02-27;00:00;MP7;SA Verladung FV;2902822T;NV Ciortan;21;44;1126.0;
2026-02-27;00:00;MP7;SA Verladung FV;2902823T;NV AS Transporte;15;27;4138.7;
2026-02-27;00:00;MP7;SA Verladung FV;2902824T;NV AS Transporte;16;34;2549.0;
2026-02-27;00:00;MP7;SA Verladung FV;2902825T;NV AS Transporte;15;32;3823.4;
2026-02-27;00:00;MP7;SA Verladung FV;2902829T;NV DS Transporte;7;34;3399.0;
2026-02-27;00:00;MP7;SA Verladung FV;2902830T;NV DS Transporte;9;72;925.7;
2026-02-27;00:00;MP7;SA Verladung FV;2902835T;NV AS Transporte;11;11;2772.4;
2026-02-27;00:00;MP7;SA Verladung FV;2902837T;NV AS Transporte;11;74;2899.0;
2026-02-27;00:00;MP7;SA Verladung FV;2902840T;NV Tiroch;10;26;6707.0;
2026-02-27;00:00;MP7;SA Verladung FV;2902841T;NV Tiroch;8;14;1719.8;
2026-02-27;00:00;MP7;SA Verladung FV;2902842T;NV Tiroch;15;21;2455.0;
2026-02-27;00:00;MP7;SA Verladung FV;2902843T;NV Tiroch;10;24;3663.0;
2026-02-27;00:00;MP7;SA Verladung FV;2902844T;NV Tiroch;8;13;936.0;
2026-02-27;00:00;MP7;SA Verladung FV;2902846T;NV Tiroch;9;86;9814.6;
2026-02-27;00:00;MP7;SA Verladung FV;2902847T;NV Tiroch;4;31;6531.5;
2026-02-27;00:00;MP7;SA Verladung FV;2902848T;DM AS-Transport;8;32;9307.0;
2026-02-27;00:00;MP7;SA Verladung FV;2902849T;DM AS-Transport;8;33;11374.0;
2026-02-27;00:00;MP7;SA Verladung FV;2902850T;DM AS-Transport;11;22;7241.0;
2026-02-27;00:00;MP7;SA Verladung FV;2902852T;NV AS Transporte;9;81;9324.0;
2026-02-27;00:00;MP7;SA Verladung FV;2902856T;DM AS-Transport;9;47;16652.0;
2026-02-27;00:00;MP7;SA Verladung FV;2902866T;NV Alexandru;9;9;1442.0;
2026-02-27;00:00;MP7;SA Verladung FV;2902868T;NV Strauss;8;17;1668.0;
2026-02-27;00:00;MP7;SA Verladung FV;2902869T;NV Strauss;10;56;4929.8;
2026-02-27;00:00;MP7;SA Verladung FV;2902870T;Sonderfahrten;12;27;817.0;
2026-02-27;00:00;MP7;SA Verladung FV;2902872T;DM AS-Transport;10;27;9969.0;
2026-02-27;00:00;MP7;SA Verladung FV;2902873T;DM AS-Transport;9;29;9011.0;
2026-02-27;00:00;MP7;SA Verladung FV;2902874T;DM AS-Transport;8;49;15857.0;
2026-02-27;00:00;MP7;SA Verladung FV;2902875T;DM AS-Transport;8;28;9961.0;
2026-02-27;00:00;MP7;SA Verladung FV;2902878T;NV Bogos Transporte;10;10;1616.1;
2026-02-27;00:00;MP7;SA Verladung FV;2902880T;NV Bogos Transporte;10;39;8006.0;
2026-02-27;00:00;MP7;SA Verladung FV;2902882T;NV Bogos Transporte;6;6;1675.0;
2026-02-27;00:00;MP7;SA Verladung FV;2902883T;NV VP Logistik;13;52;1993.0;
2026-02-27;00:00;MP7;SA Verladung FV;2902884T;NV VP Logistik;18;31;5144.0;
2026-02-27;00:00;MP7;SA Verladung FV;2902887T;NV VP Logistik;8;19;4098.0;
2026-02-27;00:00;MP7;SA Verladung FV;2902890T;NV Tuncay;7;177;6978.0;
2026-02-27;00:00;MP7;SA Verladung FV;2902892T;NV Tuncay;14;33;2611.0;
2026-02-27;00:00;MP7;SA Verladung FV;2902893T;NV Guth;10;16;1688.0;
2026-02-27;00:00;MP7;SA Verladung FV;2902894T;NV Guth;10;69;6653.0;
2026-02-27;00:00;MP7;SA Verladung FV;2902896T;NV VP Logistik;10;21;1885.0;
2026-02-27;00:00;MP7;SA Verladung FV;2902897T;Sonderfahrten;4;4;1031.0;
2026-02-27;00:00;MP7;SA Verladung FV;2902898T;NV Silagi;14;28;1772.0;
2026-02-27;00:00;MP7;SA Verladung FV;2903059T;DM AS-Transport;20;104;29339.0;
2026-02-27;00:00;MP7;SA Verladung FV;2903063T;DM AS-Transport;16;114;39038.0;
2026-02-27;00:00;MP7;SA Verladung FV;2903065T;DM AS-Transport;21;76;27162.0;
2026-02-27;00:00;MP7;SA Verladung FV;2903071T;DM AS-Transport;12;102;32250.0;
2026-02-27;00:00;MP7;SA Verladung FV;2903073T;DM AS-Transport;21;111;32481.0;
2026-02-27;00:00;MP7;SA Verladung FV;2903075T;DM AS-Transport;12;62;23135.0;
2026-02-27;00:00;MP7;SA Verladung FV;2903077T;DM AS-Transport;20;84;24828.0;
2026-02-27;00:00;MP7;SA Verladung FV;2903130T;WAB NV - großer NV;7;120;90693.0;
2026-02-27;00:00;MP7;SA Verladung FV;2903131T;NV AS Transporte;18;30;5056.8;
2026-02-27;00:00;MP7;SA Verladung FV;2903133T;NV AS Transporte;12;39;6672.0;
2026-02-27;00:00;MP7;SA Verladung FV;2903135T;NV Ciortan;19;120;18507.9;
2026-02-27;00:00;MP7;SA Verladung FV;2903137T;NV Ciortan;18;230;16341.0;
2026-02-27;00:00;MP7;SA Verladung FV;2903139T;NV AS Transporte;11;30;2524.0;
2026-02-27;00:00;MP7;SA Verladung FV;2903142T;WAB NV - großer NV;1;1;110.0;
2026-02-27;00:00;MP7;SA Verladung FV;2903174T;WAB NV - großer NV;5;1547;108974.0;
2026-02-27;00:00;MP7;SA Verladung FV;2903184T;WAB NV - großer NV;7;99;43420.0;
2026-02-27;00:00;MP7;SA Verladung FV;2903196T;WAB NV - großer NV;17;94;46468.0;
2026-02-27;00:00;MP7;SA Verladung FV;2903206T;WAB NV - großer NV;6;35;11264.0;
2026-02-27;00:00;MP7;SA Verladung FV;2903216T;WAB NV - großer NV;14;289;33712.7;
2026-02-27;00:00;MP7;SA Verladung FV;2903232T;WAB NV - großer NV;6;32;13980.7;
2026-02-27;00:00;MP7;SA Verladung FV;2903246T;WAB NV - großer NV;9;17;2147.0;
2026-02-27;00:00;MP7;SA Verladung FV;2903260T;WAB NV - großer NV;21;198;42999.9;
2026-02-27;00:00;MP7;SA Verladung FV;2903270T;WAB NV - großer NV;10;57;18216.0;
2026-02-27;00:00;MP7;SA Verladung FV;2903280T;WAB NV - großer NV;4;199;58323.0;
2026-02-27;00:00;MP7;SA Verladung FV;2903290T;WAB NV - großer NV;8;217;48997.0;
2026-02-27;00:00;MP7;SA Verladung FV;2903300T;WAB NV - großer NV;4;34;17677.0;
2026-02-27;00:00;MP7;SA Verladung FV;2903330T;WAB NV - großer NV;5;23;10787.0;
2026-02-27;00:00;MP7;SA Verladung FV;2903334T;WAB NV - großer NV;9;50;33491.2;
2026-02-27;00:00;MP7;SA Verladung FV;2903358T;WAB NV - großer NV;3;53;16117.0;
2026-02-27;00:00;MP7;SA Verladung FV;2903364T;WAB NV - großer NV;3;21;15900.0;
2026-02-27;00:00;MP7;SA Verladung FV;2903374T;WAB NV - großer NV;2;338;16488.0;
2026-02-27;00:00;MP7;SA Verladung FV;2903384T;WAB NV - großer NV;10;70;31873.0;
2026-02-27;00:00;MP7;SA Verladung FV;2903404T;WAB NV - großer NV;5;64;27555.0;
2026-02-27;00:00;MP7;SA Verladung FV;2903414T;WAB NV - großer NV;3;66;10549.0;
2026-02-27;00:00;MP7;SA Verladung FV;2903424T;Sonderfahrten;7;10;957.0;
2026-02-27;00:00;MP7;SA Verladung FV;2903471T;NV Ciortan;13;22;4196.0;
2026-02-27;00:00;MP7;SA Verladung FV;2903483T;NV Yeritsyan;17;26;4971.0;
2026-02-27;00:00;MP7;SA Verladung FV;2903484T;Sonderfahrten;5;31;5202.0;
2026-02-27;00:00;MP7;SA Verladung FV;2903485T;NV Yeritsyan;15;41;7442.3;
2026-02-27;00:00;MP7;SA Verladung FV;2903510T;WAB NV - großer NV;3;30;6031.0;
2026-02-27;00:00;MP7;SA Verladung FV;2903604T;WAB NV - großer NV;11;104;34960.1;
2026-02-27;00:00;MP7;SA Verladung FV;2903641T;NV AS Transporte;12;64;4025.0;
2026-02-27;00:00;MP7;SA Verladung FV;2903643T;NV Yeritsyan;12;37;4408.7;
2026-02-27;00:00;MP7;SA Verladung FV;2903644T;Sonderfahrten;13;19;1112.2;
2026-02-27;00:00;MP7;SA Verladung FV;2903645T;NV VP Logistik;5;5;430.0;
2026-02-27;00:00;MP7;SA Verladung FV;2903650T;NV Yeritsyan;15;15;2063.2;
2026-02-27;00:00;MP7;SA Verladung FV;2903651T;NV Yeritsyan;16;200;10480.5;
2026-02-27;00:00;MP7;SA Verladung FV;2903654T;NV Tuncay;12;18;1876.0;
2026-02-27;00:00;MP7;SA Verladung FV;2903655T;NV LT Trans;11;19;2157.0;
2026-02-27;00:00;MP7;SA Verladung FV;2903656T;NV LT Trans;13;32;4709.4;
2026-02-27;00:00;MP7;SA Verladung FV;2903657T;Sonderfahrten;5;45;5293.0;
2026-02-27;00:00;MP7;SA Verladung FV;2903659T;NV LT Trans;18;53;3202.0;
2026-02-27;00:00;MP7;SA Verladung FV;2903660T;NV LT Trans;16;28;3921.3;
2026-02-27;00:00;MP7;SA Verladung FV;2903662T;NV Silagi;9;35;4730.0;
2026-02-27;00:00;MP7;SA Verladung FV;2903663T;NV Silagi;18;119;10319.0;
2026-02-27;00:00;MP7;SA Verladung FV;2903664T;NV Ciortan;14;14;721.5;
2026-02-27;00:00;MP7;SA Verladung FV;2903665T;Sonderfahrten;9;57;8827.0;
2026-02-27;00:00;MP7;SA Verladung FV;2903715T;NV Silagi;7;15;6288.0;
2026-02-27;00:00;MP7;SA Verladung FV;2903716T;NV Silagi;14;20;2602.0;
2026-02-27;00:00;MP7;SA Verladung FV;2903717T;Sonderfahrten;8;11;3916.2;
2026-02-27;00:00;MP7;SA Verladung FV;2903718T;WAB NV - großer NV;3;11;859.0;
2026-02-27;00:00;MP7;SA Verladung FV;2903761T;NV Ciortan;2;6;1355.0;
2026-02-27;00:00;MP7;SA Verladung FV;2903926T;DM AS-Transport;8;35;12114.0;
2026-02-27;00:00;MP7;SA Verladung FV;2903927T;DM AS-Transport;10;27;9396.0;
2026-02-27;00:00;MP7;SA Verladung FV;2903928T;DM AS-Transport;3;25;10479.0;
2026-02-27;00:00;MP7;SA Verladung FV;2903991T;DM AS-Transport;12;53;16569.0;
2026-02-27;00:00;MP7;SA Verladung FV;2903993T;DM AS-Transport;19;72;22861.0;
2026-02-27;00:00;MP7;SA Verladung FV;2903997T;DM AS-Transport;24;82;24024.0;
2026-02-27;00:00;MP7;SA Verladung FV;2903999T;DM AS-Transport;26;74;19649.0;
2026-02-27;00:00;MP7;SA Verladung FV;2904009T;DM AS-Transport;20;38;12163.0;
2026-02-27;00:00;MP7;SA Verladung FV;2904020T;NV Strauss;12;45;13777.0;
2026-02-27;00:00;MP7;SA Verladung FV;2904101T;NV Fischer;1;9;138.0;
2026-02-27;00:00;MP7;SA Verladung FV;2904110T;NV Strauss;1;1;85.0;
2026-02-27;00:00;MP7;SA Verladung FV;2904121T;NV AS Transporte;1;1;63.0;
2026-02-27;00:00;MP7;SA Verladung FV;2904161T;NV AS Transporte;1;1;48.0;
2026-02-27;00:00;MP7;SA Verladung FV;2904162T;NV AS Transporte;2;5;250.0;
2026-02-27;00:00;MP7;SA Verladung FV;2904163T;NV AS Transporte;1;1;130.0;
2026-02-27;00:00;MP7;SA Verladung FV;2904175T;NV AS Transporte;1;9;400.5;
2026-02-27;00:00;MP7;SA Verladung FV;2904207T;NV Strauss;1;1;80.0;
2026-02-27;00:00;MP7;SA Verladung FV;2904208T;Sonderfahrten;1;4;120.0;
2026-02-27;00:00;MP7;SA Verladung FV;2904223T;NV VP Logistik;2;2;305.0;
2026-02-27;00:00;MP7;SA Verladung FV;2904230T;NV Tuncay;2;2;180.0;
2026-02-27;00:00;MP7;SA Verladung FV;2904231T;NV Guth;3;11;362.0;
2026-02-27;00:00;MP7;SA Verladung FV;2904232T;NV Guth;1;1;315.0;
2026-02-27;00:00;MP7;SA Verladung FV;2904469T;NV AS Transporte;1;1;592.0;
2026-02-27;00:00;MP7;SA Verladung FV;2904471T;NV Ciortan;1;1;45.0;
2026-02-27;00:00;MP7;SA Verladung FV;2904486T;WAB NV - großer NV;14;73;11370.0;
2026-02-27;00:00;MP7;SA Verladung FV;2904508T;WAB NV - großer NV;6;9;1285.0;
2026-02-27;00:00;MP7;SA Verladung FV;2904530T;WAB NV - großer NV;3;12;1089.0;
2026-02-27;00:00;MP7;SA Verladung FV;2904594T;WAB NV - großer NV;1;36;10908.0;
2026-02-27;00:00;MP7;SA Verladung FV;2904624T;WAB NV - großer NV;1;25;6216.5;
2026-02-27;00:00;MP7;SA Verladung FV;2904634T;WAB NV - großer NV;8;19;1700.0;
2026-02-27;00:00;MP7;SA Verladung FV;2904805T;NV Ciortan;2;2;921.0;
2026-02-27;00:00;MP7;SA Verladung FV;2904817T;NV Yeritsyan;2;17;198.0;
2026-02-27;00:00;MP7;SA Verladung FV;2904819T;NV Yeritsyan;1;2;63.0;
2026-02-27;00:00;MP7;SA Verladung FV;2904978T;Sonderfahrten;1;1;153.0;
2026-02-27;00:00;MP7;SA Verladung FV;2904985T;NV Yeritsyan;1;1;135.0;
2026-02-27;00:00;MP7;SA Verladung FV;2904993T;NV LT Trans;1;1;2.0;
2026-02-27;00:00;MP7;SA Verladung FV;2904996T;NV Silagi;1;1;209.0;
2026-02-27;00:00;MP7;SA Verladung FV;2904998T;Sonderfahrten;1;1;200.0;
2026-02-27;00:00;MP7;SA Verladung FV;2905045T;WAB NV - großer NV;3;83;7841.0;
2026-02-27;00:00;MP7;SA Verladung FV;2905099T;NV AS Transporte;8;11;608.9;
2026-02-27;00:00;MP7;SA Verladung FV;2905100T;WAB NV - großer NV;1;50;18310.0;
2026-02-27;00:00;MP7;SA Verladung FV;2905103T;NV Fischer;8;11;3941.0;
2026-02-27;00:00;MP7;SA Verladung FV;2905104T;NV Fischer;9;62;14711.0;
2026-02-27;00:00;MP7;SA Verladung FV;2905106T;NV VP Logistik;7;18;9199.0;
2026-02-27;00:00;MP7;SA Verladung FV;2905107T;NV VP Logistik;5;11;481.4;
2026-02-27;00:00;MP7;SA Verladung FV;2905108T;NV VP Logistik;5;5;389.0;
2026-02-27;00:00;MP7;SA Verladung FV;2905109T;NV VP Logistik;2;8;1544.0;
2026-02-27;00:00;MP7;SA Verladung FV;2905111T;NV Ciortan;15;45;5924.0;
2026-02-27;00:00;MP7;SA Verladung FV;2905112T;NV Tiroch;7;15;2651.0;
2026-02-27;00:00;MP7;SA Verladung FV;2905113T;NV Tiroch;9;20;2399.0;
2026-02-27;00:00;MP7;SA Verladung FV;2905114T;NV Tiroch;5;8;710.0;
2026-02-27;00:00;MP7;SA Verladung FV;2905115T;NV Ciortan;8;8;1677.9;
2026-02-27;00:00;MP7;SA Verladung FV;2905116T;NV DS Transporte;10;13;650.0;
2026-02-27;00:00;MP7;SA Verladung FV;2905117T;NV DS Transporte;6;6;365.5;
2026-02-27;00:00;MP7;SA Verladung FV;2905118T;NV Tiroch;8;67;3142.0;
2026-02-27;00:00;MP7;SA Verladung FV;2905119T;NV AS Transporte;13;36;3009.6;
2026-02-27;00:00;MP7;SA Verladung FV;2905120T;NV VP Logistik;1;1;530.0;
2026-02-27;00:00;MP7;SA Verladung FV;2905122T;WAB NV - großer NV;12;18;2792.0;
2026-02-27;00:00;MP7;SA Verladung FV;2905138T;DM AS-Transport;8;524;158855.0;
2026-02-27;00:00;MP7;SA Verladung FV;2905142T;WAB NV - großer NV;4;31;1674.0;
2026-02-27;00:00;MP7;SA Verladung FV;2905153T;WAB NV - großer NV;4;15;6833.0;
2026-02-27;00:00;MP7;SA Verladung FV;2905202T;WAB NV - großer NV;8;121;26394.0;
2026-02-27;00:00;MP7;SA Verladung FV;2905216T;WAB NV - großer NV;2;3;94.0;
2026-02-27;00:00;MP7;SA Verladung FV;2905251T;WAB NV - großer NV;1;81;17397.0;
2026-02-27;00:00;MP7;SA Verladung FV;2905254T;DM AS-Transport;14;79;23219.0;
2026-02-27;00:00;MP7;SA Verladung FV;2905421T;NV Ciortan;2;2;424.0;
2026-02-27;00:00;MP7;SA Verladung FV;2905449T;NV Tiroch;1;1;30.0;
2026-02-27;00:00;MP7;SA Verladung FV;2905754T;WAB NV - großer NV;2;17;1944.0;
2026-02-27;00:00;MP7;SA Verladung FV;2905828T;WAB NV - großer NV;5;40;4677.0;
2026-02-27;00:00;MP7;SA Verladung FV;2906073T;NV Ciortan;2;2;70.0;
2026-02-27;00:00;MP7;SA Verladung FV;2906243T;NV AS Transporte;1;16;2476.0;
2026-02-27;00:00;MP7;SA Verladung FV;2906366T;NV AS Transporte;2;2;231.0;
2026-02-27;00:00;MP7;SA Verladung FV;2906367T;NV AS Transporte;2;2;71.0;
2026-02-27;00:00;MP7;SA Verladung FV;2906370T;NV Fischer;1;1;61.0;
2026-02-27;00:00;MP7;SA Verladung FV;2906373T;NV Ciortan;2;2;205.0;
2026-02-27;00:00;MP7;SA Verladung FV;2906428T;WAB NV - großer NV;1;25;10000.0;
2026-02-27;00:00;MP7;SA Verladung FV;2907811T;WAB NV - großer NV;1;1;160.0;
2026-02-27;00:00;MP7;SA Verladung FV;2908461T;WAB NV - großer NV;1;1;88.0;
2026-02-27;00:00;MP9a;Sonderscan;;;16;21;1591.6;
2026-02-27;00:00;MP9b;NV Eingang;;;523;1993;277183.6;
2026-02-28;00:00;MP2;Nat. Eingang;;;4;12;3525.0;
2026-02-28;00:00;MP5;SE Entladung FV;;;373;1404;260316.5;
2026-02-28;00:00;MP7;SA Verladung FV;2903992T;DM AS-Transport;20;106;30945.0;
2026-02-28;00:00;MP7;SA Verladung FV;2903995T;DM AS-Transport;26;53;15214.0;
2026-02-28;00:00;MP7;SA Verladung FV;2904011T;DM AS-Transport;21;68;21779.0;
2026-02-28;00:00;MP7;SA Verladung FV;2904021T;NV Strauss;10;39;13064.0;
